run_id,condition_index,repetition,seed,rule_policy,rule_identity,rule_habit,rule_neighbors,rule_engagement,rule_indifference,rule_alienation,rule_cross_pressure,mean_margin,control_change_rate,party_gap,turnout_rate,switch_rate,mean_voter_ideology
0,0,0,18402749602203652153,True,True,True,True,True,True,True,True,4.711704771803594,45.45454545454545,0.02,40.6,0.0,0.00018459077159394246
1,0,1,13808986468414001814,True,True,True,True,True,True,True,True,4.588200783575197,42.42424242424242,0.020000000000000004,47.6,0.0,-0.01045574364140712
2,0,2,10116586503037744457,True,True,True,True,True,True,True,True,3.8556747196412755,46.464646464646464,0.02,45.4,0.0,-0.00027480402061770423
3,0,3,17938835419667548604,True,True,True,True,True,True,True,True,5.385401415315582,41.41414141414141,0.02,41.6,0.0,0.006618179960408897
4,0,4,7060503153476306114,True,True,True,True,True,True,True,True,3.6364790741198334,47.474747474747474,0.020000000000000004,45.0,0.0,0.03907972529438561
5,0,5,16568399588521534032,True,True,True,True,True,True,True,True,4.413023132758136,42.42424242424242,0.020000000000000004,46.8,0.0,-0.03841188166083487
6,0,6,18090256421956235832,True,True,True,True,True,True,True,True,5.109539571837013,36.36363636363637,0.020000000000000004,45.4,0.0,-0.021594263594010905
7,0,7,6500944186947592735,True,True,True,True,True,True,True,True,4.286750526785943,47.474747474747474,0.019999999999999997,46.4,0.0,0.05299854459299065
8,0,8,5271768069377481754,True,True,True,True,True,True,True,True,3.8740068732512007,52.525252525252526,0.02,39.6,0.0,0.0012931654477242773
9,0,9,2006604973784634265,True,True,True,True,True,True,True,True,8.024380238547693,13.131313131313131,0.020000000000000004,41.4,0.0,0.028931817164361013
10,1,0,8549157227298285522,True,True,True,True,True,True,True,False,3.688028743500539,51.515151515151516,0.019999999999999997,42.0,0.0,0.034421194139164425
11,1,1,17819892903415314076,True,True,True,True,True,True,True,False,3.9870420038686767,43.43434343434343,0.02,44.2,0.0,-0.0008047894882334796
12,1,2,6364443465828727048,True,True,True,True,True,True,True,False,4.309449321989055,52.525252525252526,0.020000000000000004,45.6,0.0,0.008316650358292548
13,1,3,17862945032103662374,True,True,True,True,True,True,True,False,5.025459044071999,36.36363636363637,0.019999999999999997,45.0,0.0,0.02307172495313129
14,1,4,8942915744595678601,True,True,True,True,True,True,True,False,4.963508760886917,49.494949494949495,0.019999999999999997,42.2,0.0,-0.021234807607844908
15,1,5,7347863971886010909,True,True,True,True,True,True,True,False,4.763837946038796,35.35353535353536,0.019999999999999997,42.4,0.0,-0.02261887156885308
16,1,6,709215631201525422,True,True,True,True,True,True,True,False,4.6839417652236195,49.494949494949495,0.020000000000000004,46.8,0.0,-0.03540807550115863
17,1,7,8965320495098489664,True,True,True,True,True,True,True,False,4.298058930323023,56.56565656565657,0.020000000000000004,41.6,0.0,-0.028207118123168798
18,1,8,10497397459611048065,True,True,True,True,True,True,True,False,4.707394746780825,34.343434343434346,0.020000000000000004,45.4,0.0,-0.04260085968796632
19,1,9,5741987633286171860,True,True,True,True,True,True,True,False,5.22220924227509,44.44444444444444,0.019999999999999997,43.6,0.0,-0.020132352386789138
20,2,0,4155790647435686321,True,True,True,True,True,True,False,True,4.2318521633770585,54.54545454545455,0.020000000000000004,42.2,0.0,-0.026424452220898672
21,2,1,1302171993514254698,True,True,True,True,True,True,False,True,5.362352468538208,38.38383838383838,0.020000000000000004,44.2,0.0,-0.03051930219552758
22,2,2,11857022734734587972,True,True,True,True,True,True,False,True,5.21422668590143,43.43434343434343,0.020000000000000004,42.2,0.0,-0.017392801949112587
23,2,3,17512683940038534200,True,True,True,True,True,True,False,True,4.167575315514958,45.45454545454545,0.020000000000000004,46.6,0.0,-0.011598672927905024
24,2,4,792168699544626072,True,True,True,True,True,True,False,True,3.9711772727447485,57.57575757575758,0.02,42.2,0.0,0.015305628829553353
25,2,5,11598702600460565652,True,True,True,True,True,True,False,True,5.842558128592669,35.35353535353536,0.020000000000000004,44.0,0.0,0.028560259983923645
26,2,6,13559265507446260268,True,True,True,True,True,True,False,True,4.783324505109447,37.37373737373738,0.02,45.4,0.0,0.0005381682826112363
27,2,7,10465451002891458374,True,True,True,True,True,True,False,True,4.14021203662851,40.4040404040404,0.019999999999999997,45.6,0.0,0.009418295629018601
28,2,8,1655319314680752938,True,True,True,True,True,True,False,True,3.8693676269241233,51.515151515151516,0.019999999999999997,42.2,0.0,0.027140726247599105
29,2,9,11724536325231161156,True,True,True,True,True,True,False,True,4.5072067942114185,48.484848484848484,0.020000000000000004,40.0,0.0,0.04621117640436526
30,3,0,8053210096387026896,True,True,True,True,True,True,False,False,7.25944681366996,24.242424242424242,0.019999999999999997,44.6,0.0,0.05368614215303196
31,3,1,10655495520655556436,True,True,True,True,True,True,False,False,3.8905566705741874,51.515151515151516,0.02,45.6,0.0,0.012616877436297422
32,3,2,9904610584844573083,True,True,True,True,True,True,False,False,4.358301455646334,51.515151515151516,0.02,39.4,0.0,0.0008922129500346135
33,3,3,4303397526913767443,True,True,True,True,True,True,False,False,5.322210309803439,32.323232323232325,0.02,43.0,0.0,0.0010821392955251527
34,3,4,10631180196865157691,True,True,True,True,True,True,False,False,3.6235945221931543,46.464646464646464,0.02,44.4,0.0,-0.003622160656154775
35,3,5,2066679233980803483,True,True,True,True,True,True,False,False,3.809505053984133,46.464646464646464,0.020000000000000004,44.8,0.0,-0.04071238334645369
36,3,6,440753054018922954,True,True,True,True,True,True,False,False,3.9606594972904547,49.494949494949495,0.02,41.8,0.0,0.014307651616607192
37,3,7,2509458898000412876,True,True,True,True,True,True,False,False,4.813580370791274,47.474747474747474,0.020000000000000004,44.2,0.0,-0.007144361221507237
38,3,8,8848217428589277260,True,True,True,True,True,True,False,False,4.181310788813156,45.45454545454545,0.02,44.6,0.0,0.0017316224890709
39,3,9,11006788599861831513,True,True,True,True,True,True,False,False,4.08311618909209,41.41414141414141,0.020000000000000004,43.6,0.0,0.03451013395931385
40,4,0,2164664195095254506,True,True,True,True,True,False,True,True,3.8904926710369465,36.36363636363637,0.020000000000000004,51.8,0.0,0.04015148966675247
41,4,1,9882612895554826377,True,True,True,True,True,False,True,True,3.661306293951903,42.42424242424242,0.02,56.6,0.0,0.0021032750598863332
42,4,2,8101908477661534132,True,True,True,True,True,False,True,True,4.122930274453991,42.42424242424242,0.02,51.8,0.0,-0.002955005634677669
43,4,3,15746211412080022513,True,True,True,True,True,False,True,True,3.443264090437253,45.45454545454545,0.020000000000000004,57.2,0.0,-0.018371150306034634
44,4,4,9994985750895263302,True,True,True,True,True,False,True,True,3.2963502235793123,54.54545454545455,0.019999999999999997,57.4,0.0,0.008028829362005076
45,4,5,6490197761713282024,True,True,True,True,True,False,True,True,3.079549762928208,50.505050505050505,0.019999999999999997,54.2,0.0,-0.02417750619762252
46,4,6,14380750519882908218,True,True,True,True,True,False,True,True,3.5852013575603676,47.474747474747474,0.019999999999999997,56.8,0.0,-0.019837023585052287
47,4,7,9636804809407421694,True,True,True,True,True,False,True,True,4.192090553431126,45.45454545454545,0.02,53.0,0.0,-0.013611778434436254
48,4,8,8467306073981973094,True,True,True,True,True,False,True,True,3.99841988275882,34.343434343434346,0.02,56.6,0.0,0.009894922397790246
49,4,9,17904900298365364238,True,True,True,True,True,False,True,True,3.687680811456455,38.38383838383838,0.020000000000000004,58.8,0.0,0.02242548563020481
50,5,0,13087503490258137846,True,True,True,True,True,False,True,False,3.109699379849949,39.39393939393939,0.020000000000000004,56.2,0.0,0.01919081012658211
51,5,1,7501536013274468442,True,True,True,True,True,False,True,False,3.52825341308789,50.505050505050505,0.02,53.0,0.0,0.0006974571574752412
52,5,2,17797016293247597116,True,True,True,True,True,False,True,False,3.4775272424136983,45.45454545454545,0.02,55.4,0.0,-0.004717132866386711
53,5,3,14590936352739134514,True,True,True,True,True,False,True,False,3.520020003370265,35.35353535353536,0.020000000000000004,57.6,0.0,0.03407687520798493
54,5,4,6862419106532725516,True,True,True,True,True,False,True,False,4.549732791348349,32.323232323232325,0.020000000000000004,58.6,0.0,-0.026533157092733944
55,5,5,8014182629609012547,True,True,True,True,True,False,True,False,3.490389987090497,47.474747474747474,0.019999999999999997,54.6,0.0,0.005959766643021291
56,5,6,17975047340040693422,True,True,True,True,True,False,True,False,2.931229449862259,48.484848484848484,0.019999999999999997,53.4,0.0,-0.0079230128399125
57,5,7,2526812524552602065,True,True,True,True,True,False,True,False,3.5244527912804657,40.4040404040404,0.020000000000000004,54.2,0.0,0.015233984761417447
58,5,8,2318361973073805590,True,True,True,True,True,False,True,False,3.333342056607535,52.525252525252526,0.019999999999999997,55.4,0.0,0.007144012777770332
59,5,9,8668831289319233106,True,True,True,True,True,False,True,False,3.2706023362191257,41.41414141414141,0.02,58.2,0.0,0.00952509316919522
60,6,0,14431918928293134222,True,True,True,True,True,False,False,True,4.936657071891625,30.303030303030305,0.020000000000000004,56.4,0.0,0.013079671457587299
61,6,1,4662019071424517467,True,True,True,True,True,False,False,True,3.652729726368683,43.43434343434343,0.02,58.0,0.0,0.012109180028029352
62,6,2,10613998446837456143,True,True,True,True,True,False,False,True,4.040037599176638,39.39393939393939,0.019999999999999997,54.2,0.0,-0.004721426697540435
63,6,3,5627091141002313359,True,True,True,True,True,False,False,True,3.477472432953801,44.44444444444444,0.020000000000000004,55.2,0.0,0.026411017364382356
64,6,4,18254523897983272782,True,True,True,True,True,False,False,True,3.6054746222617284,47.474747474747474,0.020000000000000004,54.0,0.0,0.01592232355240107
65,6,5,6580821875096420772,True,True,True,True,True,False,False,True,3.068005209478096,41.41414141414141,0.020000000000000004,59.6,0.0,-0.040016159817384295
66,6,6,16679689409514091203,True,True,True,True,True,False,False,True,4.7494040631737064,29.292929292929294,0.02,54.2,0.0,-0.019998117560878447
67,6,7,5000325823850477628,True,True,True,True,True,False,False,True,4.435468054789404,30.303030303030305,0.02,55.8,0.0,0.009439361584510418
68,6,8,8827375116792364567,True,True,True,True,True,False,False,True,3.3031282745129227,51.515151515151516,0.02,54.0,0.0,0.006132930661077097
69,6,9,4761440514263314321,True,True,True,True,True,False,False,True,3.246300274465182,55.55555555555556,0.02,54.0,0.0,-0.00967835535682211
70,7,0,4649479782226294014,True,True,True,True,True,False,False,False,5.192382731490304,18.181818181818183,0.02,56.2,0.0,0.0011200506572821337
71,7,1,5844390551421923422,True,True,True,True,True,False,False,False,5.925066004855421,14.141414141414142,0.019999999999999997,55.8,0.0,0.023829418431574753
72,7,2,11991016868097401390,True,True,True,True,True,False,False,False,3.6112639411996055,46.464646464646464,0.02,54.2,0.0,0.0039968032320199095
73,7,3,4314987696856636963,True,True,True,True,True,False,False,False,5.018122356551864,26.262626262626263,0.02,54.0,0.0,0.009163775050186966
74,7,4,14671872792651078450,True,True,True,True,True,False,False,False,3.8057441643359184,35.35353535353536,0.019999999999999997,53.4,0.0,-0.05527537875178967
75,7,5,3541253604825992940,True,True,True,True,True,False,False,False,3.49162371870471,44.44444444444444,0.020000000000000004,55.0,0.0,-0.017534094367843
76,7,6,12929983155939840171,True,True,True,True,True,False,False,False,3.196280922465775,52.525252525252526,0.019999999999999997,56.2,0.0,-0.017990140633403748
77,7,7,6881260385396976840,True,True,True,True,True,False,False,False,4.025881383868339,45.45454545454545,0.02,56.4,0.0,-0.0003410723954329865
78,7,8,986696458800254528,True,True,True,True,True,False,False,False,4.3944078644382305,32.323232323232325,0.020000000000000004,55.2,0.0,0.027960300409864927
79,7,9,9511987160317660280,True,True,True,True,True,False,False,False,3.9958128593111812,37.37373737373738,0.02,56.4,0.0,0.00582577957686496
80,8,0,13182684994270760514,True,True,True,True,False,True,True,True,4.55178622302709,56.56565656565657,0.020000000000000004,41.2,0.0,0.02938380349572846
81,8,1,17497369085471242771,True,True,True,True,False,True,True,True,4.554304639874556,52.525252525252526,0.019999999999999997,41.4,0.0,-0.021308953767839704
82,8,2,16142688563249650437,True,True,True,True,False,True,True,True,4.719842762030525,43.43434343434343,0.019999999999999997,43.4,0.0,0.0132430814473549
83,8,3,8443789836193380125,True,True,True,True,False,True,True,True,6.070434398656679,23.232323232323232,0.020000000000000004,40.8,0.0,0.045000081160707264
84,8,4,13145474581219769686,True,True,True,True,False,True,True,True,4.053823626777568,56.56565656565657,0.020000000000000004,45.2,0.0,-0.011339742464705047
85,8,5,4604703871368151028,True,True,True,True,False,True,True,True,4.869145591238051,40.4040404040404,0.020000000000000004,42.6,0.0,0.05016245994684125
86,8,6,14067409057729023322,True,True,True,True,False,True,True,True,4.077525862369556,56.56565656565657,0.019999999999999997,44.8,0.0,-0.008341669491834493
87,8,7,10758974716298792651,True,True,True,True,False,True,True,True,7.056308261534254,11.11111111111111,0.020000000000000004,44.6,0.0,0.0068674893429029014
88,8,8,5887328138672343569,True,True,True,True,False,True,True,True,4.591621372433761,52.525252525252526,0.019999999999999997,50.2,0.0,-0.01196748017307976
89,8,9,14384507004093180077,True,True,True,True,False,True,True,True,7.011693332313422,21.21212121212121,0.02,41.6,0.0,0.0016081938641849963
90,9,0,11966550756878304246,True,True,True,True,False,True,True,False,4.460862283024531,48.484848484848484,0.019999999999999997,39.8,0.0,0.010102718123752833
91,9,1,8263427643908703571,True,True,True,True,False,True,True,False,7.126013825866454,20.2020202020202,0.019999999999999997,42.0,0.0,0.021103973054807275
92,9,2,2522221857488168668,True,True,True,True,False,True,True,False,4.384732902040906,44.44444444444444,0.020000000000000004,38.8,0.0,0.029231973353779254
93,9,3,6109712612164009920,True,True,True,True,False,True,True,False,4.524239526965385,51.515151515151516,0.019999999999999997,38.0,0.0,-0.021556058733424633
94,9,4,2028058598902513421,True,True,True,True,False,True,True,False,4.194384526207617,47.474747474747474,0.02,40.4,0.0,0.012105153241398344
95,9,5,18070655103028779026,True,True,True,True,False,True,True,False,4.14836249907008,41.41414141414141,0.020000000000000004,41.0,0.0,-0.034679131447764175
96,9,6,17296021371035898062,True,True,True,True,False,True,True,False,5.59088435214123,32.323232323232325,0.020000000000000004,43.6,0.0,-0.023263331618497567
97,9,7,12833603396820638724,True,True,True,True,False,True,True,False,5.87807105387742,18.181818181818183,0.020000000000000004,39.0,0.0,-0.015395562457974875
98,9,8,6325309183120637838,True,True,True,True,False,True,True,False,6.130302321479369,24.242424242424242,0.019999999999999997,38.0,0.0,-0.06181834163043842
99,9,9,15821691148133065416,True,True,True,True,False,True,True,False,3.812651901470896,51.515151515151516,0.019999999999999997,45.8,0.0,0.011884509839556565
100,10,0,11461019204192818692,True,True,True,True,False,True,False,True,4.391388878952987,56.56565656565657,0.02,42.8,0.0,-0.00549706015882321
101,10,1,18002059165070399312,True,True,True,True,False,True,False,True,4.06336581388629,49.494949494949495,0.020000000000000004,40.4,0.0,0.018408746167753055
102,10,2,12142876964362080882,True,True,True,True,False,True,False,True,6.243419299380633,26.262626262626263,0.020000000000000004,43.0,0.0,-0.05018778877994254
103,10,3,2461935129382136199,True,True,True,True,False,True,False,True,4.922962326820034,55.55555555555556,0.019999999999999997,38.8,0.0,-0.010718828860085728
104,10,4,10808887917043121414,True,True,True,True,False,True,False,True,4.071837322764471,47.474747474747474,0.02,43.6,0.0,-0.0075974077460266845
105,10,5,18149300661389745951,True,True,True,True,False,True,False,True,4.419629923923754,36.36363636363637,0.02,46.8,0.0,0.0038218922329791532
106,10,6,15772927629628026002,True,True,True,True,False,True,False,True,6.1220955267665795,18.181818181818183,0.02,43.6,0.0,-0.004787512616817269
107,10,7,4770103864057803179,True,True,True,True,False,True,False,True,4.43357270056832,41.41414141414141,0.019999999999999997,42.6,0.0,0.02241076086890141
108,10,8,12761585724372939981,True,True,True,True,False,True,False,True,4.462172869147983,53.535353535353536,0.02,42.2,0.0,0.0037144516241758747
109,10,9,3766445265493253168,True,True,True,True,False,True,False,True,4.78457913391989,36.36363636363637,0.020000000000000004,42.0,0.0,-0.04575093114642605
110,11,0,9356439332153192948,True,True,True,True,False,True,False,False,4.33503376979656,49.494949494949495,0.02,46.2,0.0,0.010648673075673874
111,11,1,14456035742975515268,True,True,True,True,False,True,False,False,3.4935118592955323,51.515151515151516,0.02,43.4,0.0,0.002968469824416768
112,11,2,2562757615628570934,True,True,True,True,False,True,False,False,4.61749144752923,48.484848484848484,0.02,43.0,0.0,0.007172310685175125
113,11,3,16633016407309990851,True,True,True,True,False,True,False,False,4.170711929392785,34.343434343434346,0.02,40.6,0.0,0.005400926540664187
114,11,4,15557843267793863574,True,True,True,True,False,True,False,False,4.496981600453442,52.525252525252526,0.019999999999999997,42.8,0.0,0.01707683352977561
115,11,5,13774002591901405648,True,True,True,True,False,True,False,False,4.780122965734281,30.303030303030305,0.020000000000000004,42.4,0.0,-0.011462643364112313
116,11,6,16072834732045810525,True,True,True,True,False,True,False,False,4.845091823898155,44.44444444444444,0.02,43.0,0.0,0.004546369649073681
117,11,7,7671417155738784627,True,True,True,True,False,True,False,False,4.041290754091953,52.525252525252526,0.020000000000000004,43.2,0.0,-0.01162055643355
118,11,8,6229778638932050950,True,True,True,True,False,True,False,False,4.8682158903665655,42.42424242424242,0.020000000000000004,41.8,0.0,-0.015962328447604562
119,11,9,4071234822802519213,True,True,True,True,False,True,False,False,3.946384330785262,45.45454545454545,0.02,45.2,0.0,-0.00803627540920845
120,12,0,14144982686092207667,True,True,True,True,False,False,True,True,3.890976023586761,52.525252525252526,0.020000000000000004,57.2,0.0,-0.01911226507545575
121,12,1,2233429160994791488,True,True,True,True,False,False,True,True,4.695321151900093,31.31313131313131,0.019999999999999997,54.8,0.0,-0.016518617901626727
122,12,2,17956255561573908039,True,True,True,True,False,False,True,True,4.176014039465943,36.36363636363637,0.02,54.2,0.0,0.015255685573421204
123,12,3,4375901905356782836,True,True,True,True,False,False,True,True,5.0396527531814375,28.282828282828284,0.020000000000000004,58.2,0.0,0.028638283907165125
124,12,4,17261420801594107949,True,True,True,True,False,False,True,True,3.5692957881509777,42.42424242424242,0.020000000000000004,53.4,0.0,-0.03185916240662691
125,12,5,4324354792618486536,True,True,True,True,False,False,True,True,3.735813648612931,43.43434343434343,0.02,54.4,0.0,-0.007617462970131317
126,12,6,2037671924082947936,True,True,True,True,False,False,True,True,4.0843948509051495,35.35353535353536,0.02,54.2,0.0,-0.013752851162201303
127,12,7,557049966988806392,True,True,True,True,False,False,True,True,4.51574443917916,29.292929292929294,0.019999999999999997,53.6,0.0,-0.01265312884683758
128,12,8,11794456563241971447,True,True,True,True,False,False,True,True,4.619647385436036,36.36363636363637,0.020000000000000004,55.4,0.0,-0.020192828929843563
129,12,9,14133588653046323822,True,True,True,True,False,False,True,True,3.1961620530682273,48.484848484848484,0.02,54.6,0.0,-0.010569380333791007
130,13,0,10747197668628635506,True,True,True,True,False,False,True,False,4.557636385396287,24.242424242424242,0.020000000000000004,56.0,0.0,0.031245417646872914
131,13,1,237022284039444601,True,True,True,True,False,False,True,False,4.903669948011957,25.252525252525253,0.02,55.6,0.0,0.0031037229997924478
132,13,2,6656398683756426235,True,True,True,True,False,False,True,False,3.435572857832869,42.42424242424242,0.02,55.6,0.0,0.003548670835910246
133,13,3,8066259672526168957,True,True,True,True,False,False,True,False,3.3507230563613466,39.39393939393939,0.019999999999999997,53.4,0.0,-0.01822006039246487
134,13,4,16558694422233376504,True,True,True,True,False,False,True,False,3.953459745792661,52.525252525252526,0.020000000000000004,52.2,0.0,0.020128736898865376
135,13,5,16581591031739219901,True,True,True,True,False,False,True,False,3.417811731633268,41.41414141414141,0.019999999999999997,52.0,0.0,0.020004362205836828
136,13,6,13410167559085442510,True,True,True,True,False,False,True,False,3.289029904203385,42.42424242424242,0.020000000000000004,52.4,0.0,0.03205194170137386
137,13,7,17325606712393914814,True,True,True,True,False,False,True,False,3.522235596155519,41.41414141414141,0.020000000000000004,52.6,0.0,0.012225067857927086
138,13,8,10325290074085854898,True,True,True,True,False,False,True,False,4.216948016270262,41.41414141414141,0.020000000000000004,55.2,0.0,-0.02318788130724909
139,13,9,1750392820833064552,True,True,True,True,False,False,True,False,3.3042053564222833,41.41414141414141,0.020000000000000004,53.6,0.0,-0.04106721596204271
140,14,0,4545674758700200247,True,True,True,True,False,False,False,True,3.1666192921673555,53.535353535353536,0.020000000000000004,53.8,0.0,-0.038966532196257814
141,14,1,15100928595818884257,True,True,True,True,False,False,False,True,3.426429542672458,39.39393939393939,0.020000000000000004,56.6,0.0,0.01294432803388958
142,14,2,7556415753276951465,True,True,True,True,False,False,False,True,5.701550619067948,17.171717171717173,0.020000000000000004,55.4,0.0,-0.03155505974327694
143,14,3,11600227935212573124,True,True,True,True,False,False,False,True,4.419706767836934,40.4040404040404,0.02,52.4,0.0,0.004804521758349491
144,14,4,3099784941335987845,True,True,True,True,False,False,False,True,4.71362523882369,22.22222222222222,0.020000000000000004,51.8,0.0,0.04939529778980476
145,14,5,16087583940105321373,True,True,True,True,False,False,False,True,3.727714119558401,48.484848484848484,0.019999999999999997,57.8,0.0,-0.014286675776721759
146,14,6,2869849097340617412,True,True,True,True,False,False,False,True,2.895037742886531,50.505050505050505,0.02,55.4,0.0,-9.802550508577367e-05
147,14,7,5112556619514117297,True,True,True,True,False,False,False,True,3.6682280037133084,40.4040404040404,0.020000000000000004,54.8,0.0,-0.024412898104473828
148,14,8,4036050958779290877,True,True,True,True,False,False,False,True,4.7295978731607216,25.252525252525253,0.020000000000000004,60.6,0.0,0.03934101258304751
149,14,9,4541768881526946342,True,True,True,True,False,False,False,True,3.6799391339099645,37.37373737373738,0.02,51.4,0.0,-0.009414916819940672
150,15,0,5785672570579635025,True,True,True,True,False,False,False,False,3.7843670611861957,40.4040404040404,0.019999999999999997,57.6,0.0,0.022199126597635243
151,15,1,11291116105228561017,True,True,True,True,False,False,False,False,4.081528655544802,28.282828282828284,0.020000000000000004,52.8,0.0,2.1996707327560537e-05
152,15,2,1279604746805987519,True,True,True,True,False,False,False,False,4.482609700377175,34.343434343434346,0.020000000000000004,58.6,0.0,-0.012991119737026451
153,15,3,2250209325576886836,True,True,True,True,False,False,False,False,3.082650565059757,49.494949494949495,0.02,56.2,0.0,0.0020208506442565763
154,15,4,16177653777175231743,True,True,True,True,False,False,False,False,5.738348938135788,15.151515151515152,0.020000000000000004,53.6,0.0,-0.02126098303706511
155,15,5,1217517230346578878,True,True,True,True,False,False,False,False,4.34497637001088,44.44444444444444,0.019999999999999997,56.2,0.0,0.012655605852526881
156,15,6,11293283056338558513,True,True,True,True,False,False,False,False,3.69400085523778,33.333333333333336,0.020000000000000004,53.8,0.0,-0.008424505987374093
157,15,7,3409622982464543205,True,True,True,True,False,False,False,False,3.270093244572654,46.464646464646464,0.02,55.6,0.0,-0.0037902937969905
158,15,8,17574631016349145461,True,True,True,True,False,False,False,False,3.577981326757437,48.484848484848484,0.019999999999999997,53.6,0.0,0.010764712890387086
159,15,9,16476358660498184445,True,True,True,True,False,False,False,False,3.9600611889693136,46.464646464646464,0.020000000000000004,51.6,0.0,-0.012909488519833161
160,16,0,14621388145823126559,True,True,True,False,True,True,True,True,4.017639123849916,46.464646464646464,0.02,41.8,0.0,0.004026553238856239
161,16,1,3933414652342700142,True,True,True,False,True,True,True,True,3.6601168350378788,47.474747474747474,0.02,44.2,0.0,-0.008153406114087979
162,16,2,8443648797949442230,True,True,True,False,True,True,True,True,4.001130291406693,56.56565656565657,0.02,45.4,0.0,0.0024548855450095626
163,16,3,7468097949275079673,True,True,True,False,True,True,True,True,3.974551855990778,39.39393939393939,0.020000000000000004,46.2,0.0,0.023095969296227578
164,16,4,13376136667913831862,True,True,True,False,True,True,True,True,4.242896248910988,47.474747474747474,0.019999999999999997,43.2,0.0,-0.018846522805201077
165,16,5,559343931643569586,True,True,True,False,True,True,True,True,3.9618274598341867,53.535353535353536,0.019999999999999997,39.8,0.0,-0.01069180768448863
166,16,6,2306954234809374535,True,True,True,False,True,True,True,True,3.895516579764028,56.56565656565657,0.019999999999999997,41.2,0.0,0.00533536081936416
167,16,7,15905250156341668734,True,True,True,False,True,True,True,True,4.060187773710896,53.535353535353536,0.020000000000000004,42.8,0.0,0.035619400160812706
168,16,8,2505517334141952105,True,True,True,False,True,True,True,True,4.570217959853787,40.4040404040404,0.019999999999999997,50.4,0.0,0.054553875941479264
169,16,9,8655283191403441419,True,True,True,False,True,True,True,True,3.476363496710967,36.36363636363637,0.019999999999999997,42.8,0.0,-0.007975138262426741
170,17,0,7881909541238435603,True,True,True,False,True,True,True,False,4.357101947484598,40.4040404040404,0.020000000000000004,42.0,0.0,0.024110451242320755
171,17,1,14209386554323831490,True,True,True,False,True,True,True,False,4.095470636745095,50.505050505050505,0.02,44.4,0.0,-0.004742174859086534
172,17,2,4892391776632121614,True,True,True,False,True,True,True,False,4.087822976262802,43.43434343434343,0.019999999999999997,43.2,0.0,0.010235186281610277
173,17,3,790174306884170175,True,True,True,False,True,True,True,False,4.384318325656029,53.535353535353536,0.019999999999999997,45.0,0.0,-0.018972721574005997
174,17,4,15180963220744367927,True,True,True,False,True,True,True,False,4.3930966109591525,46.464646464646464,0.019999999999999997,43.0,0.0,0.016457120345202934
175,17,5,6794229010053005822,True,True,True,False,True,True,True,False,3.7061702485710817,47.474747474747474,0.020000000000000004,42.0,0.0,-0.013523881315884759
176,17,6,1845313753473016201,True,True,True,False,True,True,True,False,4.33845032688964,60.60606060606061,0.019999999999999997,44.8,0.0,-0.016790593275082318
177,17,7,13406534892525398653,True,True,True,False,True,True,True,False,4.789821025721292,46.464646464646464,0.020000000000000004,45.0,0.0,-0.033792428384265334
178,17,8,11187280609471544996,True,True,True,False,True,True,True,False,3.7411884238206943,54.54545454545455,0.019999999999999997,43.6,0.0,0.02146129146395017
179,17,9,16235694865175605351,True,True,True,False,True,True,True,False,3.9759519042420424,49.494949494949495,0.02,44.0,0.0,0.005917996210835618
180,18,0,4622139533794607263,True,True,True,False,True,True,False,True,4.250483941207184,43.43434343434343,0.019999999999999997,45.8,0.0,0.019776202336730248
181,18,1,2635906683691921951,True,True,True,False,True,True,False,True,4.074523924513723,55.55555555555556,0.020000000000000004,40.2,0.0,0.020436273487141745
182,18,2,3999224927598737908,True,True,True,False,True,True,False,True,3.619269627948772,58.58585858585859,0.020000000000000004,44.8,0.0,0.0059468815304948314
183,18,3,11156481482851826737,True,True,True,False,True,True,False,True,5.190938955343634,36.36363636363637,0.020000000000000004,39.0,0.0,-0.004276979291157789
184,18,4,9466758228233364281,True,True,True,False,True,True,False,True,3.7942753750842098,45.45454545454545,0.020000000000000004,46.2,0.0,0.013544374461973986
185,18,5,16093898530029076029,True,True,True,False,True,True,False,True,4.26925463806569,39.39393939393939,0.020000000000000004,40.6,0.0,-0.05138727333415858
186,18,6,14496076467836675857,True,True,True,False,True,True,False,True,3.68101234266152,49.494949494949495,0.020000000000000004,44.4,0.0,0.025045525563626596
187,18,7,2971787035119515844,True,True,True,False,True,True,False,True,4.279127238295969,41.41414141414141,0.020000000000000004,38.8,0.0,0.022987505649090748
188,18,8,15781562803843893789,True,True,True,False,True,True,False,True,3.800098285759466,51.515151515151516,0.019999999999999997,41.6,0.0,0.01400801219051944
189,18,9,6883496161622208915,True,True,True,False,True,True,False,True,4.4219320998156295,41.41414141414141,0.020000000000000004,47.0,0.0,-0.03361794363628174
190,19,0,17653128420847588317,True,True,True,False,True,True,False,False,3.7919423015092195,46.464646464646464,0.020000000000000004,43.2,0.0,0.011753602501638417
191,19,1,18194136880267351651,True,True,True,False,True,True,False,False,3.9889502659932408,55.55555555555556,0.02,43.2,0.0,-0.00393769115952848
192,19,2,16253412984851521207,True,True,True,False,True,True,False,False,5.058984298705036,41.41414141414141,0.02,45.2,0.0,0.003930104524261855
193,19,3,9141699498964383888,True,True,True,False,True,True,False,False,5.3394663026519495,49.494949494949495,0.020000000000000004,39.0,0.0,-0.029336538719982316
194,19,4,7145754426509700068,True,True,True,False,True,True,False,False,4.880557118519947,40.4040404040404,0.02,42.8,0.0,0.004291942640969474
195,19,5,16524548293723675398,True,True,True,False,True,True,False,False,4.671650577767568,42.42424242424242,0.02,41.6,0.0,0.0033308577405194864
196,19,6,93133906881822650,True,True,True,False,True,True,False,False,4.3029183020420465,46.464646464646464,0.020000000000000004,45.4,0.0,0.02140898020014962
197,19,7,13459066228613404161,True,True,True,False,True,True,False,False,4.621725641982755,47.474747474747474,0.02,41.2,0.0,0.005261414658547439
198,19,8,9631814801395520394,True,True,True,False,True,True,False,False,3.9563713196931705,46.464646464646464,0.020000000000000004,41.2,0.0,-0.03520334353048999
199,19,9,1381830517646262776,True,True,True,False,True,True,False,False,4.292923229883811,51.515151515151516,0.02,43.4,0.0,0.0004229539616674203
200,20,0,4597100460868505515,True,True,True,False,True,False,True,True,3.2587931985321164,44.44444444444444,0.02,56.6,0.0,-0.0024994706050949964
201,20,1,12661995230671901117,True,True,True,False,True,False,True,True,3.5422678981612914,55.55555555555556,0.020000000000000004,56.6,0.0,-0.046428547084868925
202,20,2,4443580999381350828,True,True,True,False,True,False,True,True,3.516267054608162,46.464646464646464,0.020000000000000004,52.0,0.0,0.025154253749605074
203,20,3,6356991999305301058,True,True,True,False,True,False,True,True,3.1868237666500145,49.494949494949495,0.02,55.0,0.0,0.01740290646612077
204,20,4,7880480357013182005,True,True,True,False,True,False,True,True,3.4327929040596015,54.54545454545455,0.02,54.8,0.0,8.571436683831912e-05
205,20,5,11524197726595687712,True,True,True,False,True,False,True,True,3.759306748142991,44.44444444444444,0.02,56.8,0.0,-0.0003608553779286202
206,20,6,17985466823688301435,True,True,True,False,True,False,True,True,3.57194095582023,56.56565656565657,0.019999999999999997,57.2,0.0,-0.019987267864462588
207,20,7,14400575767040260937,True,True,True,False,True,False,True,True,3.645961926599195,48.484848484848484,0.020000000000000004,56.0,0.0,0.03782990211669089
208,20,8,13116542540597445672,True,True,True,False,True,False,True,True,3.9298186925042806,39.39393939393939,0.020000000000000004,58.4,0.0,-0.03890152687167626
209,20,9,5799371535288786908,True,True,True,False,True,False,True,True,3.5922667936875485,39.39393939393939,0.020000000000000004,53.2,0.0,0.04270748315765776
210,21,0,9317758228126454265,True,True,True,False,True,False,True,False,3.435512262934133,52.525252525252526,0.020000000000000004,57.8,0.0,-0.03825831144295214
211,21,1,12100755932176716014,True,True,True,False,True,False,True,False,3.393984056001851,57.57575757575758,0.020000000000000004,59.0,0.0,-0.0301677188594294
212,21,2,14637803407518802310,True,True,True,False,True,False,True,False,4.485505184552152,27.272727272727273,0.02,56.0,0.0,-0.0016232948694431051
213,21,3,8530545973593547010,True,True,True,False,True,False,True,False,4.147594651071858,36.36363636363637,0.020000000000000004,56.4,0.0,0.01821867374879244
214,21,4,6247441897746779414,True,True,True,False,True,False,True,False,3.6957179262689626,42.42424242424242,0.020000000000000004,57.8,0.0,0.013618257998860168
215,21,5,18172798295245585845,True,True,True,False,True,False,True,False,3.703869243765187,57.57575757575758,0.020000000000000004,56.6,0.0,0.03566969474427433
216,21,6,1409938223611482455,True,True,True,False,True,False,True,False,3.6723685067942564,48.484848484848484,0.02,59.0,0.0,0.00554490208644899
217,21,7,5969074188449779420,True,True,True,False,True,False,True,False,3.0114475274695294,46.464646464646464,0.02,53.6,0.0,-0.014576210349473056
218,21,8,783280959081694705,True,True,True,False,True,False,True,False,3.072027672808916,53.535353535353536,0.02,54.0,0.0,0.006156191983669984
219,21,9,5264115730787739160,True,True,True,False,True,False,True,False,2.773457255398116,50.505050505050505,0.020000000000000004,57.2,0.0,-0.020531403199391916
220,22,0,8429703657434238900,True,True,True,False,True,False,False,True,2.962577479065375,58.58585858585859,0.019999999999999997,56.8,0.0,0.016159207371694278
221,22,1,18406268676847762873,True,True,True,False,True,False,False,True,3.324014059741432,47.474747474747474,0.020000000000000004,54.8,0.0,-0.04927350978190384
222,22,2,17227547470094431396,True,True,True,False,True,False,False,True,3.247610449698978,50.505050505050505,0.02,51.4,0.0,-0.005803315680737882
223,22,3,4940621040232011939,True,True,True,False,True,False,False,True,3.454257047254379,57.57575757575758,0.02,54.6,0.0,-8.756904142970212e-05
224,22,4,16890383778322120698,True,True,True,False,True,False,False,True,2.7885717843339655,41.41414141414141,0.02,51.6,0.0,0.0034226240267040122
225,22,5,17238356055251334912,True,True,True,False,True,False,False,True,3.470771779088478,47.474747474747474,0.020000000000000004,53.8,0.0,-0.023521330048609346
226,22,6,9720886559480607163,True,True,True,False,True,False,False,True,3.4621194389781214,49.494949494949495,0.020000000000000004,56.6,0.0,0.034835475446589756
227,22,7,12242459999810823321,True,True,True,False,True,False,False,True,3.3543924269638694,40.4040404040404,0.020000000000000004,55.4,0.0,0.042797776387559106
228,22,8,15408275249792260708,True,True,True,False,True,False,False,True,3.3386595172144964,47.474747474747474,0.019999999999999997,56.0,0.0,0.019899721266660807
229,22,9,15069202706878247189,True,True,True,False,True,False,False,True,2.8194918622353953,52.525252525252526,0.02,53.4,0.0,0.003011842578183388
230,23,0,12950368064396778446,True,True,True,False,True,False,False,False,2.9364508338784514,51.515151515151516,0.019999999999999997,58.8,0.0,-0.01843365139919514
231,23,1,8670451043204730546,True,True,True,False,True,False,False,False,2.985129787979962,52.525252525252526,0.02,54.8,0.0,-0.0016292967944999764
232,23,2,1895757482875340424,True,True,True,False,True,False,False,False,3.3082755894873785,48.484848484848484,0.020000000000000004,52.6,0.0,0.009312268269350565
233,23,3,10694668671929449122,True,True,True,False,True,False,False,False,3.3977567588731246,58.58585858585859,0.020000000000000004,55.6,0.0,-0.051322216372348586
234,23,4,15864126469145424138,True,True,True,False,True,False,False,False,3.160125509982882,49.494949494949495,0.019999999999999997,55.4,0.0,-0.022860105902022462
235,23,5,8883168070563148485,True,True,True,False,True,False,False,False,4.189070140402486,41.41414141414141,0.020000000000000004,56.4,0.0,-0.0369917091331602
236,23,6,9980420839241058995,True,True,True,False,True,False,False,False,3.002591060271069,50.505050505050505,0.02,58.8,0.0,0.0003191236206527182
237,23,7,9507202924206162413,True,True,True,False,True,False,False,False,3.266251551433054,54.54545454545455,0.020000000000000004,59.6,0.0,-0.02395018178971556
238,23,8,12883025248563037922,True,True,True,False,True,False,False,False,3.266642027483633,43.43434343434343,0.020000000000000004,59.0,0.0,-0.028833795266612953
239,23,9,1007476866522099087,True,True,True,False,True,False,False,False,3.418771683719626,34.343434343434346,0.020000000000000004,53.6,0.0,0.03407749178875907
240,24,0,10675275024235559128,True,True,True,False,False,True,True,True,4.204396935919463,49.494949494949495,0.02,45.2,0.0,0.003284246095139123
241,24,1,10039216873072886177,True,True,True,False,False,True,True,True,4.410498128656412,46.464646464646464,0.02,48.8,0.0,0.013804927643674633
242,24,2,5430734099104884748,True,True,True,False,False,True,True,True,4.3340486676766785,53.535353535353536,0.02,46.6,0.0,0.0011726382456256686
243,24,3,13163682546670476987,True,True,True,False,False,True,True,True,4.007340397628252,44.44444444444444,0.019999999999999997,50.4,0.0,-0.01354489052218351
244,24,4,1966950659126887412,True,True,True,False,False,True,True,True,4.662277740748277,36.36363636363637,0.020000000000000004,43.0,0.0,-0.047777176911150784
245,24,5,13363510403618206231,True,True,True,False,False,True,True,True,3.8482938187890907,56.56565656565657,0.02,39.4,0.0,0.011093037849771992
246,24,6,15677174155121962932,True,True,True,False,False,True,True,True,4.153893254504028,47.474747474747474,0.019999999999999997,46.0,0.0,-0.06597314703883904
247,24,7,12922817848248821570,True,True,True,False,False,True,True,True,4.443828556837582,51.515151515151516,0.020000000000000004,43.4,0.0,-0.01643945624758011
248,24,8,6333834763030242371,True,True,True,False,False,True,True,True,4.736170613039385,38.38383838383838,0.02,39.2,0.0,0.00685428251965776
249,24,9,14695843685518560181,True,True,True,False,False,True,True,True,4.060412692611167,49.494949494949495,0.02,45.6,0.0,-0.0027450901206952333
250,25,0,17339098443609196683,True,True,True,False,False,True,True,False,4.376930244351656,53.535353535353536,0.020000000000000004,43.2,0.0,0.005268033875305299
251,25,1,5796204051788645200,True,True,True,False,False,True,True,False,4.636079017423736,42.42424242424242,0.02,39.2,0.0,-0.00546750479558864
252,25,2,6561152813966240646,True,True,True,False,False,True,True,False,4.339099948181285,55.55555555555556,0.020000000000000004,41.6,0.0,0.0055041993571973155
253,25,3,9264415163240194068,True,True,True,False,False,True,True,False,3.7795120737896064,45.45454545454545,0.020000000000000004,40.8,0.0,-0.04070737673402884
254,25,4,18116648368789770581,True,True,True,False,False,True,True,False,4.114028542164246,54.54545454545455,0.02,45.2,0.0,-0.001952476326133136
255,25,5,17527691896415981865,True,True,True,False,False,True,True,False,4.775730900665992,48.484848484848484,0.019999999999999997,43.2,0.0,0.06175555308432378
256,25,6,13357875052714529679,True,True,True,False,False,True,True,False,5.29782872695459,23.232323232323232,0.020000000000000004,42.6,0.0,0.016447404400400045
257,25,7,4181340777049403239,True,True,True,False,False,True,True,False,4.559215848175056,54.54545454545455,0.02,42.6,0.0,0.005756684247509805
258,25,8,14674084812508711675,True,True,True,False,False,True,True,False,4.227149096138032,48.484848484848484,0.019999999999999997,36.6,0.0,-0.005934194823185295
259,25,9,11273972263212836780,True,True,True,False,False,True,True,False,3.9391433470984634,43.43434343434343,0.019999999999999997,40.8,0.0,-0.01631547441402435
260,26,0,11760030262302852680,True,True,True,False,False,True,False,True,4.066565276441898,59.5959595959596,0.02,45.0,0.0,0.0019937190702987552
261,26,1,11564501725148281185,True,True,True,False,False,True,False,True,4.617116255321805,53.535353535353536,0.020000000000000004,42.4,0.0,-0.011753140632779864
262,26,2,1914731981549913702,True,True,True,False,False,True,False,True,3.9242867593531856,48.484848484848484,0.019999999999999997,44.0,0.0,-0.007204709591198535
263,26,3,3597728039192852005,True,True,True,False,False,True,False,True,4.4338996656961385,48.484848484848484,0.02,44.0,0.0,-0.013983660617384536
264,26,4,6538193166841051403,True,True,True,False,False,True,False,True,4.534269429325025,53.535353535353536,0.02,41.6,0.0,0.006892101458704044
265,26,5,349158364230513067,True,True,True,False,False,True,False,True,4.009595912913212,51.515151515151516,0.02,41.2,0.0,-0.0026789204929441547
266,26,6,9344506824024627531,True,True,True,False,False,True,False,True,3.788683525567277,48.484848484848484,0.019999999999999997,39.8,0.0,-0.01585316992573301
267,26,7,17996301117973318376,True,True,True,False,False,True,False,True,4.33570550753683,49.494949494949495,0.019999999999999997,42.0,0.0,0.012674138931738327
268,26,8,7274070218372891629,True,True,True,False,False,True,False,True,4.531646072746267,44.44444444444444,0.020000000000000004,44.2,0.0,-0.019229080227625622
269,26,9,16304523347187856404,True,True,True,False,False,True,False,True,4.156619392639516,42.42424242424242,0.020000000000000004,39.4,0.0,-0.024692500113409434
270,27,0,13565513286881099465,True,True,True,False,False,True,False,False,4.567702302127,55.55555555555556,0.02,40.8,0.0,0.013744986681897914
271,27,1,13756792868638809710,True,True,True,False,False,True,False,False,4.1760798697729005,56.56565656565657,0.019999999999999997,42.0,0.0,-0.0522975644606087
272,27,2,12881866725431887238,True,True,True,False,False,True,False,False,4.7602478367631536,41.41414141414141,0.020000000000000004,44.6,0.0,0.04858242126425121
273,27,3,4182219583253069262,True,True,True,False,False,True,False,False,3.7519863943781644,50.505050505050505,0.020000000000000004,40.6,0.0,0.024114317012239334
274,27,4,16335155296369853840,True,True,True,False,False,True,False,False,4.90477393868507,36.36363636363637,0.020000000000000004,41.0,0.0,0.019516068960186723
275,27,5,15083264983098607148,True,True,True,False,False,True,False,False,3.966487163979124,39.39393939393939,0.020000000000000004,44.2,0.0,0.03422941045374071
276,27,6,11379015091369315110,True,True,True,False,False,True,False,False,4.651218740321838,51.515151515151516,0.02,41.0,0.0,-0.009509613013158148
277,27,7,8423744909918405763,True,True,True,False,False,True,False,False,4.535932546073978,49.494949494949495,0.02,43.4,0.0,0.002992906847348615
278,27,8,211506869218637598,True,True,True,False,False,True,False,False,4.591811804294523,51.515151515151516,0.020000000000000004,43.0,0.0,0.035235873006459764
279,27,9,13910552958179096768,True,True,True,False,False,True,False,False,4.1393363005062795,46.464646464646464,0.020000000000000004,43.8,0.0,0.024009574336102374
280,28,0,12461530549808252201,True,True,True,False,False,False,True,True,2.972682558281921,44.44444444444444,0.02,53.6,0.0,0.008788010824342909
281,28,1,11798179133087038072,True,True,True,False,False,False,True,True,4.164869899322212,44.44444444444444,0.020000000000000004,56.6,0.0,-0.04321842428606571
282,28,2,8002586392308911245,True,True,True,False,False,False,True,True,3.5094178688465423,54.54545454545455,0.020000000000000004,55.2,0.0,0.04455570922617241
283,28,3,10157018707146487705,True,True,True,False,False,False,True,True,3.934099097251441,28.282828282828284,0.019999999999999997,55.0,0.0,-0.012415943578389611
284,28,4,9174247541161211692,True,True,True,False,False,False,True,True,3.5507769701554137,53.535353535353536,0.019999999999999997,54.6,0.0,0.022537674695837867
285,28,5,13613380057655708513,True,True,True,False,False,False,True,True,3.788953086343485,44.44444444444444,0.019999999999999997,56.6,0.0,-0.031463197437749044
286,28,6,17869529105529489108,True,True,True,False,False,False,True,True,3.9054784166847787,38.38383838383838,0.02,53.6,0.0,-0.006385392923391508
287,28,7,3483486499781946221,True,True,True,False,False,False,True,True,3.5727204655957383,49.494949494949495,0.020000000000000004,54.4,0.0,-0.04081758841173901
288,28,8,15950592574731507877,True,True,True,False,False,False,True,True,3.587878353731021,52.525252525252526,0.019999999999999997,53.2,0.0,-0.005532288057856791
289,28,9,9725732957740823582,True,True,True,False,False,False,True,True,3.7163882948563507,41.41414141414141,0.02,51.2,0.0,0.010984833230371919
290,29,0,4418873659224050596,True,True,True,False,False,False,True,False,3.1905867311148355,44.44444444444444,0.02,57.2,0.0,0.0033165876137704266
291,29,1,14093547241454857299,True,True,True,False,False,False,True,False,3.243700550226755,39.39393939393939,0.019999999999999997,56.6,0.0,0.0354083406795244
292,29,2,13383403470737963558,True,True,True,False,False,False,True,False,3.4904076998563855,50.505050505050505,0.019999999999999997,49.6,0.0,0.010819940682096732
293,29,3,11489812000996104599,True,True,True,False,False,False,True,False,3.6713066269257375,36.36363636363637,0.020000000000000004,56.0,0.0,-0.010785828681879054
294,29,4,6084921320505192231,True,True,True,False,False,False,True,False,3.353437436590988,51.515151515151516,0.019999999999999997,54.2,0.0,0.009126560338691204
295,29,5,4606571787212972723,True,True,True,False,False,False,True,False,3.4046850638738717,45.45454545454545,0.02,52.8,0.0,-0.005729721353246034
296,29,6,1447340957293983434,True,True,True,False,False,False,True,False,3.7188997048104677,50.505050505050505,0.02,58.2,0.0,-0.006462015801962974
297,29,7,5179667952662219752,True,True,True,False,False,False,True,False,3.1447575549172173,51.515151515151516,0.020000000000000004,56.8,0.0,-0.04505443981261321
298,29,8,15246201272267023276,True,True,True,False,False,False,True,False,3.7373439653675176,50.505050505050505,0.019999999999999997,52.8,0.0,-0.014921162884958525
299,29,9,5524500975043334362,True,True,True,False,False,False,True,False,3.148521925277555,58.58585858585859,0.019999999999999997,52.4,0.0,0.009992039654403182
300,30,0,14255848326064900053,True,True,True,False,False,False,False,True,3.809513372189313,46.464646464646464,0.020000000000000004,54.4,0.0,-0.029635062535328608
301,30,1,7210899548613908812,True,True,True,False,False,False,False,True,4.034149821943951,26.262626262626263,0.020000000000000004,54.2,0.0,0.059399817677236115
302,30,2,9696281842822325423,True,True,True,False,False,False,False,True,3.3258860305547184,49.494949494949495,0.02,54.8,0.0,-0.004105858354831313
303,30,3,1644303150343975762,True,True,True,False,False,False,False,True,2.9754002873336556,55.55555555555556,0.020000000000000004,59.6,0.0,-0.008501855518075736
304,30,4,8045267915354120428,True,True,True,False,False,False,False,True,3.422656352760748,47.474747474747474,0.02,54.6,0.0,-0.0007867115598334841
305,30,5,399218897492266288,True,True,True,False,False,False,False,True,3.9945483214633786,45.45454545454545,0.02,55.0,0.0,-0.004486462796741799
306,30,6,17286404483097908759,True,True,True,False,False,False,False,True,3.853669349124618,49.494949494949495,0.019999999999999997,54.0,0.0,-0.024019985509959107
307,30,7,4151659406500525726,True,True,True,False,False,False,False,True,3.5749952671547187,50.505050505050505,0.02,51.4,0.0,0.0033430229245143598
308,30,8,759483652899933222,True,True,True,False,False,False,False,True,3.0480769082221366,46.464646464646464,0.020000000000000004,54.2,0.0,0.02670682675783712
309,30,9,1334072605919723210,True,True,True,False,False,False,False,True,3.336022880824923,48.484848484848484,0.02,54.8,0.0,-0.007885824763226877
310,31,0,2211515714001128333,True,True,True,False,False,False,False,False,3.1974839335949885,50.505050505050505,0.019999999999999997,50.6,0.0,0.021812052055794843
311,31,1,13401503924923795820,True,True,True,False,False,False,False,False,3.160914172397044,58.58585858585859,0.02,55.6,0.0,-0.009716170085068435
312,31,2,12647566825141570172,True,True,True,False,False,False,False,False,3.4402342197285973,54.54545454545455,0.020000000000000004,58.8,0.0,0.027565163739160747
313,31,3,3570356795368180246,True,True,True,False,False,False,False,False,3.2763150342198037,43.43434343434343,0.019999999999999997,55.0,0.0,0.011019822416201372
314,31,4,18201365932231285786,True,True,True,False,False,False,False,False,3.5095742222524664,46.464646464646464,0.020000000000000004,55.2,0.0,-0.012540109989679601
315,31,5,14450746502696459705,True,True,True,False,False,False,False,False,3.646750942336922,47.474747474747474,0.02,53.0,0.0,-0.015855625864986043
316,31,6,11344669901794841456,True,True,True,False,False,False,False,False,2.89064537868086,52.525252525252526,0.020000000000000004,54.4,0.0,-0.03917902357040025
317,31,7,16115983557698576884,True,True,True,False,False,False,False,False,2.8357820889431253,46.464646464646464,0.020000000000000004,53.6,0.0,0.01710407652365739
318,31,8,15371265455736620717,True,True,True,False,False,False,False,False,4.032758660932316,45.45454545454545,0.02,53.8,0.0,0.012465283881270583
319,31,9,5612278846302971131,True,True,True,False,False,False,False,False,4.630191516590853,37.37373737373738,0.02,51.2,0.0,-0.010006371095112728
320,32,0,18299764141473552302,True,True,False,True,True,True,True,True,5.3244851335627015,46.464646464646464,0.019999999999999997,47.2,2.542372881355932,0.001101796301167282
321,32,1,4043618900649199169,True,True,False,True,True,True,True,True,17.083663877478003,12.121212121212121,0.020000000000000004,44.6,2.690582959641256,-0.007741423484660465
322,32,2,9552664685622856620,True,True,False,True,True,True,True,True,20.109739262172546,17.171717171717173,0.0374909639613142,43.8,3.65296803652968,0.014310753884170874
323,32,3,9149638308138805887,True,True,False,True,True,True,True,True,16.976660475170373,11.11111111111111,0.030112473617629493,46.8,3.4188034188034186,0.011500869881727075
324,32,4,7021850419960077220,True,True,False,True,True,True,True,True,22.622217167878244,13.131313131313131,0.0253107807650251,44.4,5.405405405405405,-0.0053349831497009085
325,32,5,12276242267138796774,True,True,False,True,True,True,True,True,5.4628294749411115,27.272727272727273,0.020000000000000004,41.4,0.966183574879227,0.03203696561704848
326,32,6,17596096409733254041,True,True,False,True,True,True,True,True,4.2115063168518585,41.41414141414141,0.02,44.0,2.727272727272727,0.003293372119314786
327,32,7,8652183663167692639,True,True,False,True,True,True,True,True,8.061755842489859,23.232323232323232,0.020684164318355392,41.2,4.368932038834951,-0.013766028049567666
328,32,8,4828749890429643132,True,True,False,True,True,True,True,True,23.28189609112212,8.080808080808081,0.02277922933841306,42.2,2.843601895734597,-0.05548054600742471
329,32,9,13368904613758586426,True,True,False,True,True,True,True,True,5.062684789448332,38.38383838383838,0.020000000000000004,41.8,3.349282296650718,0.014110731912303174
330,33,0,480685720342411027,True,True,False,True,True,True,True,False,6.139264922366156,36.36363636363637,0.02704401004997865,41.4,1.932367149758454,-0.024811269974584844
331,33,1,574554529213852970,True,True,False,True,True,True,True,False,8.459834438481918,32.323232323232325,0.02242483799440556,43.6,2.7522935779816513,0.010445198636649099
332,33,2,11881539047149750240,True,True,False,True,True,True,True,False,38.050646731144795,8.080808080808081,0.023983446633805243,43.4,8.755760368663594,0.04067803479725536
333,33,3,12398314587885420575,True,True,False,True,True,True,True,False,10.379070223897317,14.141414141414142,0.020411685738483534,39.6,2.0202020202020203,-0.01517957983837049
334,33,4,6975307194992344348,True,True,False,True,True,True,True,False,4.177101112876406,41.41414141414141,0.02,48.8,0.819672131147541,0.010049697878041755
335,33,5,14736839078681979205,True,True,False,True,True,True,True,False,18.189949946692877,10.1010101010101,0.01999999999999999,45.4,3.9647577092511015,-0.07572909770262556
336,33,6,9708354230981956412,True,True,False,True,True,True,True,False,5.207814984728197,28.282828282828284,0.029330405666163725,44.8,1.3392857142857142,0.011204690610701826
337,33,7,2941092183346184717,True,True,False,True,True,True,True,False,9.432377018721958,18.181818181818183,0.024834176868052733,42.4,2.830188679245283,0.03266988847862415
338,33,8,6572322990264662745,True,True,False,True,True,True,True,False,14.826656439624065,9.090909090909092,0.025497767539404373,40.2,3.9800995024875623,-0.032645958099337395
339,33,9,5265195202364015413,True,True,False,True,True,True,True,False,5.4338861889567305,41.41414141414141,0.020000000000000004,44.0,3.6363636363636362,0.024537478026662268
340,34,0,11856255205113173997,True,True,False,True,True,True,False,True,4.525819190705072,48.484848484848484,0.020000000000000004,44.8,2.6785714285714284,0.0416929450008078
341,34,1,4935842735954195404,True,True,False,True,True,True,False,True,14.235817607181513,13.131313131313131,0.02959253895380429,44.4,2.7027027027027026,0.008665639992813069
342,34,2,15685512558548020229,True,True,False,True,True,True,False,True,5.108598460436992,37.37373737373738,0.02039750749954574,43.6,2.293577981651376,-0.0042145312043830535
343,34,3,4386526837941524121,True,True,False,True,True,True,False,True,23.48551404874084,12.121212121212121,0.02559868926101521,40.2,2.487562189054726,0.051983948507431946
344,34,4,13214434428803312672,True,True,False,True,True,True,False,True,14.238024052604011,6.0606060606060606,0.03130941976128801,42.2,2.843601895734597,0.02726264374034658
345,34,5,14444560031516089197,True,True,False,True,True,True,False,True,17.83505212090291,10.1010101010101,0.03589249617285081,46.2,4.329004329004329,0.01613687857249527
346,34,6,12786255341019539234,True,True,False,True,True,True,False,True,23.70030741174454,12.121212121212121,0.026064040543827105,45.2,5.3097345132743365,0.0037157829514094754
347,34,7,10468278825126942892,True,True,False,True,True,True,False,True,6.512094469662256,25.252525252525253,0.020577641855487893,41.2,2.912621359223301,-0.00493239663051664
348,34,8,3193847816652605228,True,True,False,True,True,True,False,True,5.179104478881938,36.36363636363637,0.02,40.0,4.0,0.004083180530749495
349,34,9,14052835565070010432,True,True,False,True,True,True,False,True,30.798066816168216,13.131313131313131,0.020159040936095593,43.0,5.116279069767442,-0.010466778041073531
350,35,0,17448504264691412990,True,True,False,True,True,True,False,False,7.551364749381719,21.21212121212121,0.023290487138669703,39.6,1.5151515151515151,-0.037172025695464496
351,35,1,17562395066439642808,True,True,False,True,True,True,False,False,6.86748109747826,21.21212121212121,0.02127272314544012,41.8,2.8708133971291865,0.014553391557268253
352,35,2,11959788456513038514,True,True,False,True,True,True,False,False,7.679867001039027,20.2020202020202,0.021956387871424125,44.2,2.7149321266968327,-0.01393467094708716
353,35,3,15299549740480783238,True,True,False,True,True,True,False,False,16.396831579595883,9.090909090909092,0.030222692135363632,43.0,2.7906976744186047,-0.005401273818794779
354,35,4,13177938215156066794,True,True,False,True,True,True,False,False,32.7290663003807,12.121212121212121,0.02320666232112429,43.0,4.186046511627907,0.019723318273875332
355,35,5,8511566116833545244,True,True,False,True,True,True,False,False,5.379083482786139,29.292929292929294,0.020000000000000004,44.0,4.090909090909091,0.04165664859554203
356,35,6,12682994988963867255,True,True,False,True,True,True,False,False,23.24474641115238,13.131313131313131,0.02812683589974892,44.0,5.0,-0.017951624230034154
357,35,7,11536073187181155086,True,True,False,True,True,True,False,False,15.735952501647027,12.121212121212121,0.028856262792958533,44.6,4.0358744394618835,0.026751579284335407
358,35,8,3990169143695931098,True,True,False,True,True,True,False,False,4.496448800221831,44.44444444444444,0.020000000000000004,42.6,4.225352112676056,-0.00032529418898792395
359,35,9,875472400315217778,True,True,False,True,True,True,False,False,23.37529463840782,14.141414141414142,0.02628511784336121,43.6,4.587155963302752,0.04547120763094972
360,36,0,6871158843037584732,True,True,False,True,True,False,True,True,4.958365904590214,31.31313131313131,0.020000000000000004,56.6,4.593639575971731,-0.03557483724229998
361,36,1,10296117689158655889,True,True,False,True,True,False,True,True,4.026322781103705,31.31313131313131,0.02,56.8,2.112676056338028,0.014490285510716773
362,36,2,2786008607608003856,True,True,False,True,True,False,True,True,15.69237545897815,9.090909090909092,0.022440465552207092,57.0,2.807017543859649,-0.008880269124492888
363,36,3,10652189088788331106,True,True,False,True,True,False,True,True,3.5505568917192103,50.505050505050505,0.020000000000000004,52.2,0.7662835249042146,-0.012678042976161933
364,36,4,8631111048517972999,True,True,False,True,True,False,True,True,6.316947469099774,18.181818181818183,0.020219099519232803,56.2,4.98220640569395,0.011946054997791007
365,36,5,14904407405008385279,True,True,False,True,True,False,True,True,8.989453942610629,17.171717171717173,0.02759746796697237,53.8,1.858736059479554,0.0088439572902764
366,36,6,11073537231095596983,True,True,False,True,True,False,True,True,5.280985446606309,27.272727272727273,0.030788440007121436,55.2,1.0869565217391304,0.0015483957628131173
367,36,7,177347701669500129,True,True,False,True,True,False,True,True,19.632066706998106,8.080808080808081,0.031154048738497628,54.8,2.5547445255474455,0.019895418763437134
368,36,8,13092382682128189469,True,True,False,True,True,False,True,True,30.13663484805803,8.080808080808081,0.022996562040966884,54.0,4.444444444444445,-0.005179145932874383
369,36,9,3376853173342164378,True,True,False,True,True,False,True,True,17.88898064935931,8.080808080808081,0.021292316108260503,55.8,2.150537634408602,0.004152841545195834
370,37,0,15196188627351626175,True,True,False,True,True,False,True,False,10.20419383993085,15.151515151515152,0.022263400492050025,54.8,4.014598540145985,-3.191886415706224e-06
371,37,1,647167685140029172,True,True,False,True,True,False,True,False,14.976704158935457,15.151515151515152,0.023425704585106864,50.8,3.543307086614173,-0.00877816910879028
372,37,2,16249496136812713714,True,True,False,True,True,False,True,False,24.79763589143993,13.131313131313131,0.02277503274373662,56.8,5.985915492957746,-0.005763480996416216
373,37,3,3797066379238760096,True,True,False,True,True,False,True,False,23.52525244338194,10.1010101010101,0.022970015787022256,56.2,3.202846975088968,0.03553515735404785
374,37,4,12399368935746197354,True,True,False,True,True,False,True,False,13.094321628237546,8.080808080808081,0.022539639709576745,55.0,5.818181818181818,0.003070805762660034
375,37,5,11438835813085621665,True,True,False,True,True,False,True,False,11.899273342109625,6.0606060606060606,0.03706245672876173,53.8,1.486988847583643,0.0385284251151173
376,37,6,10994758697671492793,True,True,False,True,True,False,True,False,3.4505556207851282,46.464646464646464,0.020000000000000004,58.8,3.061224489795918,-0.028040703714240355
377,37,7,2885117431015286827,True,True,False,True,True,False,True,False,9.398845019108489,10.1010101010101,0.027353393876794547,54.0,2.962962962962963,-0.0260086845339886
378,37,8,2999947540524780088,True,True,False,True,True,False,True,False,16.492056850739914,11.11111111111111,0.030691988484968114,58.8,1.7006802721088434,-0.005853217768300393
379,37,9,6193642594950662904,True,True,False,True,True,False,True,False,25.152336167538397,12.121212121212121,0.03778349595138052,54.4,2.9411764705882355,-0.015839057086004943
380,38,0,8396417528606583870,True,True,False,True,True,False,False,True,14.811002202250997,10.1010101010101,0.026113037602107515,54.8,4.744525547445256,-0.008578993237959664
381,38,1,17318877016735624547,True,True,False,True,True,False,False,True,3.394517567904643,51.515151515151516,0.019999999999999997,57.6,2.7777777777777777,0.01587028455525882
382,38,2,15059508405361189791,True,True,False,True,True,False,False,True,4.637712412769128,31.31313131313131,0.029920102245979893,60.4,1.9867549668874172,-0.04864970718140496
383,38,3,6766755526176542469,True,True,False,True,True,False,False,True,13.218304042984444,10.1010101010101,0.0353004019817643,57.0,3.508771929824561,-0.033381677929501787
384,38,4,9364051629699369461,True,True,False,True,True,False,False,True,12.463078808825644,13.131313131313131,0.033282513132913145,55.4,1.8050541516245486,-0.03536625993756665
385,38,5,5131016373117602231,True,True,False,True,True,False,False,True,7.319830193562135,15.151515151515152,0.020813789152967464,54.8,4.014598540145985,-0.04841462026948317
386,38,6,5106504555100173925,True,True,False,True,True,False,False,True,31.833253726316524,8.080808080808081,0.02550084225198861,55.4,2.888086642599278,-0.020340792870199232
387,38,7,11111907022249677318,True,True,False,True,True,False,False,True,43.558545270468805,7.070707070707071,0.03759603518404188,58.0,3.103448275862069,0.019802457765046463
388,38,8,6403720229552367550,True,True,False,True,True,False,False,True,4.499788891454204,34.343434343434346,0.020000000000000004,55.8,2.5089605734767026,-0.029942679467307085
389,38,9,12189663645255137613,True,True,False,True,True,False,False,True,10.520815402268427,11.11111111111111,0.020000000000000004,51.2,1.5625,-0.006192563991481416
390,39,0,6619375477939182340,True,True,False,True,True,False,False,False,11.06053057448335,17.171717171717173,0.02664106464269219,55.2,3.260869565217391,0.0014416139403677529
391,39,1,4442152932683713909,True,True,False,True,True,False,False,False,10.28529304552742,18.181818181818183,0.021765867067249405,53.2,2.255639097744361,0.029383517324443786
392,39,2,17972906216763855156,True,True,False,True,True,False,False,False,34.57788473442491,6.0606060606060606,0.03483497355654378,57.2,4.195804195804196,0.03339321097394715
393,39,3,13597367629442302084,True,True,False,True,True,False,False,False,11.433247898202078,14.141414141414142,0.03742531621367209,57.8,3.114186851211073,0.020293360308896488
394,39,4,14219108979864268112,True,True,False,True,True,False,False,False,4.197083224585829,33.333333333333336,0.019999999999999997,55.2,1.4492753623188406,0.011306659094313842
395,39,5,13898056529106255882,True,True,False,True,True,False,False,False,22.39045133937629,9.090909090909092,0.026095465083949932,60.6,5.2805280528052805,0.025650046140944904
396,39,6,3340495420206904657,True,True,False,True,True,False,False,False,18.031308679834034,16.161616161616163,0.03293615406584821,54.0,4.814814814814815,0.02360205193713893
397,39,7,6543785825304400368,True,True,False,True,True,False,False,False,8.822732095208652,15.151515151515152,0.03590780391308286,59.6,2.0134228187919465,0.004961048449529388
398,39,8,11491777426426428344,True,True,False,True,True,False,False,False,31.291600955699224,9.090909090909092,0.023064187841492747,53.2,5.2631578947368425,-0.0017328280819649206
399,39,9,4779829595500604942,True,True,False,True,True,False,False,False,22.073952436659123,10.1010101010101,0.020898427374837963,54.4,4.779411764705882,0.04518260541237674
400,40,0,15657908028588578913,True,True,False,True,False,True,True,True,13.577884591945592,9.090909090909092,0.023032149303733207,44.0,4.545454545454546,0.02935362001563778
401,40,1,2270305357945434769,True,True,False,True,False,True,True,True,8.62091500355466,17.171717171717173,0.028708447730133577,40.4,3.4653465346534653,0.01506123831638696
402,40,2,17742004337185473117,True,True,False,True,False,True,True,True,4.813937018406435,47.474747474747474,0.019999999999999997,44.2,4.072398190045249,0.011469914190299935
403,40,3,5116878937460068285,True,True,False,True,False,True,True,True,35.75322872981633,11.11111111111111,0.022554504338715517,40.6,4.433497536945813,-0.010797782185888465
404,40,4,4249623325734161611,True,True,False,True,False,True,True,True,23.976087770156276,10.1010101010101,0.021159619322160695,40.0,9.0,0.020295401072164276
405,40,5,2860958832437953479,True,True,False,True,False,True,True,True,32.72712514336665,11.11111111111111,0.036969632468466775,44.4,1.8018018018018018,-0.019655400208384022
406,40,6,1415146955265647377,True,True,False,True,False,True,True,True,21.847391896212212,11.11111111111111,0.03672819995699443,44.6,4.484304932735426,0.015769770219242838
407,40,7,2106441031149352257,True,True,False,True,False,True,True,True,5.693964219674951,36.36363636363637,0.02,40.8,3.4313725490196076,-0.011431819376914594
408,40,8,8322129606058700120,True,True,False,True,False,True,True,True,9.031940783336246,16.161616161616163,0.031448985766011836,43.8,4.109589041095891,0.02591051206587823
409,40,9,113872464476267050,True,True,False,True,False,True,True,True,18.677686599859616,10.1010101010101,0.022972203171106147,44.6,1.7937219730941705,-0.007975312713794524
410,41,0,12877600897985033875,True,True,False,True,False,True,True,False,23.57304981407677,12.121212121212121,0.02504385659813909,41.6,1.9230769230769231,-0.005203065112637993
411,41,1,15791734678962905957,True,True,False,True,False,True,True,False,23.709021522442477,12.121212121212121,0.040371284644727404,44.2,2.7149321266968327,0.0279704217456796
412,41,2,12785208180876109759,True,True,False,True,False,True,True,False,20.045949836844883,10.1010101010101,0.026376493343340766,42.2,4.739336492890995,0.01615300142660272
413,41,3,6814834593999067301,True,True,False,True,False,True,True,False,6.948007671399714,28.282828282828284,0.020609720650457186,43.0,2.7906976744186047,0.00239139382607816
414,41,4,10714781999070163293,True,True,False,True,False,True,True,False,11.441820716438022,13.131313131313131,0.020000000000000004,42.0,2.857142857142857,0.009483234918124986
415,41,5,11656810744419649109,True,True,False,True,False,True,True,False,30.287728651698217,8.080808080808081,0.027820576236679023,44.4,5.8558558558558556,-0.024217057694019405
416,41,6,7621448817593703773,True,True,False,True,False,True,True,False,10.361149888861682,19.19191919191919,0.033103711407306675,43.0,4.186046511627907,0.021314548397805395
417,41,7,6327892748813805711,True,True,False,True,False,True,True,False,24.99229558574668,11.11111111111111,0.02075683400248647,42.4,5.660377358490566,0.0015113310982497164
418,41,8,6213682980650326183,True,True,False,True,False,True,True,False,12.164730700305405,16.161616161616163,0.021065760176393052,43.2,5.555555555555555,-0.009860428728944633
419,41,9,9367664261958872194,True,True,False,True,False,True,True,False,14.934458865692157,12.121212121212121,0.022250516066203374,41.4,5.314009661835748,0.034371544296766324
420,42,0,14378729404544736690,True,True,False,True,False,True,False,True,29.688164309737484,10.1010101010101,0.028957552005873237,40.4,6.930693069306931,0.03910485797303621
421,42,1,7432750228870523430,True,True,False,True,False,True,False,True,11.5468162534684,17.171717171717173,0.020000000000000004,42.6,1.8779342723004695,0.021061231289019825
422,42,2,778767699211859677,True,True,False,True,False,True,False,True,7.661932951730142,20.2020202020202,0.02238022345631101,41.8,4.30622009569378,0.006051853822836311
423,42,3,14482716741385527742,True,True,False,True,False,True,False,True,8.969487246331663,19.19191919191919,0.02,43.6,5.045871559633028,0.0015230817613842546
424,42,4,3489190817313012348,True,True,False,True,False,True,False,True,14.454487215967577,10.1010101010101,0.028649003851470074,41.6,4.326923076923077,-0.01224459042420665
425,42,5,10383933465516326420,True,True,False,True,False,True,False,True,8.736526434709202,20.2020202020202,0.019999999999999997,40.4,3.9603960396039604,0.0061785307578064805
426,42,6,12833372937797022301,True,True,False,True,False,True,False,True,7.842572888054954,17.171717171717173,0.021165985998319547,43.2,1.8518518518518519,0.044356669455638764
427,42,7,16659344487607962218,True,True,False,True,False,True,False,True,9.584179085917686,17.171717171717173,0.021607324326126037,43.4,0.9216589861751152,0.024526560369591933
428,42,8,536718967423049338,True,True,False,True,False,True,False,True,4.932188092480297,54.54545454545455,0.019999999999999997,42.4,4.245283018867925,-0.02747878399012811
429,42,9,6126670027875333042,True,True,False,True,False,True,False,True,26.075758982652037,6.0606060606060606,0.034963275518192345,43.4,5.529953917050691,-0.039581715270452685
430,43,0,6424913474411293195,True,True,False,True,False,True,False,False,11.162590467512194,8.080808080808081,0.03316329047193692,40.8,5.882352941176471,-0.01958955572299623
431,43,1,6762727701296660041,True,True,False,True,False,True,False,False,3.896631777945275,33.333333333333336,0.02,44.4,3.6036036036036037,0.023164260859493246
432,43,2,8558163627525136049,True,True,False,True,False,True,False,False,5.671340985855493,38.38383838383838,0.020000000000000004,40.4,2.9702970297029703,0.004553201088561956
433,43,3,14361754187079652110,True,True,False,True,False,True,False,False,13.039047845720892,10.1010101010101,0.026430044460090035,43.8,3.1963470319634704,-0.02623912176305431
434,43,4,14383501365215158814,True,True,False,True,False,True,False,False,10.739975719808681,18.181818181818183,0.020000000000000004,42.4,3.7735849056603774,-0.04289757775386387
435,43,5,3781057036693069784,True,True,False,True,False,True,False,False,27.927540572275102,15.151515151515152,0.026918480734417976,44.2,2.7149321266968327,-0.025640402251146433
436,43,6,1902692826492654890,True,True,False,True,False,True,False,False,8.748930265249832,21.21212121212121,0.02184127226152755,43.6,1.834862385321101,-0.021334320348830798
437,43,7,15655984864367486989,True,True,False,True,False,True,False,False,16.423713970553298,12.121212121212121,0.039705408692655104,42.4,2.830188679245283,-8.708806186392538e-05
438,43,8,9850394981986431551,True,True,False,True,False,True,False,False,29.327725785111138,7.070707070707071,0.021464320748710713,40.6,5.41871921182266,-0.020928055099407462
439,43,9,8702693028688987768,True,True,False,True,False,True,False,False,4.596999196028886,54.54545454545455,0.022191700499763177,42.2,3.3175355450236967,-0.011628415666613053
440,44,0,16273211311960367720,True,True,False,True,False,False,True,True,20.952950486197686,11.11111111111111,0.028591686455278497,57.2,2.797202797202797,0.022004417172584376
441,44,1,14222669879831991790,True,True,False,True,False,False,True,True,23.67507152526239,8.080808080808081,0.025097450925508788,55.0,2.5454545454545454,-0.04942356241545329
442,44,2,12487390650348103312,True,True,False,True,False,False,True,True,10.047283517096233,23.232323232323232,0.020000000000000004,56.0,2.857142857142857,-0.03443690495276358
443,44,3,9791860620519001145,True,True,False,True,False,False,True,True,4.159156873783418,37.37373737373738,0.022154226949710164,55.4,3.6101083032490973,0.03746905925093662
444,44,4,6484867024481278582,True,True,False,True,False,False,True,True,4.925222446345386,33.333333333333336,0.027071209645410203,52.2,1.1494252873563218,0.001866312018561552
445,44,5,10906447045097094032,True,True,False,True,False,False,True,True,10.780538194013042,12.121212121212121,0.020414426252719442,54.4,1.838235294117647,-0.035983004122767774
446,44,6,15985986539311939353,True,True,False,True,False,False,True,True,6.791522990369898,25.252525252525253,0.020489015561397393,58.0,2.413793103448276,-0.012193486306487002
447,44,7,16367900741182898183,True,True,False,True,False,False,True,True,11.915622645671823,6.0606060606060606,0.03054637921705125,58.0,2.0689655172413794,-6.349733357937437e-05
448,44,8,8489126371554121159,True,True,False,True,False,False,True,True,12.819658125003091,9.090909090909092,0.02489863184361019,54.8,4.37956204379562,0.01654953795383414
449,44,9,16210083419627471988,True,True,False,True,False,False,True,True,12.849468927337677,8.080808080808081,0.02901647026662341,54.2,2.952029520295203,0.019082137521047673
450,45,0,10469687345217869309,True,True,False,True,False,False,True,False,3.9782234327675265,49.494949494949495,0.02,56.0,2.142857142857143,-0.009688871257871668
451,45,1,17974993771831603825,True,True,False,True,False,False,True,False,7.960364744265109,18.181818181818183,0.019999999999999997,57.6,1.7361111111111112,-0.01777402205901003
452,45,2,17017943318125283233,True,True,False,True,False,False,True,False,9.507203838934293,11.11111111111111,0.024232443810049464,56.6,1.7667844522968197,0.0289872612281232
453,45,3,10423844170742013124,True,True,False,True,False,False,True,False,8.248151377762749,12.121212121212121,0.03259106980644756,56.4,3.5460992907801416,-0.013630082111248826
454,45,4,12463836481572136463,True,True,False,True,False,False,True,False,11.280075450608885,11.11111111111111,0.027893371570918916,52.0,1.5384615384615385,-0.015437346404490036
455,45,5,8449567780166145573,True,True,False,True,False,False,True,False,8.563192845685496,26.262626262626263,0.020317947610806887,54.2,2.952029520295203,0.03650670820934102
456,45,6,668906425432203342,True,True,False,True,False,False,True,False,10.732744567725533,15.151515151515152,0.022716802833258356,54.8,3.2846715328467155,0.014967985767824163
457,45,7,4869920044674992777,True,True,False,True,False,False,True,False,8.471329279364051,14.141414141414142,0.029024669478414006,51.4,3.11284046692607,-0.01225658811541279
458,45,8,17766988806725849302,True,True,False,True,False,False,True,False,15.447790771949219,7.070707070707071,0.026966344191582454,56.4,3.5460992907801416,0.035084347811012
459,45,9,7975559287189760209,True,True,False,True,False,False,True,False,18.66092787894203,13.131313131313131,0.02395020241909266,53.0,4.150943396226415,0.020487434983634506
460,46,0,18430044635862726031,True,True,False,True,False,False,False,True,28.931719630687052,14.141414141414142,0.0323859109694668,56.6,6.007067137809187,-0.01087144271600636
461,46,1,6160619741072453895,True,True,False,True,False,False,False,True,5.903330248841808,34.343434343434346,0.020983488430527712,55.2,3.260869565217391,-0.028039403963216494
462,46,2,14260223766950114841,True,True,False,True,False,False,False,True,9.157505724437401,10.1010101010101,0.0365357548019437,56.2,4.6263345195729535,0.007412577959472193
463,46,3,14037217800633860143,True,True,False,True,False,False,False,True,3.5543184187963757,45.45454545454545,0.019999999999999997,51.4,5.058365758754864,0.008767204892739272
464,46,4,14322610823093029487,True,True,False,True,False,False,False,True,15.703756411386257,9.090909090909092,0.023044323282056557,55.6,3.237410071942446,-0.022531050508109756
465,46,5,1424276442880547947,True,True,False,True,False,False,False,True,22.773551516066046,8.080808080808081,0.024488375325198194,56.4,4.25531914893617,-0.029015793535402037
466,46,6,17871646682657927677,True,True,False,True,False,False,False,True,10.00936204308401,13.131313131313131,0.02382731865252028,60.4,4.635761589403973,-0.011247403788897894
467,46,7,2821896162630445832,True,True,False,True,False,False,False,True,13.998287902812326,11.11111111111111,0.020000000000000004,53.4,4.49438202247191,-0.0005035564796774766
468,46,8,4759617557127721154,True,True,False,True,False,False,False,True,11.559590153663782,13.131313131313131,0.02,52.8,5.681818181818182,-0.01398826439272937
469,46,9,16780579473016734881,True,True,False,True,False,False,False,True,9.196659359501167,18.181818181818183,0.020952631838679486,56.2,4.6263345195729535,-0.0031884122123094923
470,47,0,9787412338884462617,True,True,False,True,False,False,False,False,41.56468680789363,5.05050505050505,0.04090744936267793,55.8,5.734767025089606,-0.010687434270475816
471,47,1,8263434240776138988,True,True,False,True,False,False,False,False,3.698273889028445,35.35353535353536,0.020005167480034187,52.6,3.4220532319391634,0.009096124865663047
472,47,2,15765935131118565798,True,True,False,True,False,False,False,False,17.19411622666558,12.121212121212121,0.03126970684986692,57.4,2.4390243902439024,-0.018741939279247367
473,47,3,14311415918630373058,True,True,False,True,False,False,False,False,21.905575367093157,9.090909090909092,0.024293377026398052,55.6,3.9568345323741005,-0.0019127622187860484
474,47,4,14606423963844466587,True,True,False,True,False,False,False,False,12.004173048199121,8.080808080808081,0.023368118250888695,54.2,5.535055350553505,0.012659085096418601
475,47,5,13916355125123072018,True,True,False,True,False,False,False,False,4.694237623132202,46.464646464646464,0.02360549167629651,58.2,3.7800687285223367,0.003218609400557773
476,47,6,4570266675173619748,True,True,False,True,False,False,False,False,10.23187148812192,14.141414141414142,0.03966445534649579,54.6,2.5641025641025643,-0.032808136440227544
477,47,7,12230374919567853274,True,True,False,True,False,False,False,False,6.0808957433577415,16.161616161616163,0.024060612060136953,56.4,3.1914893617021276,0.012426432081266574
478,47,8,16446748985157699467,True,True,False,True,False,False,False,False,3.8618080993015,41.41414141414141,0.02,50.8,2.7559055118110236,0.007884718623232713
479,47,9,6315985991719994478,True,True,False,True,False,False,False,False,4.186440662214171,43.43434343434343,0.020000000000000004,56.0,1.7857142857142858,0.022820480221250692
480,48,0,8193087799053216061,True,True,False,False,True,True,True,True,4.756146910921284,50.505050505050505,0.020000000000000004,42.6,18.309859154929576,-0.0006211372416025673
481,48,1,12137614323321273706,True,True,False,False,True,True,True,True,4.950446288951307,53.535353535353536,0.02,45.2,15.044247787610619,-0.0005677387222503685
482,48,2,353287788442915135,True,True,False,False,True,True,True,True,5.2077130544582655,51.515151515151516,0.019999999999999997,45.4,13.656387665198238,-0.019518036796174153
483,48,3,7668277047449554856,True,True,False,False,True,True,True,True,4.99222651684454,47.474747474747474,0.02,41.6,16.826923076923077,0.003312440908853185
484,48,4,8739716216345774460,True,True,False,False,True,True,True,True,4.764936590080111,49.494949494949495,0.02,45.0,17.77777777777778,-0.007070778031893042
485,48,5,17591482226040440488,True,True,False,False,True,True,True,True,5.28630375573283,42.42424242424242,0.020772446038817383,47.0,15.319148936170214,-0.006010167780081207
486,48,6,11078599165376357429,True,True,False,False,True,True,True,True,3.7566295378592325,55.55555555555556,0.02,43.8,15.981735159817351,-0.008440101488971124
487,48,7,12369089344876689771,True,True,False,False,True,True,True,True,4.302311704196742,54.54545454545455,0.020000000000000004,44.0,18.636363636363637,0.011894885897882738
488,48,8,6811523542764495157,True,True,False,False,True,True,True,True,4.767971944203218,44.44444444444444,0.020000000000000004,43.2,17.12962962962963,0.023315894991588593
489,48,9,17306516182489306189,True,True,False,False,True,True,True,True,4.6254805839905035,46.464646464646464,0.02006481642687084,43.8,18.72146118721461,0.03513286278561783
490,49,0,7012964446598713500,True,True,False,False,True,True,True,False,4.234904637290875,53.535353535353536,0.02,43.8,16.894977168949772,-0.007534238686413435
491,49,1,8786892352141770493,True,True,False,False,True,True,True,False,4.93291226778014,48.484848484848484,0.019999999999999997,48.0,20.0,0.015682050260452496
492,49,2,4337224081139707565,True,True,False,False,True,True,True,False,4.352480130439506,54.54545454545455,0.019999999999999997,41.0,20.48780487804878,0.009970096297140348
493,49,3,16344297450261181662,True,True,False,False,True,True,True,False,5.158363601795724,50.505050505050505,0.020053007799514903,42.8,14.018691588785046,-0.05404820385537181
494,49,4,16174089779648494490,True,True,False,False,True,True,True,False,4.814595658481544,50.505050505050505,0.020000000000000004,42.6,13.615023474178404,0.038565111050249797
495,49,5,3259778765995382786,True,True,False,False,True,True,True,False,4.355739050490776,45.45454545454545,0.02,43.2,14.351851851851851,0.014427865893692311
496,49,6,10111293695543038510,True,True,False,False,True,True,True,False,5.167619321290231,48.484848484848484,0.02,44.8,20.535714285714285,-0.003675623750575834
497,49,7,17636430837278941724,True,True,False,False,True,True,True,False,5.3779975121830255,42.42424242424242,0.020000000000000004,46.4,15.517241379310345,-0.03063142034205128
498,49,8,12817324384489181453,True,True,False,False,True,True,True,False,4.529672225258942,48.484848484848484,0.020000000000000004,45.2,17.699115044247787,0.015715423560580276
499,49,9,16969191071401191956,True,True,False,False,True,True,True,False,5.183165711892669,53.535353535353536,0.02,43.4,12.903225806451612,-0.009738249626842542
500,50,0,14396147588568126452,True,True,False,False,True,True,False,True,5.066513701879704,44.44444444444444,0.02,45.4,15.859030837004406,0.004765161725263277
501,50,1,13208179685785043501,True,True,False,False,True,True,False,True,4.232366865086513,50.505050505050505,0.02,44.8,14.732142857142858,0.01526274557243791
502,50,2,17095165571005040958,True,True,False,False,True,True,False,True,4.814110304182894,43.43434343434343,0.02,46.2,18.181818181818183,-0.009292070610028262
503,50,3,9217373976883503331,True,True,False,False,True,True,False,True,5.344093115911864,47.474747474747474,0.020000000000000004,41.0,21.463414634146343,0.0077521962553013584
504,50,4,16474487211030411194,True,True,False,False,True,True,False,True,4.793645886664958,44.44444444444444,0.020000000000000004,42.0,21.428571428571427,-0.032557079345284304
505,50,5,17719716513304284483,True,True,False,False,True,True,False,True,4.790270811225096,51.515151515151516,0.020000000000000004,45.2,15.486725663716815,-0.027558864225637775
506,50,6,17148758406081292350,True,True,False,False,True,True,False,True,4.9255100204177635,52.525252525252526,0.019999999999999997,42.2,13.270142180094787,0.0213236936433782
507,50,7,13700384177196347838,True,True,False,False,True,True,False,True,4.9141872351375335,56.56565656565657,0.02,46.2,14.285714285714286,0.006850610591400062
508,50,8,2348574533359064067,True,True,False,False,True,True,False,True,5.328538369631742,53.535353535353536,0.02,43.8,16.438356164383563,-8.029831564465329e-05
509,50,9,173425325751552334,True,True,False,False,True,True,False,True,4.8669594585348115,50.505050505050505,0.019999999999999997,44.8,17.410714285714285,-0.012285224259785536
510,51,0,3661960635165366973,True,True,False,False,True,True,False,False,4.358423362343791,55.55555555555556,0.020000000000000004,45.0,18.22222222222222,0.02714772954631453
511,51,1,3646546037266017820,True,True,False,False,True,True,False,False,4.734378623826574,49.494949494949495,0.02,46.0,16.52173913043478,0.0008250338148025544
512,51,2,15708257200469764016,True,True,False,False,True,True,False,False,4.664414323379606,57.57575757575758,0.019999999999999997,42.0,14.285714285714286,-0.02138261817686574
513,51,3,8055884126166725788,True,True,False,False,True,True,False,False,4.881440273562515,55.55555555555556,0.019999999999999997,45.2,17.699115044247787,0.01876800277223445
514,51,4,3006858540254000705,True,True,False,False,True,True,False,False,5.530626875456859,50.505050505050505,0.019999999999999997,45.2,14.15929203539823,-0.013514523268104522
515,51,5,218006973439852840,True,True,False,False,True,True,False,False,4.695372998263586,51.515151515151516,0.02,46.8,18.803418803418804,0.00040164495962589084
516,51,6,6537407305151544942,True,True,False,False,True,True,False,False,5.877012022469812,46.464646464646464,0.02,40.0,19.5,-0.005403084330836648
517,51,7,10957951614768888747,True,True,False,False,True,True,False,False,5.439851222679602,44.44444444444444,0.020000000000000004,45.6,14.473684210526315,0.011128641049010412
518,51,8,734648652930761632,True,True,False,False,True,True,False,False,4.213031853434826,58.58585858585859,0.020000000000000004,46.4,15.948275862068966,-0.014869552274519344
519,51,9,15488074371904842302,True,True,False,False,True,True,False,False,4.750113745762618,53.535353535353536,0.020000000000000004,42.4,13.20754716981132,0.030380350186174212
520,52,0,6581236199667591258,True,True,False,False,True,False,True,True,3.745387927224707,47.474747474747474,0.019999999999999997,57.6,20.13888888888889,0.012483172075031659
521,52,1,9929386170895720859,True,True,False,False,True,False,True,True,6.0365348112984085,30.303030303030305,0.020000000000000004,56.8,17.95774647887324,0.031292230223539975
522,52,2,14006565429178082713,True,True,False,False,True,False,True,True,3.592250041433954,55.55555555555556,0.020000000000000004,58.2,15.463917525773196,-0.01820320162899821
523,52,3,14051788626642652483,True,True,False,False,True,False,True,True,4.088929454619214,56.56565656565657,0.020000000000000004,55.2,15.942028985507246,0.023391847404439368
524,52,4,9153872711457628353,True,True,False,False,True,False,True,True,4.640059501395187,45.45454545454545,0.020000000000000004,53.2,13.157894736842104,-0.010949052285767173
525,52,5,7590231016313925526,True,True,False,False,True,False,True,True,4.680493831301955,52.525252525252526,0.020000000000000004,53.2,17.293233082706767,-0.01315841602117437
526,52,6,16816325112023827626,True,True,False,False,True,False,True,True,4.146507128648606,47.474747474747474,0.020000000000000004,51.0,18.03921568627451,-0.012831146649598148
527,52,7,3996718067088854312,True,True,False,False,True,False,True,True,4.581966934839032,55.55555555555556,0.020000000000000004,55.0,16.363636363636363,0.028237095519603385
528,52,8,236013329474294901,True,True,False,False,True,False,True,True,3.7251573944208904,56.56565656565657,0.02,56.2,18.14946619217082,-0.0031552568751759408
529,52,9,9268781265652615209,True,True,False,False,True,False,True,True,4.463561883791053,52.525252525252526,0.019999999999999997,56.6,18.021201413427562,-0.017232539290984797
530,53,0,14176399381946097617,True,True,False,False,True,False,True,False,3.8297709841925696,51.515151515151516,0.02,59.2,16.89189189189189,-0.014948995755740534
531,53,1,15097698301374268669,True,True,False,False,True,False,True,False,4.32925314799732,38.38383838383838,0.020000000000000004,56.4,19.148936170212767,0.02890609780575059
532,53,2,5929344267692055215,True,True,False,False,True,False,True,False,3.8626322197540537,49.494949494949495,0.020000000000000004,55.0,15.272727272727273,-0.02146579544038979
533,53,3,13804476755390275712,True,True,False,False,True,False,True,False,5.782944569350664,20.2020202020202,0.020000000000000004,54.6,14.652014652014651,-0.026059764902367027
534,53,4,1082019748895482795,True,True,False,False,True,False,True,False,3.815899280903103,59.5959595959596,0.020000000000000004,56.6,14.840989399293287,0.027499821618938384
535,53,5,5214047421264510218,True,True,False,False,True,False,True,False,4.181683868675967,39.39393939393939,0.019999999999999997,55.8,19.71326164874552,-0.013494625756591312
536,53,6,6710973807872229755,True,True,False,False,True,False,True,False,4.009481438358676,50.505050505050505,0.02,56.8,17.253521126760564,0.002692892992470024
537,53,7,12992556746290280597,True,True,False,False,True,False,True,False,6.262787932365416,25.252525252525253,0.020000000000000004,57.6,17.708333333333332,-0.04630965300568542
538,53,8,17393544980601205153,True,True,False,False,True,False,True,False,4.620644593776677,38.38383838383838,0.020000000000000004,57.6,18.75,0.0223855190209442
539,53,9,16034417159872124136,True,True,False,False,True,False,True,False,3.945566748356458,46.464646464646464,0.019999999999999997,57.2,13.986013986013987,0.0219633245607839
540,54,0,10206969734356994119,True,True,False,False,True,False,False,True,3.7038625201723594,49.494949494949495,0.02,50.2,13.147410358565738,0.010319019087910743
541,54,1,9385316220305673928,True,True,False,False,True,False,False,True,5.656595780824997,37.37373737373738,0.020000000000000004,55.6,14.028776978417266,-0.007932890162922332
542,54,2,13189082466655629207,True,True,False,False,True,False,False,True,4.40443774852641,44.44444444444444,0.019999999999999997,53.8,19.33085501858736,0.013215672983138946
543,54,3,12281549976589076428,True,True,False,False,True,False,False,True,3.358622679154793,50.505050505050505,0.019999999999999997,59.6,14.765100671140939,-0.012372612652908838
544,54,4,6552205572987122325,True,True,False,False,True,False,False,True,3.8455439009402084,59.5959595959596,0.02,57.2,13.286713286713287,-0.006141388667208822
545,54,5,8138840871619180944,True,True,False,False,True,False,False,True,3.581314543884165,58.58585858585859,0.020000000000000004,56.8,18.309859154929576,0.023399417471836718
546,54,6,4602965425818858540,True,True,False,False,True,False,False,True,3.7184357274260487,53.535353535353536,0.02,51.8,12.741312741312742,-0.0010368066836311473
547,54,7,9226716999553953445,True,True,False,False,True,False,False,True,3.4731156567454287,52.525252525252526,0.020000000000000004,53.8,16.356877323420075,-0.01897923024723768
548,54,8,11646125198131132668,True,True,False,False,True,False,False,True,4.066314994980021,50.505050505050505,0.019999999999999997,55.6,15.467625899280575,-0.019642307299372583
549,54,9,7586077938672079733,True,True,False,False,True,False,False,True,5.669060936858426,30.303030303030305,0.020000000000000004,54.4,17.279411764705884,0.03483564798858628
550,55,0,4076147327185928742,True,True,False,False,True,False,False,False,4.3725453745733525,47.474747474747474,0.02,57.0,12.982456140350877,0.007104796701141799
551,55,1,3830398525535035732,True,True,False,False,True,False,False,False,4.940689946582854,40.4040404040404,0.020000000000000004,52.6,19.771863117870723,-0.017216407967574843
552,55,2,18031735318707330527,True,True,False,False,True,False,False,False,4.8602749863107615,38.38383838383838,0.020000000000000004,57.2,17.132867132867133,-0.041137137710288
553,55,3,12262404440321616304,True,True,False,False,True,False,False,False,4.772315125359381,36.36363636363637,0.020000000000000004,56.8,14.43661971830986,-0.02614734748882572
554,55,4,3596948720429249429,True,True,False,False,True,False,False,False,4.9900040844336795,34.343434343434346,0.02,55.8,18.63799283154122,-0.00046119517654540543
555,55,5,13773025440234896458,True,True,False,False,True,False,False,False,4.3293762354941085,54.54545454545455,0.020000000000000004,52.8,16.28787878787879,0.028959526024987955
556,55,6,7590396940230521846,True,True,False,False,True,False,False,False,4.016467329653956,52.525252525252526,0.02,57.8,17.993079584775085,0.0028727300547428686
557,55,7,16882939488018256579,True,True,False,False,True,False,False,False,4.075173033560952,54.54545454545455,0.02,54.8,19.343065693430656,0.0038736846001679735
558,55,8,10172884259545096075,True,True,False,False,True,False,False,False,3.7120998613422347,57.57575757575758,0.02,57.6,12.847222222222221,-0.0022035192893009262
559,55,9,17850366479792474133,True,True,False,False,True,False,False,False,4.456477888239232,54.54545454545455,0.020000000000000004,55.2,17.391304347826086,-0.03968309574438432
560,56,0,17837613191853237781,True,True,False,False,False,True,True,True,4.686796209354401,49.494949494949495,0.020000000000000004,38.2,14.136125654450261,0.020940663571327647
561,56,1,4301901796655713864,True,True,False,False,False,True,True,True,5.172000455362401,56.56565656565657,0.02,44.0,13.181818181818182,-0.010548710715810587
562,56,2,4138409985372300606,True,True,False,False,False,True,True,True,6.236732275526058,39.39393939393939,0.019999999999999997,44.8,18.75,-0.026818779308263544
563,56,3,13804647539291994737,True,True,False,False,False,True,True,True,4.665700294747625,50.505050505050505,0.02,39.6,16.161616161616163,-0.0007977032571745053
564,56,4,6222792840326547281,True,True,False,False,False,True,True,True,5.34104236149965,47.474747474747474,0.020000000000000004,46.6,21.459227467811157,0.018804999534713922
565,56,5,15433346033410119446,True,True,False,False,False,True,True,True,4.567013757129927,44.44444444444444,0.020000000000000004,41.8,18.660287081339714,0.009598738213342922
566,56,6,14297456383454720180,True,True,False,False,False,True,True,True,5.265454546437207,46.464646464646464,0.02044800071999161,42.0,18.571428571428573,-0.0063522882462137865
567,56,7,8129324744916400821,True,True,False,False,False,True,True,True,5.59469963948596,42.42424242424242,0.020000000000000004,42.0,19.523809523809526,-0.012541837271455449
568,56,8,15331620451740122819,True,True,False,False,False,True,True,True,4.981966450009329,36.36363636363637,0.020000000000000004,46.2,16.450216450216452,0.03447454150034825
569,56,9,12884797386363327386,True,True,False,False,False,True,True,True,4.558079624833899,52.525252525252526,0.020000000000000004,44.0,19.09090909090909,0.030036407398426838
570,57,0,8191745017797010716,True,True,False,False,False,True,True,False,6.473510778218575,34.343434343434346,0.019999999999999997,43.8,14.61187214611872,0.04704867038430341
571,57,1,7462653164295980075,True,True,False,False,False,True,True,False,5.020970055819634,53.535353535353536,0.020000000000000004,45.4,17.621145374449338,0.00996794983705683
572,57,2,11796253111704258133,True,True,False,False,False,True,True,False,6.147349382200435,40.4040404040404,0.020000000000000004,44.2,20.361990950226243,-0.030400664212272194
573,57,3,17984767699768793188,True,True,False,False,False,True,True,False,5.113284605601653,44.44444444444444,0.02,42.6,15.023474178403756,-0.0032763836427752544
574,57,4,8654522200001769131,True,True,False,False,False,True,True,False,4.610616843254268,48.484848484848484,0.020000000000000004,42.6,16.901408450704224,-0.0027186005710454412
575,57,5,9527220453827247470,True,True,False,False,False,True,True,False,6.066913863098462,40.4040404040404,0.020000000000000004,41.0,15.121951219512194,-0.01394009672204061
576,57,6,4109274732210728049,True,True,False,False,False,True,True,False,4.526775288886137,45.45454545454545,0.020000000000000004,44.2,17.647058823529413,0.016249453736231902
577,57,7,15289809235627116186,True,True,False,False,False,True,True,False,4.922146146932879,59.5959595959596,0.019999999999999997,44.0,22.272727272727273,-0.0348872555399455
578,57,8,17606248754109703525,True,True,False,False,False,True,True,False,5.534619074235951,45.45454545454545,0.020000000000000004,46.2,16.017316017316016,-0.03637730857708802
579,57,9,5804297873818926423,True,True,False,False,False,True,True,False,4.692330625934887,48.484848484848484,0.020000000000000004,40.8,20.58823529411765,0.01565038881903469
580,58,0,18229174888555964483,True,True,False,False,False,True,False,True,5.864568479544306,40.4040404040404,0.020000000000000004,44.4,16.666666666666668,0.01880075876638847
581,58,1,3268480251937565212,True,True,False,False,False,True,False,True,5.217322173225975,52.525252525252526,0.02,43.2,19.90740740740741,-0.004983070496231887
582,58,2,16974181280346920945,True,True,False,False,False,True,False,True,5.481237521281073,52.525252525252526,0.02,43.2,14.351851851851851,-0.005277322384371338
583,58,3,3273920496039228763,True,True,False,False,False,True,False,True,4.333281305355403,50.505050505050505,0.019999999999999997,42.8,13.08411214953271,0.008689127321784958
584,58,4,16255581342606133638,True,True,False,False,False,True,False,True,3.958614765689392,50.505050505050505,0.020000000000000004,43.2,14.351851851851851,0.028707957883355516
585,58,5,11222847916522934613,True,True,False,False,False,True,False,True,5.224401144537438,47.474747474747474,0.02,44.2,17.194570135746606,-0.006677470832801136
586,58,6,17866017088009219863,True,True,False,False,False,True,False,True,4.811856591491883,50.505050505050505,0.02,42.8,18.22429906542056,-0.007940218119297675
587,58,7,10019596473631308837,True,True,False,False,False,True,False,True,6.135844636927743,40.4040404040404,0.020000000000000004,40.6,14.77832512315271,-0.018653998359187254
588,58,8,7000726998392753797,True,True,False,False,False,True,False,True,6.212634637968473,40.4040404040404,0.020000000000000004,45.0,16.88888888888889,-0.004095788204886647
589,58,9,791714517761164154,True,True,False,False,False,True,False,True,4.75690195289646,49.494949494949495,0.02,41.6,16.346153846153847,-0.009748969338614048
590,59,0,4254210836658628755,True,True,False,False,False,True,False,False,4.594328970580133,51.515151515151516,0.02,39.8,16.582914572864322,-0.0026233251405757383
591,59,1,14382857153601302921,True,True,False,False,False,True,False,False,4.580930882385377,56.56565656565657,0.02,41.4,19.32367149758454,-0.0025923773710150996
592,59,2,11566202291323693709,True,True,False,False,False,True,False,False,4.662025767321227,32.323232323232325,0.019999999999999997,46.4,14.224137931034482,0.011175850039024422
593,59,3,17072303667159462269,True,True,False,False,False,True,False,False,4.606737516914272,45.45454545454545,0.02,46.2,17.748917748917748,-0.009283808970747124
594,59,4,1550396986493821776,True,True,False,False,False,True,False,False,4.878234152121821,65.65656565656566,0.019999999999999997,42.4,14.622641509433961,-0.022854285335292643
595,59,5,7017427131419481635,True,True,False,False,False,True,False,False,5.25690502876718,52.525252525252526,0.02004795938452588,44.0,15.454545454545455,-0.007630624539479386
596,59,6,6259300671987673893,True,True,False,False,False,True,False,False,5.313749645883607,47.474747474747474,0.020824652151830457,38.2,14.659685863874346,-0.001724387063779828
597,59,7,16089131869347137580,True,True,False,False,False,True,False,False,4.566780975821135,44.44444444444444,0.020000000000000004,44.0,17.727272727272727,0.01897988674138204
598,59,8,6645214788068105492,True,True,False,False,False,True,False,False,4.8998142446033,51.515151515151516,0.02,41.0,20.48780487804878,-0.005689408323940413
599,59,9,4127081330045346872,True,True,False,False,False,True,False,False,5.559672781725418,49.494949494949495,0.020000000000000004,44.0,14.090909090909092,0.022878302855937564
600,60,0,2284848355176870,True,True,False,False,False,False,True,True,4.719211275018888,42.42424242424242,0.019999999999999997,54.8,16.05839416058394,0.01969603460136206
601,60,1,13757409555277728175,True,True,False,False,False,False,True,True,3.9928930025673663,55.55555555555556,0.02,56.0,17.5,-0.010191522303574174
602,60,2,1664881303343820584,True,True,False,False,False,False,True,True,4.372725270982169,42.42424242424242,0.020000000000000004,51.8,19.305019305019304,-0.030699960969934253
603,60,3,8680914699216650148,True,True,False,False,False,False,True,True,3.8615939437905804,49.494949494949495,0.02,53.2,19.548872180451127,0.008084021401945456
604,60,4,4345898340914600937,True,True,False,False,False,False,True,True,5.199843875059781,42.42424242424242,0.020000000000000004,52.0,21.53846153846154,0.022889846562547816
605,60,5,10050716425123199329,True,True,False,False,False,False,True,True,5.093153513000223,49.494949494949495,0.020000000000000004,50.2,17.92828685258964,-0.040692585931112975
606,60,6,3005792399972901314,True,True,False,False,False,False,True,True,4.075863418710339,46.464646464646464,0.02,57.4,21.254355400696863,-0.00912182646144841
607,60,7,12921691063413194591,True,True,False,False,False,False,True,True,3.9080265468136037,39.39393939393939,0.019999999999999997,54.6,18.315018315018314,-0.025695403811482373
608,60,8,5837311951705993654,True,True,False,False,False,False,True,True,5.486446242672669,30.303030303030305,0.01999999999999999,53.0,18.867924528301888,-0.07218260629272229
609,60,9,11423506590820255003,True,True,False,False,False,False,True,True,5.188766005742204,38.38383838383838,0.020000000000000004,54.8,16.423357664233578,-0.01789173652450824
610,61,0,5554023684257216329,True,True,False,False,False,False,True,False,4.504929213064544,55.55555555555556,0.02,52.4,17.938931297709924,-0.0018461614713140046
611,61,1,17305536294696433973,True,True,False,False,False,False,True,False,4.437585980697619,52.525252525252526,0.02,56.0,18.928571428571427,0.0032036761468867206
612,61,2,16078491420588826605,True,True,False,False,False,False,True,False,4.096823692063876,44.44444444444444,0.020000000000000004,56.4,17.02127659574468,-0.0108521961077399
613,61,3,2412989389009713783,True,True,False,False,False,False,True,False,3.651557784667657,56.56565656565657,0.02,56.8,15.492957746478874,-0.005058433392635014
614,61,4,15672490611516673706,True,True,False,False,False,False,True,False,3.770131756221102,49.494949494949495,0.02,55.2,21.3768115942029,0.011014308844334532
615,61,5,682246176175658070,True,True,False,False,False,False,True,False,3.462291134362397,41.41414141414141,0.02,54.0,21.85185185185185,-0.006207892054115581
616,61,6,11389089477966965020,True,True,False,False,False,False,True,False,3.916035625719017,52.525252525252526,0.019999999999999997,55.2,18.115942028985508,0.021383057990941333
617,61,7,10906799977711980902,True,True,False,False,False,False,True,False,4.140263464436469,52.525252525252526,0.020000000000000004,54.8,15.328467153284672,-0.015658651317446034
618,61,8,11513255859484287763,True,True,False,False,False,False,True,False,4.50379918950802,36.36363636363637,0.020000000000000004,55.2,13.768115942028986,0.039778228764943
619,61,9,11445966944391606732,True,True,False,False,False,False,True,False,4.950512285459176,34.343434343434346,0.020000000000000004,55.0,18.545454545454547,0.046012497838577644
620,62,0,6661823799341337309,True,True,False,False,False,False,False,True,3.531188867236671,50.505050505050505,0.020261018739054518,56.6,18.374558303886925,0.001236143909487188
621,62,1,2010358580555245419,True,True,False,False,False,False,False,True,4.3861350886384685,42.42424242424242,0.02,51.8,19.305019305019304,-0.008120981008435415
622,62,2,4382176027538425414,True,True,False,False,False,False,False,True,4.084999139479883,41.41414141414141,0.02,56.6,19.434628975265017,0.0073148526770017465
623,62,3,6737244127046553852,True,True,False,False,False,False,False,True,3.811841980945615,52.525252525252526,0.02,53.0,15.09433962264151,0.0020187872250253605
624,62,4,13457730989706457243,True,True,False,False,False,False,False,True,4.029599914073975,46.464646464646464,0.020000000000000004,55.0,13.818181818181818,0.030254552238544136
625,62,5,7761927204399625184,True,True,False,False,False,False,False,True,5.180980705430486,51.515151515151516,0.020000000000000004,57.0,19.29824561403509,0.03705409130258287
626,62,6,14025127541913816661,True,True,False,False,False,False,False,True,3.895573017812163,49.494949494949495,0.020000000000000004,53.8,15.985130111524164,-0.016932407930048007
627,62,7,6110004608181657159,True,True,False,False,False,False,False,True,4.272197735183881,45.45454545454545,0.02,51.0,17.647058823529413,0.012563009725060503
628,62,8,18114001197017661967,True,True,False,False,False,False,False,True,3.9236974449847795,48.484848484848484,0.020000000000000004,51.6,19.767441860465116,-0.029709150305466288
629,62,9,6807049979036514686,True,True,False,False,False,False,False,True,4.800652713071158,46.464646464646464,0.02,58.6,20.477815699658702,0.011455179302028582
630,63,0,11830052820394801516,True,True,False,False,False,False,False,False,5.124884285966905,35.35353535353536,0.020000000000000004,59.2,16.89189189189189,0.007536541192472084
631,63,1,17233258200388546347,True,True,False,False,False,False,False,False,4.022202352614313,45.45454545454545,0.019999999999999997,56.6,20.49469964664311,0.012378619023221479
632,63,2,9963870620521088711,True,True,False,False,False,False,False,False,4.387306971801995,47.474747474747474,0.020000000000000004,50.2,17.529880478087648,0.028696677351545505
633,63,3,6191599116701360289,True,True,False,False,False,False,False,False,3.968682849647264,50.505050505050505,0.02,53.4,16.853932584269664,-0.0028520393022708167
634,63,4,7864235998280676300,True,True,False,False,False,False,False,False,4.022751488358722,51.515151515151516,0.020000000000000004,56.6,15.547703180212014,-0.027704393894090774
635,63,5,1497648562676941566,True,True,False,False,False,False,False,False,4.2489324655647085,58.58585858585859,0.019999999999999997,55.2,14.130434782608695,0.014909728593246517
636,63,6,4962951906264984904,True,True,False,False,False,False,False,False,4.366971253336643,56.56565656565657,0.02,55.0,20.363636363636363,-0.01455679940393612
637,63,7,2325267676968017474,True,True,False,False,False,False,False,False,4.127865108198308,40.4040404040404,0.020000000000000004,55.2,15.942028985507246,0.03835751863871607
638,63,8,12578624410381394554,True,True,False,False,False,False,False,False,3.768308118165322,55.55555555555556,0.02,53.2,12.406015037593985,0.006764065742518028
639,63,9,16422106841200673901,True,True,False,False,False,False,False,False,3.9346067321018903,52.525252525252526,0.02,54.4,16.544117647058822,-0.0075950242712068995
640,64,0,3041947634886495213,True,False,True,True,True,True,True,True,9.236384876545955,15.151515151515152,0.026347426467890966,42.0,0.0,-0.003598918932653585
641,64,1,3758274019360580903,True,False,True,True,True,True,True,True,4.346667030138158,43.43434343434343,0.020000000000000004,42.4,0.0,0.02143605779484602
642,64,2,5437969712317751549,True,False,True,True,True,True,True,True,5.1935936264509515,38.38383838383838,0.019999999999999997,44.4,0.0,0.005099111155035568
643,64,3,8641922243816230492,True,False,True,True,True,True,True,True,4.58736469182063,32.323232323232325,0.02,43.6,0.0,0.008605232831570907
644,64,4,12569757071536994611,True,False,True,True,True,True,True,True,3.923782719708089,48.484848484848484,0.020000000000000004,45.2,0.0,0.03551946310201526
645,64,5,12273671793764049750,True,False,True,True,True,True,True,True,8.588751989032822,15.151515151515152,0.02719467531985678,44.0,0.0,0.01748424544388272
646,64,6,3807051824352428198,True,False,True,True,True,True,True,True,8.849158852871776,12.121212121212121,0.020000000000000004,43.6,0.0,0.04456357860245425
647,64,7,17876917489497680167,True,False,True,True,True,True,True,True,9.906830756639202,10.1010101010101,0.027691936289352292,44.8,0.0,0.003485163980642354
648,64,8,8783921146202184701,True,False,True,True,True,True,True,True,5.276425126840191,40.4040404040404,0.020000000000000004,41.8,0.0,0.032548478580246024
649,64,9,2514850053525392902,True,False,True,True,True,True,True,True,10.308953681984885,9.090909090909092,0.02001579831421161,41.0,0.0,0.0377170819403689
650,65,0,5534642627239099971,True,False,True,True,True,True,True,False,7.3822425286981215,14.141414141414142,0.02,43.6,0.0,0.006760797872541474
651,65,1,4360147643021730915,True,False,True,True,True,True,True,False,4.685257316909693,40.4040404040404,0.020000000000000004,45.4,0.0,0.027884261680038037
652,65,2,685241983872205214,True,False,True,True,True,True,True,False,3.494011056648093,52.525252525252526,0.020000000000000004,45.0,0.0,0.008573911498442645
653,65,3,2756690823143640866,True,False,True,True,True,True,True,False,4.606116023823684,43.43434343434343,0.019999999999999997,44.4,0.0,0.012822376591304233
654,65,4,3379018869637686149,True,False,True,True,True,True,True,False,3.9691825834260515,54.54545454545455,0.019999999999999997,43.4,0.0,-0.024063635432181443
655,65,5,16770460405961605726,True,False,True,True,True,True,True,False,4.401269056681513,44.44444444444444,0.019999999999999997,41.8,0.0,-0.02556091483783073
656,65,6,7580172604579936369,True,False,True,True,True,True,True,False,6.168934229751409,32.323232323232325,0.020000000000000004,45.0,0.0,-0.053746411400141345
657,65,7,9965203100171258083,True,False,True,True,True,True,True,False,4.349238921097317,44.44444444444444,0.020000000000000004,43.0,0.0,0.010911299758398668
658,65,8,10551624398732399236,True,False,True,True,True,True,True,False,6.10345730347392,30.303030303030305,0.02,42.6,0.0,0.002874874542371547
659,65,9,12483434909067080692,True,False,True,True,True,True,True,False,3.7740714730888407,52.525252525252526,0.020000000000000004,45.0,0.0,-0.011752489976676666
660,66,0,3078652010967730045,True,False,True,True,True,True,False,True,3.8422299199341485,50.505050505050505,0.02,44.4,0.0,0.009260929150603467
661,66,1,1034189897658475324,True,False,True,True,True,True,False,True,4.47495234531916,41.41414141414141,0.020000000000000004,43.6,0.0,-0.021077530122231906
662,66,2,2792505505748690370,True,False,True,True,True,True,False,True,6.710924283079055,26.262626262626263,0.02,47.4,0.0,-0.003770043124841138
663,66,3,9224877059484273135,True,False,True,True,True,True,False,True,4.270488803828305,48.484848484848484,0.020000000000000004,43.2,0.0,-0.020260720944708488
664,66,4,17820936590375096737,True,False,True,True,True,True,False,True,4.691046841169317,53.535353535353536,0.02,38.4,0.0,-0.005896159405019895
665,66,5,7959637254216135626,True,False,True,True,True,True,False,True,6.7999027301830175,24.242424242424242,0.020000000000000004,41.0,0.0,0.0014192973318036004
666,66,6,13946542712469142817,True,False,True,True,True,True,False,True,11.000811567082105,10.1010101010101,0.025624313403108778,45.0,0.0,0.024815522335028425
667,66,7,2788609685083750708,True,False,True,True,True,True,False,True,3.8780700369476655,50.505050505050505,0.020000000000000004,44.8,0.0,0.019496910304726747
668,66,8,14901844772615620133,True,False,True,True,True,True,False,True,4.4897998884421035,42.42424242424242,0.020000000000000004,40.6,0.0,0.005461828595382247
669,66,9,7928076923582946875,True,False,True,True,True,True,False,True,9.587943663433299,12.121212121212121,0.024835484394941654,44.4,0.0,0.018957633332360026
670,67,0,12469721746137451577,True,False,True,True,True,True,False,False,4.631691152221557,43.43434343434343,0.019999999999999997,46.0,0.0,-0.028782950700515144
671,67,1,3419904106073641349,True,False,True,True,True,True,False,False,7.905006728716139,14.141414141414142,0.019999999999999997,44.8,0.0,-0.017261143685168755
672,67,2,18268284670257424489,True,False,True,True,True,True,False,False,6.005080593626037,22.22222222222222,0.020019243613394293,39.8,0.0,-0.03012675315063662
673,67,3,4651011743244920079,True,False,True,True,True,True,False,False,4.372271940936075,45.45454545454545,0.02,46.4,0.0,0.013789434451822418
674,67,4,3454189780403857944,True,False,True,True,True,True,False,False,4.708012926576059,67.67676767676768,0.020000000000000004,43.4,0.0,-0.03330970507932771
675,67,5,10483883152579293480,True,False,True,True,True,True,False,False,9.455257187920392,18.181818181818183,0.022767724343781874,41.6,0.0,-0.011642529056727644
676,67,6,5878239915704088418,True,False,True,True,True,True,False,False,5.025341762138393,41.41414141414141,0.020000000000000004,42.6,0.0,0.03803371452833285
677,67,7,10051631866538360701,True,False,True,True,True,True,False,False,4.773204385989316,37.37373737373738,0.02,45.2,0.0,-0.01171753340214197
678,67,8,678459354490226226,True,False,True,True,True,True,False,False,6.786212257464781,24.242424242424242,0.020000000000000004,44.6,0.0,0.008264758972407926
679,67,9,5284811824862174605,True,False,True,True,True,True,False,False,4.602996471365481,30.303030303030305,0.020000000000000004,45.0,0.0,-0.021588763728457073
680,68,0,11450816834125144210,True,False,True,True,True,False,True,True,5.823715831955262,15.151515151515152,0.02,55.2,0.0,0.0013796968804372387
681,68,1,12302722618578221377,True,False,True,True,True,False,True,True,3.827631175159794,36.36363636363637,0.020000000000000004,56.0,0.0,-0.009808929589807638
682,68,2,10947527888528420814,True,False,True,True,True,False,True,True,8.088931528899172,10.1010101010101,0.02229506874774602,53.4,0.0,0.006203041944992507
683,68,3,2264777201691893158,True,False,True,True,True,False,True,True,8.484386002061333,12.121212121212121,0.022850968697139075,53.8,0.0,0.01942577084581077
684,68,4,6333829616963777528,True,False,True,True,True,False,True,True,14.820638773480727,5.05050505050505,0.027360215833459985,52.8,0.0,0.012889110994548422
685,68,5,4898990925135358758,True,False,True,True,True,False,True,True,4.343947852315861,34.343434343434346,0.020000000000000004,58.4,0.0,-0.02787042984796198
686,68,6,9022738277101143789,True,False,True,True,True,False,True,True,3.4629550383433,40.4040404040404,0.020000000000000004,53.0,0.0,-0.017651923683265954
687,68,7,16293249774853126797,True,False,True,True,True,False,True,True,3.656020058482639,44.44444444444444,0.020000000000000004,56.6,0.0,-0.0068229605348634065
688,68,8,18407554129123083051,True,False,True,True,True,False,True,True,4.509994583152915,43.43434343434343,0.020000000000000004,54.2,0.0,0.01664015046908469
689,68,9,3209466624722142272,True,False,True,True,True,False,True,True,2.9541625609951954,57.57575757575758,0.020000000000000004,56.4,0.0,0.013824073052663973
690,69,0,8460719709774539405,True,False,True,True,True,False,True,False,7.876689730108954,6.0606060606060606,0.025398830138170316,52.2,0.0,-0.010031356996013829
691,69,1,1395090945735067972,True,False,True,True,True,False,True,False,3.623324377922943,43.43434343434343,0.02,56.2,0.0,-0.01173164516560617
692,69,2,11838562019142631710,True,False,True,True,True,False,True,False,3.9008872772253227,47.474747474747474,0.020000000000000004,55.6,0.0,-0.04025024264034296
693,69,3,7637187203237749213,True,False,True,True,True,False,True,False,3.9719773647368357,39.39393939393939,0.020000000000000004,51.2,0.0,0.026053982051533142
694,69,4,12831455231972048139,True,False,True,True,True,False,True,False,5.6225879676710395,20.2020202020202,0.020000000000000004,54.0,0.0,-0.012567576982074617
695,69,5,12459150564185434728,True,False,True,True,True,False,True,False,5.03293444775349,30.303030303030305,0.020000000000000004,57.2,0.0,-0.05544093190283394
696,69,6,15226754708930922782,True,False,True,True,True,False,True,False,8.789669687362684,14.141414141414142,0.02184253535797559,56.8,0.0,-0.007316816795850152
697,69,7,6653859932039814550,True,False,True,True,True,False,True,False,17.868747264948706,8.080808080808081,0.026518594638505675,55.2,0.0,-0.006108792198812688
698,69,8,8208479003989318402,True,False,True,True,True,False,True,False,6.149317697373051,20.2020202020202,0.020000000000000004,54.2,0.0,-0.05757392177918264
699,69,9,1759233659374231529,True,False,True,True,True,False,True,False,8.32553827339663,9.090909090909092,0.03162421796970681,55.0,0.0,-0.007520961985549731
700,70,0,2696596950494259861,True,False,True,True,True,False,False,True,3.6275065826692976,50.505050505050505,0.020000000000000004,53.4,0.0,0.022610689318937126
701,70,1,4481050161294315101,True,False,True,True,True,False,False,True,6.36385564267875,17.171717171717173,0.019999999999999997,58.4,0.0,-0.016694406133652827
702,70,2,9345358776014706171,True,False,True,True,True,False,False,True,4.494381156625909,31.31313131313131,0.019999999999999997,54.4,0.0,-0.02471241680284094
703,70,3,11910985340016846167,True,False,True,True,True,False,False,True,9.52783819967333,11.11111111111111,0.02,51.0,0.0,0.0030541603041033677
704,70,4,1672992473124529580,True,False,True,True,True,False,False,True,12.733821219099587,6.0606060606060606,0.02,56.2,0.0,-0.004433235507516754
705,70,5,10919339568168283260,True,False,True,True,True,False,False,True,6.547556888935267,17.171717171717173,0.02350276469471208,59.8,0.0,-0.016164243306376537
706,70,6,9948777882941599835,True,False,True,True,True,False,False,True,4.2774970133452275,26.262626262626263,0.020000000000000004,54.0,0.0,0.041685317893687
707,70,7,5563083350341358010,True,False,True,True,True,False,False,True,7.513889744945062,17.171717171717173,0.019999999999999997,53.8,0.0,0.018577328980773362
708,70,8,10324805789309949585,True,False,True,True,True,False,False,True,4.201640048624372,30.303030303030305,0.020000000000000004,58.0,0.0,0.0140954308709597
709,70,9,12865726522802409991,True,False,True,True,True,False,False,True,4.90137586351841,15.151515151515152,0.019999999999999997,52.8,0.0,0.0071150270405236984
710,71,0,16230186489258881229,True,False,True,True,True,False,False,False,7.760266300812979,14.141414141414142,0.028498858609665872,55.4,0.0,0.00232649987835355
711,71,1,12042212445424980686,True,False,True,True,True,False,False,False,15.188318838537839,10.1010101010101,0.02256443854231304,54.4,0.0,0.052799580872398055
712,71,2,10862904117328245478,True,False,True,True,True,False,False,False,3.8722404019437,44.44444444444444,0.020000000000000004,55.8,0.0,0.03247128244827738
713,71,3,15997697482820542844,True,False,True,True,True,False,False,False,8.225685597625645,13.131313131313131,0.026829687023570345,55.6,0.0,0.01877015757471658
714,71,4,7877741529468870332,True,False,True,True,True,False,False,False,3.5160049169170584,41.41414141414141,0.02,54.2,0.0,-0.01023878285569229
715,71,5,4871863711107893871,True,False,True,True,True,False,False,False,6.151456440407503,14.141414141414142,0.026076561534707995,54.2,0.0,-0.030159177093720606
716,71,6,11463596806033708488,True,False,True,True,True,False,False,False,6.673324633815371,14.141414141414142,0.02,53.8,0.0,-0.00875934546121674
717,71,7,16654590894766299280,True,False,True,True,True,False,False,False,10.077214993795883,10.1010101010101,0.031616374640279526,53.8,0.0,0.024096031471893254
718,71,8,15279664944562094937,True,False,True,True,True,False,False,False,3.654616428712957,42.42424242424242,0.020000000000000004,58.8,0.0,0.033440091908938645
719,71,9,3108528169688298256,True,False,True,True,True,False,False,False,3.21569221821303,50.505050505050505,0.02,60.2,0.0,0.0009020163492156894
720,72,0,11305140822787842976,True,False,True,True,False,True,True,True,5.075910702454285,39.39393939393939,0.020000000000000004,40.2,0.0,-0.03075538627732347
721,72,1,4853749910919993148,True,False,True,True,False,True,True,True,4.612440340004095,56.56565656565657,0.02,44.0,0.0,-0.002458276484062542
722,72,2,1188241189531123716,True,False,True,True,False,True,True,True,5.261513661183963,42.42424242424242,0.02,41.6,0.0,-0.0027716599531807697
723,72,3,2037038135539399376,True,False,True,True,False,True,True,True,4.081184975786113,42.42424242424242,0.020000000000000004,43.2,0.0,-0.04152395029665122
724,72,4,6835909026623779808,True,False,True,True,False,True,True,True,4.894467209616297,39.39393939393939,0.02,39.8,0.0,-0.0017274988651466172
725,72,5,8104263252604592767,True,False,True,True,False,True,True,True,4.331019104523194,42.42424242424242,0.020000000000000004,41.4,0.0,-0.041326912807351096
726,72,6,1977673634823683811,True,False,True,True,False,True,True,True,4.423136983388161,57.57575757575758,0.02,43.0,0.0,0.014330579859214466
727,72,7,8100160486414596118,True,False,True,True,False,True,True,True,7.044684552558275,18.181818181818183,0.02081205947050463,44.0,0.0,-0.006623986444478526
728,72,8,17334112125015669149,True,False,True,True,False,True,True,True,4.521443049347498,47.474747474747474,0.02,45.6,0.0,0.007900520058333698
729,72,9,8050328089296973641,True,False,True,True,False,True,True,True,3.759077747226606,42.42424242424242,0.020000000000000004,46.2,0.0,-0.0353805049893665
730,73,0,17276776582488604238,True,False,True,True,False,True,True,False,3.897224999343669,43.43434343434343,0.020000000000000004,44.6,0.0,-0.03608020880108289
731,73,1,14223808952799127518,True,False,True,True,False,True,True,False,4.40537538104689,51.515151515151516,0.020000000000000004,39.4,0.0,0.021080426980917607
732,73,2,16570966149204436960,True,False,True,True,False,True,True,False,11.8673338997216,14.141414141414142,0.025249279605680408,47.0,0.0,-0.029969167499355923
733,73,3,1558444296671557715,True,False,True,True,False,True,True,False,4.529365230404101,50.505050505050505,0.02,40.4,0.0,-0.0002517373840394427
734,73,4,15935824253323887252,True,False,True,True,False,True,True,False,7.910965206671132,16.161616161616163,0.020852436295611905,44.0,0.0,0.006812463302834369
735,73,5,11535973078383029604,True,False,True,True,False,True,True,False,3.9908021330233203,45.45454545454545,0.020000000000000004,43.4,0.0,0.011999776570484538
736,73,6,4178559847522688487,True,False,True,True,False,True,True,False,6.646025013477335,23.232323232323232,0.020000000000000004,41.2,0.0,-0.01804393002816763
737,73,7,1482853917539870598,True,False,True,True,False,True,True,False,7.302144703859025,17.171717171717173,0.02,41.8,0.0,0.0064829489202085635
738,73,8,4815025836747746023,True,False,True,True,False,True,True,False,10.304936038766947,11.11111111111111,0.020000000000000004,48.0,0.0,-0.027492400519658743
739,73,9,8230534088812783237,True,False,True,True,False,True,True,False,4.399584079058863,41.41414141414141,0.020000000000000004,44.2,0.0,-0.004074729518560824
740,74,0,17083137857521874122,True,False,True,True,False,True,False,True,4.383807850797274,41.41414141414141,0.02,41.8,0.0,0.008716222864728515
741,74,1,18207800522861084641,True,False,True,True,False,True,False,True,4.224688443543723,44.44444444444444,0.02,41.6,0.0,-0.0008437234061245724
742,74,2,2356075151401510947,True,False,True,True,False,True,False,True,6.36764872384494,19.19191919191919,0.019999999999999997,44.0,0.0,0.01671672095801997
743,74,3,17327812899089850003,True,False,True,True,False,True,False,True,4.383845892056097,40.4040404040404,0.019999999999999997,42.4,0.0,0.015829769666616093
744,74,4,6669229290009541161,True,False,True,True,False,True,False,True,4.832092396320011,39.39393939393939,0.02,43.2,0.0,-0.012194021101827848
745,74,5,2736783908588461854,True,False,True,True,False,True,False,True,4.739911360028255,51.515151515151516,0.020000000000000004,42.6,0.0,-0.016607950274563486
746,74,6,8389279881109875697,True,False,True,True,False,True,False,True,4.63618623852203,47.474747474747474,0.020000000000000004,43.0,0.0,0.012735846001879016
747,74,7,12040989287875913551,True,False,True,True,False,True,False,True,9.713994505221075,12.121212121212121,0.025309228792851596,48.4,0.0,-0.0036880369590199294
748,74,8,16343131367166982240,True,False,True,True,False,True,False,True,8.798050606538395,18.181818181818183,0.020000000000000004,42.0,0.0,0.02929181348892098
749,74,9,1010444954188677101,True,False,True,True,False,True,False,True,5.719583933966038,33.333333333333336,0.020000000000000004,42.8,0.0,0.019612209859707557
750,75,0,14299527042320873810,True,False,True,True,False,True,False,False,4.424676410688624,57.57575757575758,0.020000000000000004,43.8,0.0,0.01800079476777246
751,75,1,4694592027825549654,True,False,True,True,False,True,False,False,6.432212697167404,25.252525252525253,0.020000000000000004,43.8,0.0,0.02457207354945808
752,75,2,14195427025263673715,True,False,True,True,False,True,False,False,4.299073941728718,54.54545454545455,0.020000000000000004,44.2,0.0,0.016557882117430943
753,75,3,12567890986080069538,True,False,True,True,False,True,False,False,5.8830128751734545,26.262626262626263,0.020000000000000004,45.2,0.0,-0.012075882474846924
754,75,4,11515010379608175223,True,False,True,True,False,True,False,False,5.795945605986068,36.36363636363637,0.020000000000000004,43.2,0.0,-0.04162765637807109
755,75,5,1000632721946205175,True,False,True,True,False,True,False,False,4.16658872004166,48.484848484848484,0.019999999999999997,40.2,0.0,0.01931642393095422
756,75,6,16984482214496548407,True,False,True,True,False,True,False,False,4.5065620977139025,41.41414141414141,0.020000000000000004,43.2,0.0,0.023484205587745735
757,75,7,5566805522624527844,True,False,True,True,False,True,False,False,4.912383548939017,35.35353535353536,0.020000000000000004,36.8,0.0,-0.01284114484309783
758,75,8,5617039305955614104,True,False,True,True,False,True,False,False,13.727922166651965,13.131313131313131,0.026184377901079185,41.2,0.0,0.0011375772581335565
759,75,9,16376738252920228352,True,False,True,True,False,True,False,False,4.263057813192123,47.474747474747474,0.020000000000000004,46.8,0.0,0.04234052904264268
760,76,0,9296864547130789562,True,False,True,True,False,False,True,True,24.770364042543765,3.0303030303030303,0.02528191725095052,56.2,0.0,-0.020882122608800756
761,76,1,17537116968433084141,True,False,True,True,False,False,True,True,3.5397099965057386,55.55555555555556,0.019999999999999997,54.8,0.0,0.01110593943488782
762,76,2,11278279120382253123,True,False,True,True,False,False,True,True,6.6568639735724755,15.151515151515152,0.020000000000000004,53.2,0.0,-0.032937756004064386
763,76,3,1384320045856664685,True,False,True,True,False,False,True,True,4.106460388261615,34.343434343434346,0.020000000000000004,57.4,0.0,0.033497149432801195
764,76,4,10461371882880151609,True,False,True,True,False,False,True,True,4.296009220787754,38.38383838383838,0.02,56.0,0.0,0.00028439078127512465
765,76,5,12944823008822168698,True,False,True,True,False,False,True,True,7.123851140006255,14.141414141414142,0.020088536688246113,52.8,0.0,-0.015564803353541967
766,76,6,13636920994749786180,True,False,True,True,False,False,True,True,9.863618950106735,10.1010101010101,0.027415567997872658,47.4,0.0,0.032069418544685306
767,76,7,17240044847813376534,True,False,True,True,False,False,True,True,3.723962693295036,46.464646464646464,0.020000000000000004,52.6,0.0,-0.020542008007575496
768,76,8,67354556108309884,True,False,True,True,False,False,True,True,3.6077716322976294,49.494949494949495,0.02,54.2,0.0,0.0052255764342998955
769,76,9,18376537895061442848,True,False,True,True,False,False,True,True,8.201074627817558,16.161616161616163,0.02500062923238815,52.4,0.0,0.008520983175941934
770,77,0,15396816121164535578,True,False,True,True,False,False,True,False,4.926269813318433,23.232323232323232,0.020000000000000004,57.8,0.0,-0.005401628558173942
771,77,1,9691627282931187148,True,False,True,True,False,False,True,False,5.787109904084065,11.11111111111111,0.022390922178537612,61.4,0.0,0.009598903448609804
772,77,2,9991001610827230522,True,False,True,True,False,False,True,False,13.193404709284046,3.0303030303030303,0.025348285198953636,54.6,0.0,-0.023150202713142356
773,77,3,160005027129324221,True,False,True,True,False,False,True,False,5.086977733841968,29.292929292929294,0.020000000000000004,52.4,0.0,0.03106239309270354
774,77,4,16227612536892406108,True,False,True,True,False,False,True,False,10.006332215894567,8.080808080808081,0.02503751507469701,53.6,0.0,-0.03464861008364467
775,77,5,11629804370285530779,True,False,True,True,False,False,True,False,5.320084343877232,19.19191919191919,0.019999999999999997,55.0,0.0,0.023176310806881126
776,77,6,5350415557318698420,True,False,True,True,False,False,True,False,10.132756971676036,6.0606060606060606,0.029278595405314772,54.0,0.0,-0.006215415684488558
777,77,7,4522650041229279626,True,False,True,True,False,False,True,False,3.453998369332916,48.484848484848484,0.02,56.4,0.0,-0.003496740669623021
778,77,8,15503597048485430942,True,False,True,True,False,False,True,False,6.555784182497608,14.141414141414142,0.019999999999999997,55.8,0.0,-0.024841162226474204
779,77,9,9656235517030538585,True,False,True,True,False,False,True,False,5.236143941553305,18.181818181818183,0.02,57.2,0.0,-0.0015733461084506295
780,78,0,5067599317234646167,True,False,True,True,False,False,False,True,3.644233466334407,47.474747474747474,0.020000000000000004,58.2,0.0,0.027258352811517703
781,78,1,5912098288912815874,True,False,True,True,False,False,False,True,3.2524144695131514,51.515151515151516,0.02,53.0,0.0,-0.020274999609647064
782,78,2,10169017439182283499,True,False,True,True,False,False,False,True,7.190966008370019,14.141414141414142,0.02634181637463869,55.0,0.0,0.026630909107634472
783,78,3,2390085148402250954,True,False,True,True,False,False,False,True,3.4668639562772268,34.343434343434346,0.02,54.0,0.0,0.0002966704896420553
784,78,4,197647860435077842,True,False,True,True,False,False,False,True,13.961924132024135,7.070707070707071,0.021255694260630772,56.6,0.0,0.020247447929362443
785,78,5,6809217756641974992,True,False,True,True,False,False,False,True,11.615876276402936,3.0303030303030303,0.02186451098517036,58.6,0.0,0.04561562649651393
786,78,6,18260423886587135450,True,False,True,True,False,False,False,True,5.362472695439975,20.2020202020202,0.019999999999999997,53.8,0.0,0.015549060129948028
787,78,7,6580025947203236308,True,False,True,True,False,False,False,True,7.884989546515356,12.121212121212121,0.02480553040161212,51.6,0.0,0.0024154360834716675
788,78,8,615029340802945097,True,False,True,True,False,False,False,True,10.280749787736935,9.090909090909092,0.021287898588112752,54.8,0.0,0.03648994709671705
789,78,9,6850303322277935376,True,False,True,True,False,False,False,True,5.903821195210424,22.22222222222222,0.02,53.0,0.0,0.00530366910339429
790,79,0,14678975380696578177,True,False,True,True,False,False,False,False,5.305508502794311,13.131313131313131,0.020000000000000004,52.2,0.0,-0.017041546855660197
791,79,1,3584461511792063318,True,False,True,True,False,False,False,False,10.969674829479573,7.070707070707071,0.023284337997193424,57.4,0.0,9.51291773841637e-05
792,79,2,8581177691092830108,True,False,True,True,False,False,False,False,7.1084212621058676,17.171717171717173,0.02,52.4,0.0,0.005094705460088239
793,79,3,17594771947047187816,True,False,True,True,False,False,False,False,3.872513049887216,46.464646464646464,0.02,54.4,0.0,0.003340293047343288
794,79,4,3564255662795154966,True,False,True,True,False,False,False,False,3.7167533102238264,47.474747474747474,0.020000000000000004,54.0,0.0,0.013155249792246283
795,79,5,8415129448219842361,True,False,True,True,False,False,False,False,13.284783161681679,5.05050505050505,0.02178290719637379,54.4,0.0,0.01120849672130941
796,79,6,12081293056685926842,True,False,True,True,False,False,False,False,3.434620599663349,42.42424242424242,0.020000000000000004,59.0,0.0,0.03204684124235199
797,79,7,12556553398613938588,True,False,True,True,False,False,False,False,8.245538389933463,9.090909090909092,0.019999999999999997,55.0,0.0,0.01613909958937159
798,79,8,1739268467471292328,True,False,True,True,False,False,False,False,3.609840783437388,41.41414141414141,0.02,52.2,0.0,-0.006825380425725365
799,79,9,14716784387960396141,True,False,True,True,False,False,False,False,5.7789259036617375,18.181818181818183,0.019999999999999997,54.8,0.0,0.023443941971139425
800,80,0,3709968450140104490,True,False,True,False,True,True,True,True,4.200694830580605,63.63636363636363,0.020000000000000004,41.4,0.0,-0.030213612803869572
801,80,1,5829994513855577588,True,False,True,False,True,True,True,True,4.376170356630236,54.54545454545455,0.019999999999999997,45.0,0.0,0.0653828143842755
802,80,2,14105761931759287695,True,False,True,False,True,True,True,True,3.9618418858872975,48.484848484848484,0.02,42.6,0.0,0.0003281345551948207
803,80,3,11606614997054867551,True,False,True,False,True,True,True,True,4.13420351931662,43.43434343434343,0.019999999999999997,42.6,0.0,0.03206211635692685
804,80,4,6147718787544320353,True,False,True,False,True,True,True,True,4.372006746066998,51.515151515151516,0.020000000000000004,45.6,0.0,-0.026468485118435043
805,80,5,16242302718189223276,True,False,True,False,True,True,True,True,3.8459819600794862,51.515151515151516,0.020000000000000004,43.6,0.0,0.011223657445018659
806,80,6,14592325887262489855,True,False,True,False,True,True,True,True,3.3482808643909703,56.56565656565657,0.019999999999999997,43.2,0.0,0.019594975903921872
807,80,7,16639872696836719263,True,False,True,False,True,True,True,True,4.600405485490213,41.41414141414141,0.020000000000000004,43.8,0.0,-0.03123919200911097
808,80,8,1849625791216947439,True,False,True,False,True,True,True,True,4.334073175448951,52.525252525252526,0.019999999999999997,48.2,0.0,0.011362660593717685
809,80,9,11379304444329238947,True,False,True,False,True,True,True,True,4.601796232190994,44.44444444444444,0.02,39.2,0.0,-0.010229916257266755
810,81,0,3459559942689909752,True,False,True,False,True,True,True,False,3.9951643100800966,49.494949494949495,0.02,44.4,0.0,0.0017892352011288555
811,81,1,15241905585454502543,True,False,True,False,True,True,True,False,4.63516558774822,55.55555555555556,0.02,45.8,0.0,-0.002096732149778741
812,81,2,10908057536234380147,True,False,True,False,True,True,True,False,3.895285132517787,42.42424242424242,0.02,45.2,0.0,0.000235409536819816
813,81,3,11872846962186036945,True,False,True,False,True,True,True,False,3.862946691871832,45.45454545454545,0.020000000000000004,42.6,0.0,0.043510282146308574
814,81,4,3145790787742835339,True,False,True,False,True,True,True,False,4.013228955383671,47.474747474747474,0.02,40.6,0.0,-0.006995072906790176
815,81,5,10889327424770417259,True,False,True,False,True,True,True,False,4.050609362126127,51.515151515151516,0.020000000000000004,44.0,0.0,-0.020300398037858575
816,81,6,3034992439579980930,True,False,True,False,True,True,True,False,4.1397524214996135,43.43434343434343,0.02,44.2,0.0,-0.010707663181495578
817,81,7,105432544201641873,True,False,True,False,True,True,True,False,4.454067749679682,51.515151515151516,0.019999999999999997,44.8,0.0,0.019699162626228943
818,81,8,9662989367356395367,True,False,True,False,True,True,True,False,5.296175780796185,40.4040404040404,0.02,45.6,0.0,-0.0005941452758039523
819,81,9,8344083649628613616,True,False,True,False,True,True,True,False,4.322111413117224,48.484848484848484,0.019999999999999997,39.6,0.0,-0.01593394125504772
820,82,0,9073980688532954205,True,False,True,False,True,True,False,True,4.537224933179001,30.303030303030305,0.019999999999999997,45.2,0.0,0.016533588102818256
821,82,1,8197653136253401587,True,False,True,False,True,True,False,True,3.7667353537359203,46.464646464646464,0.020000000000000004,44.6,0.0,0.010174254306943232
822,82,2,18217667612630101072,True,False,True,False,True,True,False,True,4.1341165766070045,44.44444444444444,0.020000000000000004,44.0,0.0,-0.03254852456258305
823,82,3,7319382872311963525,True,False,True,False,True,True,False,True,4.436612485716415,49.494949494949495,0.02,43.2,0.0,0.017563146225951145
824,82,4,13428167803987858683,True,False,True,False,True,True,False,True,3.8165174368829424,47.474747474747474,0.020000000000000004,43.6,0.0,0.03847423195635901
825,82,5,1692706581959737070,True,False,True,False,True,True,False,True,3.9983543071018373,57.57575757575758,0.020000000000000004,43.4,0.0,-0.014280815713675135
826,82,6,7818196402016322608,True,False,True,False,True,True,False,True,4.042963043580571,39.39393939393939,0.019999999999999997,44.2,0.0,0.014555796794890188
827,82,7,4102312631288398829,True,False,True,False,True,True,False,True,4.037584287143117,42.42424242424242,0.020000000000000004,45.8,0.0,-0.03550813955506708
828,82,8,1723143412139879752,True,False,True,False,True,True,False,True,4.164328631479813,44.44444444444444,0.019999999999999997,44.8,0.0,0.011318798625509219
829,82,9,9833016028850421511,True,False,True,False,True,True,False,True,5.152301035730988,31.31313131313131,0.019999999999999997,41.0,0.0,0.0652831966648582
830,83,0,13791140537723408012,True,False,True,False,True,True,False,False,4.0685174957199335,59.5959595959596,0.02,44.6,0.0,-0.018473571563124007
831,83,1,8538821301073613273,True,False,True,False,True,True,False,False,4.032869912205027,50.505050505050505,0.020000000000000004,43.6,0.0,0.0416817967088826
832,83,2,14432270841372049533,True,False,True,False,True,True,False,False,4.162013509333514,51.515151515151516,0.02,45.0,0.0,0.004021100343329591
833,83,3,9452541136759747039,True,False,True,False,True,True,False,False,3.7143179156868884,46.464646464646464,0.019999999999999997,43.2,0.0,0.010058139120905302
834,83,4,12286752685796225200,True,False,True,False,True,True,False,False,4.216168110835906,51.515151515151516,0.020000000000000004,43.4,0.0,0.030099912365991358
835,83,5,17344456168505442811,True,False,True,False,True,True,False,False,3.465652801137027,48.484848484848484,0.02,46.0,0.0,-0.0003796975101613633
836,83,6,2494770143974600345,True,False,True,False,True,True,False,False,4.243362899520117,45.45454545454545,0.020000000000000004,41.4,0.0,-0.022017645628456983
837,83,7,14381748262736847817,True,False,True,False,True,True,False,False,4.1227595264079335,48.484848484848484,0.019999999999999997,45.0,0.0,-0.0005031955509784731
838,83,8,9970715406295774644,True,False,True,False,True,True,False,False,4.198928523279281,45.45454545454545,0.020000000000000004,45.0,0.0,0.016098118857268744
839,83,9,10065140136866603106,True,False,True,False,True,True,False,False,3.9601930251982753,46.464646464646464,0.02,45.6,0.0,0.010605008593801953
840,84,0,12417582133705010115,True,False,True,False,True,False,True,True,3.3063275061722277,47.474747474747474,0.019999999999999997,55.0,0.0,-0.004709442921620925
841,84,1,64287102569567176,True,False,True,False,True,False,True,True,3.634647892948371,38.38383838383838,0.02,56.2,0.0,-0.007625567404080778
842,84,2,13041245166033641301,True,False,True,False,True,False,True,True,3.1969115764460043,39.39393939393939,0.020000000000000004,53.6,0.0,-0.010750833240637872
843,84,3,16328475195546875810,True,False,True,False,True,False,True,True,3.4595190490105012,50.505050505050505,0.020000000000000004,53.4,0.0,-0.03297721491465563
844,84,4,17150572200868830274,True,False,True,False,True,False,True,True,3.512513509593739,53.535353535353536,0.020000000000000004,57.8,0.0,-0.0351240477466024
845,84,5,12717797387713945981,True,False,True,False,True,False,True,True,3.717012395502429,41.41414141414141,0.020000000000000004,50.2,0.0,-0.030982721261196958
846,84,6,17542989752141508565,True,False,True,False,True,False,True,True,3.360749039357714,47.474747474747474,0.020000000000000004,55.0,0.0,0.01688409872001635
847,84,7,7278285445529857571,True,False,True,False,True,False,True,True,3.2085985079228254,44.44444444444444,0.020000000000000004,56.4,0.0,-0.016426306063151683
848,84,8,11242999998550722493,True,False,True,False,True,False,True,True,3.6654162922747626,45.45454545454545,0.019999999999999997,54.6,0.0,0.012185061134425076
849,84,9,4370939551724695753,True,False,True,False,True,False,True,True,3.980340838021523,50.505050505050505,0.02,53.6,0.0,0.003690562807582502
850,85,0,6097318706642477714,True,False,True,False,True,False,True,False,3.256169383032886,45.45454545454545,0.020000000000000004,55.8,0.0,0.006754364948145388
851,85,1,7801616631135188633,True,False,True,False,True,False,True,False,3.338815201643921,52.525252525252526,0.019999999999999997,54.6,0.0,-0.055980341659690194
852,85,2,17059996747137326370,True,False,True,False,True,False,True,False,3.7521541665598046,41.41414141414141,0.020000000000000004,56.8,0.0,0.02399179875703659
853,85,3,8085532364957508637,True,False,True,False,True,False,True,False,3.7957654319692207,33.333333333333336,0.02,53.6,0.0,0.006300244787049161
854,85,4,10081881816878306818,True,False,True,False,True,False,True,False,3.6786869152255894,43.43434343434343,0.020000000000000004,55.0,0.0,-0.04406910663331643
855,85,5,387598952434899492,True,False,True,False,True,False,True,False,3.2052432786291694,59.5959595959596,0.02,58.2,0.0,0.0048908821327957475
856,85,6,17228628281599643476,True,False,True,False,True,False,True,False,3.4087544641590233,40.4040404040404,0.020000000000000004,55.6,0.0,-0.012572926670999969
857,85,7,13874302550458902492,True,False,True,False,True,False,True,False,3.462031048315105,53.535353535353536,0.020000000000000004,57.4,0.0,0.02614584717829068
858,85,8,1544682440102876088,True,False,True,False,True,False,True,False,3.554043680549438,49.494949494949495,0.02,56.6,0.0,0.0037555498106712
859,85,9,13395463290167314603,True,False,True,False,True,False,True,False,3.7217238947238527,53.535353535353536,0.020000000000000004,52.6,0.0,0.010602805473601982
860,86,0,11186989275245743370,True,False,True,False,True,False,False,True,3.541975026889221,50.505050505050505,0.02,49.4,0.0,0.007719944489191096
861,86,1,1301301396312776403,True,False,True,False,True,False,False,True,3.711179881078708,51.515151515151516,0.019999999999999997,52.4,0.0,0.033890768976630216
862,86,2,4392791433269778972,True,False,True,False,True,False,False,True,3.921330766652982,42.42424242424242,0.02,55.0,0.0,0.006310761840611308
863,86,3,2426570195441758398,True,False,True,False,True,False,False,True,3.0712159610967458,54.54545454545455,0.020000000000000004,56.2,0.0,-0.03392337802576903
864,86,4,13263006318378943526,True,False,True,False,True,False,False,True,3.017219819536055,57.57575757575758,0.019999999999999997,53.0,0.0,-0.01950985352755331
865,86,5,10992828719866585365,True,False,True,False,True,False,False,True,3.5074989337697944,48.484848484848484,0.020000000000000004,56.0,0.0,-0.03107171303927731
866,86,6,7775857330849045555,True,False,True,False,True,False,False,True,3.7269455804629246,44.44444444444444,0.020000000000000004,55.0,0.0,-0.019856406912575623
867,86,7,7405169794503807694,True,False,True,False,True,False,False,True,5.1631957691259585,23.232323232323232,0.02,59.4,0.0,-0.00968149392460363
868,86,8,12345232760072569175,True,False,True,False,True,False,False,True,3.5090636324639006,39.39393939393939,0.020000000000000004,58.8,0.0,-0.029020351700295686
869,86,9,14936132636039633622,True,False,True,False,True,False,False,True,3.481729294040923,45.45454545454545,0.02,50.4,0.0,-0.003870320757557267
870,87,0,5606245796184937797,True,False,True,False,True,False,False,False,3.589175345164961,58.58585858585859,0.020000000000000004,57.2,0.0,-0.04509014549836021
871,87,1,5669301020315665673,True,False,True,False,True,False,False,False,3.1267896342709314,57.57575757575758,0.02,55.2,0.0,-0.0013806361572142349
872,87,2,13657726909778903565,True,False,True,False,True,False,False,False,3.368902308044146,52.525252525252526,0.020000000000000004,55.6,0.0,-0.019230312449223692
873,87,3,13296757280131656203,True,False,True,False,True,False,False,False,3.9281844296829154,40.4040404040404,0.020000000000000004,57.8,0.0,-0.034660880178333596
874,87,4,2145549226338680901,True,False,True,False,True,False,False,False,3.143712077405709,43.43434343434343,0.020000000000000004,53.8,0.0,0.04870813858211404
875,87,5,6336123730117356190,True,False,True,False,True,False,False,False,3.8347036585198784,46.464646464646464,0.019999999999999997,53.2,0.0,0.01922560729438432
876,87,6,12392104926115652526,True,False,True,False,True,False,False,False,3.5688381325106695,42.42424242424242,0.020000000000000004,56.0,0.0,0.042162138193069
877,87,7,13825462817336068175,True,False,True,False,True,False,False,False,2.995451359636954,51.515151515151516,0.020000000000000004,55.4,0.0,-0.018735189972064442
878,87,8,5502036797481647319,True,False,True,False,True,False,False,False,4.053946017017638,27.272727272727273,0.02,52.2,0.0,-0.004588100818947515
879,87,9,95672119242092289,True,False,True,False,True,False,False,False,3.6063727888932773,47.474747474747474,0.02,56.8,0.0,-0.009507617559383128
880,88,0,14614487919272688647,True,False,True,False,False,True,True,True,4.21240574585565,43.43434343434343,0.02,44.4,0.0,0.008686176634289883
881,88,1,11826153673576651075,True,False,True,False,False,True,True,True,3.4446577315252047,49.494949494949495,0.020000000000000004,46.0,0.0,-0.03958240650796172
882,88,2,18334343599214647399,True,False,True,False,False,True,True,True,5.512190859513689,35.35353535353536,0.02,43.4,0.0,0.011897655171233066
883,88,3,16396986124173871908,True,False,True,False,False,True,True,True,5.430653923746669,47.474747474747474,0.02,41.8,0.0,-0.013462879613333648
884,88,4,7210923470855160185,True,False,True,False,False,True,True,True,4.6105159064494465,47.474747474747474,0.020000000000000004,44.6,0.0,0.013231287265753703
885,88,5,8089089695845797954,True,False,True,False,False,True,True,True,5.240273397589745,43.43434343434343,0.02,41.8,0.0,-3.098971077237633e-05
886,88,6,929589262798582066,True,False,True,False,False,True,True,True,4.014940167374553,59.5959595959596,0.02,44.2,0.0,-0.0027147342462406792
887,88,7,5637999257260784682,True,False,True,False,False,True,True,True,4.33969971432487,54.54545454545455,0.02,41.0,0.0,-0.005435915983798869
888,88,8,16229709969809124504,True,False,True,False,False,True,True,True,4.5499597014453,49.494949494949495,0.020000000000000004,40.0,0.0,0.0234289581000636
889,88,9,6303127123550062722,True,False,True,False,False,True,True,True,4.6997254940574855,46.464646464646464,0.02,40.2,0.0,-0.008327489656132623
890,89,0,1694302559735748967,True,False,True,False,False,True,True,False,4.150217143573845,54.54545454545455,0.02,42.6,0.0,0.010262324029137631
891,89,1,17574797809186177647,True,False,True,False,False,True,True,False,3.999700190846277,53.535353535353536,0.02,43.6,0.0,-0.0013739524894785977
892,89,2,4066794599324965264,True,False,True,False,False,True,True,False,4.838577449727307,47.474747474747474,0.019999999999999997,40.8,0.0,-0.015196562420031264
893,89,3,18218795034483321864,True,False,True,False,False,True,True,False,4.14722296950535,52.525252525252526,0.02,43.4,0.0,-0.005971467947708428
894,89,4,3522586910564360863,True,False,True,False,False,True,True,False,4.4005619822468995,43.43434343434343,0.020000000000000004,43.2,0.0,-0.011744000149632824
895,89,5,13451324125149372967,True,False,True,False,False,True,True,False,4.027811839115546,39.39393939393939,0.02,39.4,0.0,-0.0007679389064337895
896,89,6,10328609126762880101,True,False,True,False,False,True,True,False,4.5812026292307,47.474747474747474,0.020000000000000004,44.6,0.0,-0.010619179312979668
897,89,7,1544546552292549543,True,False,True,False,False,True,True,False,4.395763437286007,36.36363636363637,0.019999999999999997,41.0,0.0,0.016959314892587007
898,89,8,16895671806060643508,True,False,True,False,False,True,True,False,4.630955526533715,55.55555555555556,0.020000000000000004,43.6,0.0,0.01499149099091374
899,89,9,15515295448577361927,True,False,True,False,False,True,True,False,4.386642649546298,52.525252525252526,0.019999999999999997,44.2,0.0,-0.022549176829865836
900,90,0,4614758379085618264,True,False,True,False,False,True,False,True,3.5852307526611695,63.63636363636363,0.020000000000000004,45.0,0.0,0.03613422634386713
901,90,1,4236836627636877456,True,False,True,False,False,True,False,True,4.3115490004038834,52.525252525252526,0.02,45.2,0.0,-0.015817563380352125
902,90,2,8436457717068288168,True,False,True,False,False,True,False,True,4.05065948392634,49.494949494949495,0.02,39.8,0.0,0.008038108265339667
903,90,3,11664335719854340662,True,False,True,False,False,True,False,True,3.983195086226242,38.38383838383838,0.020000000000000004,44.0,0.0,-0.021661598156713743
904,90,4,13867392075076091224,True,False,True,False,False,True,False,True,4.2163285253947125,51.515151515151516,0.020000000000000004,47.0,0.0,-0.008847464064275692
905,90,5,18230616389449521509,True,False,True,False,False,True,False,True,4.303165006968486,54.54545454545455,0.02,40.8,0.0,-0.002878898493650595
906,90,6,6732066334551334478,True,False,True,False,False,True,False,True,4.57479684661807,53.535353535353536,0.019999999999999997,40.2,0.0,-0.01102973384621369
907,90,7,4170934931052768924,True,False,True,False,False,True,False,True,4.539899573086366,43.43434343434343,0.020000000000000004,45.4,0.0,-0.033233803992171046
908,90,8,4204018773503958408,True,False,True,False,False,True,False,True,4.092765134555951,48.484848484848484,0.020000000000000004,45.6,0.0,-0.018304214647948826
909,90,9,3701066325839650393,True,False,True,False,False,True,False,True,4.507585427827463,49.494949494949495,0.020000000000000004,45.2,0.0,0.026611752528887617
910,91,0,6346120938077817771,True,False,True,False,False,True,False,False,4.062426188177091,46.464646464646464,0.019999999999999997,41.8,0.0,-0.0125414719057381
911,91,1,5301527027864968681,True,False,True,False,False,True,False,False,3.5669483743969823,58.58585858585859,0.020000000000000004,43.6,0.0,-0.03492824884053995
912,91,2,13868264898302079725,True,False,True,False,False,True,False,False,3.8148031304321957,50.505050505050505,0.02,42.4,0.0,0.003551577198207106
913,91,3,11381119388538763195,True,False,True,False,False,True,False,False,3.7470505540687746,56.56565656565657,0.02,47.2,0.0,0.0019326176996869759
914,91,4,10737296154759367261,True,False,True,False,False,True,False,False,3.4630512773287507,49.494949494949495,0.019999999999999997,41.8,0.0,-0.014421903301419904
915,91,5,11249110281934439926,True,False,True,False,False,True,False,False,4.572843110999345,44.44444444444444,0.02,42.2,0.0,0.004873850735772377
916,91,6,1624483988983671354,True,False,True,False,False,True,False,False,4.055403281124226,43.43434343434343,0.020000000000000004,43.0,0.0,0.032538716743898154
917,91,7,15823172401324198110,True,False,True,False,False,True,False,False,3.9171528553936037,47.474747474747474,0.020000000000000004,45.8,0.0,-0.01649344934069799
918,91,8,7878225556941119455,True,False,True,False,False,True,False,False,4.438097323857039,52.525252525252526,0.02,42.6,0.0,-0.0015350752825093314
919,91,9,16504970961484596660,True,False,True,False,False,True,False,False,4.628182876599467,52.525252525252526,0.020000000000000004,39.4,0.0,-0.031740774122853574
920,92,0,6945316577857213111,True,False,True,False,False,False,True,True,4.072574806627006,32.323232323232325,0.02,48.2,0.0,0.00080009537567722
921,92,1,8805114855094370557,True,False,True,False,False,False,True,True,3.0932226760335144,47.474747474747474,0.020000000000000004,53.2,0.0,-0.037654546256980274
922,92,2,948861114916098383,True,False,True,False,False,False,True,True,3.3439167910671626,53.535353535353536,0.019999999999999997,55.8,0.0,0.024490953100501946
923,92,3,5028341242607043600,True,False,True,False,False,False,True,True,3.498063083378181,44.44444444444444,0.02,58.0,0.0,0.0010798325058422433
924,92,4,2075310664610735281,True,False,True,False,False,False,True,True,3.3404225258772557,42.42424242424242,0.020000000000000004,56.4,0.0,-0.036695557849536674
925,92,5,10840799019689079463,True,False,True,False,False,False,True,True,3.450488467916478,51.515151515151516,0.02,56.2,0.0,0.01731964537416739
926,92,6,15427558111270609800,True,False,True,False,False,False,True,True,3.10260966782966,52.525252525252526,0.019999999999999997,53.0,0.0,-0.009417847461086492
927,92,7,11624459956671241770,True,False,True,False,False,False,True,True,3.0787277464386533,49.494949494949495,0.02,54.2,0.0,-0.004038606106136266
928,92,8,15409276073978667556,True,False,True,False,False,False,True,True,3.4968686120388472,53.535353535353536,0.02,52.8,0.0,-0.00632804338068928
929,92,9,3447383335364805019,True,False,True,False,False,False,True,True,3.8588662056197607,39.39393939393939,0.020000000000000004,56.2,0.0,-0.03923050189929647
930,93,0,6981529919771551281,True,False,True,False,False,False,True,False,3.4866047419069157,45.45454545454545,0.020000000000000004,55.0,0.0,-0.025696811059228112
931,93,1,4429296097666912715,True,False,True,False,False,False,True,False,4.848965098035001,29.292929292929294,0.020000000000000004,57.4,0.0,0.01776034333455188
932,93,2,14777204742378584094,True,False,True,False,False,False,True,False,3.7878910791817164,48.484848484848484,0.02,59.0,0.0,-0.013481470286163443
933,93,3,7596186005560156860,True,False,True,False,False,False,True,False,3.9574446637624208,50.505050505050505,0.019999999999999997,54.6,0.0,0.027256868320471608
934,93,4,10565956975892848038,True,False,True,False,False,False,True,False,4.11367630933586,39.39393939393939,0.020000000000000004,55.2,0.0,-0.019417756501796384
935,93,5,4847070977574145908,True,False,True,False,False,False,True,False,3.8421377167934714,48.484848484848484,0.02,54.8,0.0,0.008981526881612176
936,93,6,4791118270446178795,True,False,True,False,False,False,True,False,3.951611568463867,48.484848484848484,0.020000000000000004,55.6,0.0,-0.03913299937240062
937,93,7,3715505282187919772,True,False,True,False,False,False,True,False,3.759569386050267,48.484848484848484,0.020000000000000004,58.2,0.0,0.0317797530292275
938,93,8,12645171679197011934,True,False,True,False,False,False,True,False,3.1013859552967222,49.494949494949495,0.019999999999999997,52.0,0.0,0.029816228265123073
939,93,9,2798661332825228343,True,False,True,False,False,False,True,False,3.2337321440867846,42.42424242424242,0.019999999999999997,52.4,0.0,-0.02230409063763218
940,94,0,15277883540519191901,True,False,True,False,False,False,False,True,3.3146767626135984,41.41414141414141,0.020000000000000004,54.6,0.0,0.02765808723900196
941,94,1,5796538499511370313,True,False,True,False,False,False,False,True,3.866914189924812,23.232323232323232,0.02,53.0,0.0,0.009558845589947037
942,94,2,7651727475031348522,True,False,True,False,False,False,False,True,3.4222840924423643,52.525252525252526,0.020000000000000004,55.0,0.0,0.023502834183463158
943,94,3,11800602551933973379,True,False,True,False,False,False,False,True,4.357911696201457,26.262626262626263,0.02,53.2,0.0,-0.0004528079589961798
944,94,4,1652258295521159919,True,False,True,False,False,False,False,True,4.172205139070004,28.282828282828284,0.020000000000000004,56.8,0.0,-0.016475475350986427
945,94,5,9849682090111091565,True,False,True,False,False,False,False,True,3.1340179816862777,43.43434343434343,0.020000000000000004,52.0,0.0,-0.042732784735935385
946,94,6,18315960146333076061,True,False,True,False,False,False,False,True,3.572981825458146,44.44444444444444,0.020000000000000004,55.6,0.0,0.019735067867848635
947,94,7,3580489892767621226,True,False,True,False,False,False,False,True,3.293492500704173,49.494949494949495,0.020000000000000004,55.8,0.0,-0.006733106413372115
948,94,8,9437506411822869745,True,False,True,False,False,False,False,True,4.7303599348834275,23.232323232323232,0.019999999999999997,56.0,0.0,0.04857869432081695
949,94,9,17532602403292005584,True,False,True,False,False,False,False,True,3.59346713343885,39.39393939393939,0.020000000000000004,53.4,0.0,-0.031049872718858607
950,95,0,6415307037009953095,True,False,True,False,False,False,False,False,4.760496863740677,34.343434343434346,0.020000000000000004,55.6,0.0,0.009120332998116409
951,95,1,307872811696284455,True,False,True,False,False,False,False,False,3.2832936913720823,49.494949494949495,0.02,54.8,0.0,-0.010098787741499353
952,95,2,16896680623145912885,True,False,True,False,False,False,False,False,3.099858560683192,58.58585858585859,0.02,56.2,0.0,0.0029201358273249194
953,95,3,3690560852626337535,True,False,True,False,False,False,False,False,3.916057817437708,37.37373737373738,0.020000000000000004,54.0,0.0,0.0350957566088177
954,95,4,8024368624745006382,True,False,True,False,False,False,False,False,3.8568164856553615,48.484848484848484,0.020000000000000004,53.0,0.0,0.010202361112178508
955,95,5,14857488722287535794,True,False,True,False,False,False,False,False,3.703672665288822,43.43434343434343,0.020000000000000004,55.4,0.0,0.02785389149846417
956,95,6,13412726145812239651,True,False,True,False,False,False,False,False,3.259682303430404,53.535353535353536,0.019999999999999997,53.8,0.0,0.018294339876217473
957,95,7,13410937247095600582,True,False,True,False,False,False,False,False,3.5409347656621843,55.55555555555556,0.02,51.4,0.0,0.01121432968803878
958,95,8,18141247146840833239,True,False,True,False,False,False,False,False,3.249508857204099,54.54545454545455,0.02,52.0,0.0,0.0021534680388722864
959,95,9,7068985905827105504,True,False,True,False,False,False,False,False,3.5210844219625814,47.474747474747474,0.02,55.6,0.0,0.012795629747932597
960,96,0,6425807371874078952,True,False,False,True,True,True,True,True,41.98872494555375,12.121212121212121,0.020000000000000004,38.2,0.0,0.047921540797689524
961,96,1,974425430357557894,True,False,False,True,True,True,True,True,75.60278794159552,8.080808080808081,0.06488598630651228,41.8,0.4784688995215311,0.02039651067397814
962,96,2,15024463596258655149,True,False,False,True,True,True,True,True,72.54584094650218,9.090909090909092,0.1567265617721476,38.0,0.0,-0.0215520814115393
963,96,3,13320328686449937568,True,False,False,True,True,True,True,True,65.00829912011976,8.080808080808081,0.020000000000000004,42.4,0.0,0.01790135120154208
964,96,4,14955588406240917588,True,False,False,True,True,True,True,True,53.01324653161148,19.19191919191919,0.02,47.4,0.0,0.015708585273504137
965,96,5,8502489989915732267,True,False,False,True,True,True,True,True,68.54010242617083,13.131313131313131,0.02,44.0,0.0,0.010218485757155229
966,96,6,1497026377860625789,True,False,False,True,True,True,True,True,74.30276906922944,6.0606060606060606,0.24795262885425107,43.4,0.4608294930875576,0.030956007453312135
967,96,7,16906908711647604322,True,False,False,True,True,True,True,True,74.09560340239528,8.080808080808081,0.020000000000000018,48.8,0.0,-0.0026500832200194156
968,96,8,121958191331494389,True,False,False,True,True,True,True,True,39.63659438416868,19.19191919191919,0.061001378182916066,44.2,0.0,-0.007342520106763143
969,96,9,12505200497189420725,True,False,False,True,True,True,True,True,65.5902791380954,7.070707070707071,0.05756271296653011,46.2,0.0,0.05060497922105562
970,97,0,5511065052709550527,True,False,False,True,True,True,True,False,73.579034716655,10.1010101010101,0.021983095922758433,44.6,0.0,-0.01614058100608111
971,97,1,6966591712451482619,True,False,False,True,True,True,True,False,62.30632787565911,8.080808080808081,0.023309669551171884,44.4,0.0,0.01345342731312799
972,97,2,2443630421089828988,True,False,False,True,True,True,True,False,61.67471727907051,13.131313131313131,0.020000000000000004,42.2,0.0,-0.050474141304692965
973,97,3,18380185985252587294,True,False,False,True,True,True,True,False,69.40069574682516,12.121212121212121,0.020000000000000004,43.2,0.0,0.028737434614923472
974,97,4,2449498528974556291,True,False,False,True,True,True,True,False,71.21949246508746,10.1010101010101,0.021194173089868505,41.4,0.0,-0.009759333402577905
975,97,5,3051747148744104869,True,False,False,True,True,True,True,False,69.05977961364468,7.070707070707071,0.06081818542343849,47.4,0.0,-0.030643971616086958
976,97,6,9657597451192542321,True,False,False,True,True,True,True,False,65.33029586162027,13.131313131313131,0.036245846842247055,43.2,0.0,-0.00968781350900848
977,97,7,9274626912340512038,True,False,False,True,True,True,True,False,75.92644573377899,6.0606060606060606,0.0786513572888759,42.4,0.0,0.02951955815338193
978,97,8,1776742890077895017,True,False,False,True,True,True,True,False,74.74931367785506,7.070707070707071,0.02,42.6,0.0,0.015508648530651325
979,97,9,15753545943172552488,True,False,False,True,True,True,True,False,69.38370671877733,10.1010101010101,0.020000000000000004,44.6,0.0,0.046939206155592134
980,98,0,10046200984346045099,True,False,False,True,True,True,False,True,62.17610016351264,9.090909090909092,0.156363565106457,40.8,0.9803921568627451,-0.006589885695799122
981,98,1,4021456262170352284,True,False,False,True,True,True,False,True,69.80516181936606,6.0606060606060606,0.21349894970128233,45.4,0.44052863436123346,-0.009710502720407774
982,98,2,17332594034367908760,True,False,False,True,True,True,False,True,70.51838190874392,10.1010101010101,0.17952640575242645,53.0,0.0,0.042497907272268536
983,98,3,6877799572626071623,True,False,False,True,True,True,False,True,41.0855879821066,18.181818181818183,0.04319508020123573,42.4,0.0,-0.04155786471229689
984,98,4,5926315937403005578,True,False,False,True,True,True,False,True,67.97109253849277,10.1010101010101,0.18274436512520342,44.6,0.0,0.04057130431668161
985,98,5,11432166784453022352,True,False,False,True,True,True,False,True,71.5605567907332,12.121212121212121,0.05364175867277741,41.2,0.0,-0.006666382939797133
986,98,6,1274452545090225984,True,False,False,True,True,True,False,True,69.54235204378901,10.1010101010101,0.11501900227429945,48.0,0.0,-0.0012553823706792835
987,98,7,293601337722969711,True,False,False,True,True,True,False,True,60.81933939173399,14.141414141414142,0.02,47.8,0.0,-0.00011191285648873045
988,98,8,13287880690659077262,True,False,False,True,True,True,False,True,35.08004744363638,23.232323232323232,0.020000000000000004,37.0,0.0,-0.022685951427446508
989,98,9,9656292200454820920,True,False,False,True,True,True,False,True,56.929611448109725,15.151515151515152,0.1919030107457827,50.4,0.0,0.03780123672509223
990,99,0,5632848527308073273,True,False,False,True,True,True,False,False,64.46124920274472,6.0606060606060606,0.14200364756267583,49.2,0.0,0.024508293585536654
991,99,1,1968569475575485482,True,False,False,True,True,True,False,False,58.87023049207505,12.121212121212121,0.18403477552249095,38.4,0.0,-0.010813925267214745
992,99,2,13866703397735875363,True,False,False,True,True,True,False,False,58.725606048055695,11.11111111111111,0.11397137500024117,41.4,0.0,0.011842058941765902
993,99,3,2811210382184812110,True,False,False,True,True,True,False,False,67.3367613560531,7.070707070707071,0.019999999999999997,42.2,0.47393364928909953,0.01368722678137571
994,99,4,9732956069223526445,True,False,False,True,True,True,False,False,74.53819147193167,7.070707070707071,0.13800038091638514,51.2,0.390625,-0.03184344585982412
995,99,5,11266240455068376654,True,False,False,True,True,True,False,False,72.35929930468681,8.080808080808081,0.149809095471649,49.2,0.0,-0.011995949234624144
996,99,6,2853727603642785938,True,False,False,True,True,True,False,False,64.22778371399322,7.070707070707071,0.06484138589759944,43.6,0.0,-0.003084711455406852
997,99,7,12675686380067966097,True,False,False,True,True,True,False,False,72.4775158692082,9.090909090909092,0.026706812539666794,45.6,0.0,0.015936325518016926
998,99,8,13211420976862261420,True,False,False,True,True,True,False,False,66.92819604736263,10.1010101010101,0.020000000000000004,47.2,0.0,0.02600388812434798
999,99,9,2190325618229814383,True,False,False,True,True,True,False,False,68.47508656786556,11.11111111111111,0.0536460505801042,46.6,0.0,0.03113493735120497
1000,100,0,9199838948242539572,True,False,False,True,True,False,True,True,66.08543425768158,12.121212121212121,0.08646718100652524,48.6,51.440329218106996,-0.029785848179046275
1001,100,1,6067354002362451259,True,False,False,True,True,False,True,True,71.18386590459554,7.070707070707071,0.06546532129140463,59.8,0.33444816053511706,0.0033928730195110814
1002,100,2,9164920344551215184,True,False,False,True,True,False,True,True,69.67934986916437,12.121212121212121,0.12353255551429122,54.0,0.0,-0.01700391834554338
1003,100,3,9488622514294784617,True,False,False,True,True,False,True,True,77.55176515535622,7.070707070707071,0.020000000000000018,56.4,0.3546099290780142,-0.028101473792618667
1004,100,4,12537540688161666095,True,False,False,True,True,False,True,True,73.4030914201963,13.131313131313131,0.02,58.2,0.0,-0.01671515139293344
1005,100,5,16491441067025353092,True,False,False,True,True,False,True,True,67.60851162597086,13.131313131313131,0.1365069409209828,55.4,0.0,0.019247395045235538
1006,100,6,12350725585432483140,True,False,False,True,True,False,True,True,69.58003052241766,10.1010101010101,0.040340101695286276,53.0,0.0,-0.0003244189251363688
1007,100,7,13242023908667850769,True,False,False,True,True,False,True,True,68.84836896661618,10.1010101010101,0.037185902432262816,56.6,0.0,0.016950546010802932
1008,100,8,5152507902417135343,True,False,False,True,True,False,True,True,73.78867810167681,3.0303030303030303,0.1760670953265719,54.2,0.7380073800738007,-0.013375020513381302
1009,100,9,1710372617286146171,True,False,False,True,True,False,True,True,67.69607161486739,11.11111111111111,0.019999999999999997,56.4,0.0,-0.01741825120296968
1010,101,0,2903586275310892134,True,False,False,True,True,False,True,False,68.08294137854304,12.121212121212121,0.02,54.2,0.0,-0.002227543954746669
1011,101,1,13841153251984314321,True,False,False,True,True,False,True,False,53.8093047520434,9.090909090909092,0.12880066570677678,55.8,12.903225806451612,0.0036186955352382052
1012,101,2,15754682476807669650,True,False,False,True,True,False,True,False,66.65026637387172,12.121212121212121,0.023382511093567246,53.8,0.7434944237918215,-0.03343856593050282
1013,101,3,925526139404353842,True,False,False,True,True,False,True,False,69.51998470122882,8.080808080808081,0.020000000000000004,52.2,0.0,0.014523583704276123
1014,101,4,5557410227316505571,True,False,False,True,True,False,True,False,51.95510350357294,15.151515151515152,0.09675804379849762,51.4,0.0,-0.018139948182369907
1015,101,5,10796544570281440612,True,False,False,True,True,False,True,False,64.19638468837104,16.161616161616163,0.020000000000000004,57.2,0.0,-0.017056748129092154
1016,101,6,10742646688454453785,True,False,False,True,True,False,True,False,71.50252503508177,10.1010101010101,0.11353740825362318,53.6,0.0,0.005238639838446279
1017,101,7,2120563190438588241,True,False,False,True,True,False,True,False,74.24649902980462,6.0606060606060606,0.020000000000000004,57.0,0.0,-0.038422192528546756
1018,101,8,8419972896630941301,True,False,False,True,True,False,True,False,57.83862341266757,16.161616161616163,0.12971899574474513,50.0,0.0,-0.0358371680763593
1019,101,9,13851668492887384023,True,False,False,True,True,False,True,False,66.09094526297848,13.131313131313131,0.020000000000000018,53.0,0.0,-0.00643723804198359
1020,102,0,5784647218769285826,True,False,False,True,True,False,False,True,76.00305061740535,9.090909090909092,0.02,52.8,0.0,0.004506847287433682
1021,102,1,3839976856495725678,True,False,False,True,True,False,False,True,57.43314146548583,15.151515151515152,0.020000000000000018,53.0,0.0,-0.01341598754913185
1022,102,2,11042510902277539034,True,False,False,True,True,False,False,True,71.5475375305377,11.11111111111111,0.15278876430015143,54.0,0.0,0.030056026469937373
1023,102,3,1941685390992435636,True,False,False,True,True,False,False,True,69.52508624557002,9.090909090909092,0.02,54.4,0.0,-0.009154165697112042
1024,102,4,18181388949080413120,True,False,False,True,True,False,False,True,74.03440496132953,10.1010101010101,0.20395160413382601,57.0,0.3508771929824561,0.0011189504176821166
1025,102,5,463336024702893427,True,False,False,True,True,False,False,True,72.92829929196975,6.0606060606060606,0.020000000000000004,53.0,0.0,0.02686402242208095
1026,102,6,15652051405784730371,True,False,False,True,True,False,False,True,69.75436569603042,7.070707070707071,0.14957796194119619,52.6,0.0,0.020689000100255876
1027,102,7,16827272332204256816,True,False,False,True,True,False,False,True,72.91692273624105,12.121212121212121,0.10446124956711542,56.6,0.0,0.006215432092363443
1028,102,8,13039105559499185267,True,False,False,True,True,False,False,True,57.51039523360785,16.161616161616163,0.12986952551774336,55.4,24.187725631768952,-0.03199545128024627
1029,102,9,3369119566778638092,True,False,False,True,True,False,False,True,42.54636218532047,22.22222222222222,0.026441128041804145,55.2,0.36231884057971014,0.00010082615464657963
1030,103,0,13711941252865447698,True,False,False,True,True,False,False,False,64.62438984545841,17.171717171717173,0.09347019161016523,54.6,0.3663003663003663,0.012106934952157613
1031,103,1,15483398845565910219,True,False,False,True,True,False,False,False,66.31538466438874,11.11111111111111,0.2217288455315946,51.8,0.3861003861003861,-0.030654818650372027
1032,103,2,12547922700860751880,True,False,False,True,True,False,False,False,65.56491818506619,6.0606060606060606,0.1421685866754389,57.0,0.0,-0.0013228941907089645
1033,103,3,7380879739914172593,True,False,False,True,True,False,False,False,73.01087663499476,8.080808080808081,0.15607482978658313,55.4,0.36101083032490977,-0.0058823731678906135
1034,103,4,9603227869536903994,True,False,False,True,True,False,False,False,55.401711056234035,12.121212121212121,0.03178113649967231,55.2,0.0,0.024032994616323043
1035,103,5,17363307404975598250,True,False,False,True,True,False,False,False,64.7082091096289,7.070707070707071,0.1392962877012854,56.8,0.352112676056338,0.005202387047800941
1036,103,6,4085226661445188744,True,False,False,True,True,False,False,False,51.367141213941835,13.131313131313131,0.15701445236527048,53.0,0.37735849056603776,0.0012145963821926084
1037,103,7,3999423565020466556,True,False,False,True,True,False,False,False,61.31535735569305,9.090909090909092,0.052753952728766956,56.8,0.0,-0.012643433461804155
1038,103,8,11861420541381796759,True,False,False,True,True,False,False,False,63.33399910648006,4.040404040404041,0.019999999999999997,51.4,0.0,-0.020531797765802048
1039,103,9,3281273605331638904,True,False,False,True,True,False,False,False,59.13942671264671,8.080808080808081,0.10901984605602981,60.2,0.0,0.016424372471950874
1040,104,0,12294812981050720710,True,False,False,True,False,True,True,True,62.265759592137016,6.0606060606060606,0.020000000000000004,45.0,0.0,0.036110881153950884
1041,104,1,9001276673270953041,True,False,False,True,False,True,True,True,60.002515659121,14.141414141414142,0.02,41.4,0.0,5.0654121875541966e-05
1042,104,2,9567132616622928232,True,False,False,True,False,True,True,True,66.27824245799383,8.080808080808081,0.047661779014145395,45.0,0.0,-0.00017728597213229947
1043,104,3,537474005806469348,True,False,False,True,False,True,True,True,53.613075341382554,12.121212121212121,0.019999999999999997,44.2,0.0,-0.003327202063130567
1044,104,4,11818472516061615665,True,False,False,True,False,True,True,True,37.46448958175314,20.2020202020202,0.020000000000000004,42.2,0.0,-0.015970864496152357
1045,104,5,7950061015318344700,True,False,False,True,False,True,True,True,59.13163420083143,13.131313131313131,0.03908157573496771,44.8,0.0,0.01580749753901304
1046,104,6,837946706483160673,True,False,False,True,False,True,True,True,72.32172944217896,8.080808080808081,0.02569886635028475,43.2,0.0,0.00871148157550233
1047,104,7,14167819520646822664,True,False,False,True,False,True,True,True,60.32964660709782,11.11111111111111,0.02,44.2,0.0,-0.011214611728298312
1048,104,8,1788161400310450061,True,False,False,True,False,True,True,True,45.61277015400064,16.161616161616163,0.11008936570414536,42.2,27.96208530805687,0.004303925015877515
1049,104,9,12535937197321922016,True,False,False,True,False,True,True,True,74.83591910935607,9.090909090909092,0.21628386073201988,55.2,0.0,0.017692619229245005
1050,105,0,16724376087557649687,True,False,False,True,False,True,True,False,68.80306049564983,9.090909090909092,0.07753191192392762,43.2,0.0,-0.007308518579734105
1051,105,1,8832872831047757622,True,False,False,True,False,True,True,False,66.18770002962212,9.090909090909092,0.04138860252481203,41.2,0.0,-0.018352478604324828
1052,105,2,5554030497554790693,True,False,False,True,False,True,True,False,64.86706914546302,10.1010101010101,0.18770040097389273,49.4,0.4048582995951417,0.006497523655135334
1053,105,3,13556310971024896464,True,False,False,True,False,True,True,False,53.06143499810887,14.141414141414142,0.052723335631395224,42.8,0.4672897196261682,-0.025343179705183103
1054,105,4,11932281028335616102,True,False,False,True,False,True,True,False,71.15666238964391,7.070707070707071,0.04062999912137894,43.0,0.0,0.0003786757677114141
1055,105,5,7355930644932688236,True,False,False,True,False,True,True,False,71.39151856492695,7.070707070707071,0.020000000000000004,39.0,0.0,-0.008469494262065435
1056,105,6,15649638678641732268,True,False,False,True,False,True,True,False,71.93916583727794,9.090909090909092,0.2116348303566152,57.0,0.0,0.02254297312826264
1057,105,7,4424924423529749853,True,False,False,True,False,True,True,False,45.490034586343384,18.181818181818183,0.0374121718200691,44.2,0.0,0.014937638521547697
1058,105,8,18312158194491414477,True,False,False,True,False,True,True,False,54.86820507752872,18.181818181818183,0.020000000000000004,48.4,0.0,-0.02702423904458623
1059,105,9,14289396720670677771,True,False,False,True,False,True,True,False,71.43458860870842,6.0606060606060606,0.020000000000000004,43.0,0.0,0.020378529300353124
1060,106,0,9599501746111748689,True,False,False,True,False,True,False,True,69.0296617528432,10.1010101010101,0.19788570467256214,42.0,0.47619047619047616,0.018029831316584068
1061,106,1,17343226687603209112,True,False,False,True,False,True,False,True,63.332517720246344,7.070707070707071,0.1641342428579018,42.2,0.9478672985781991,-0.030158146517421578
1062,106,2,5420801119784702715,True,False,False,True,False,True,False,True,23.889672506362768,19.19191919191919,0.15094770934350432,48.4,0.0,-0.04280863500332915
1063,106,3,14532432528906648503,True,False,False,True,False,True,False,True,74.61882810309966,5.05050505050505,0.09293862176443804,44.0,0.45454545454545453,-0.004954891846198908
1064,106,4,7466180457346375805,True,False,False,True,False,True,False,True,72.58213456926244,6.0606060606060606,0.02,42.4,0.0,-0.005840650598571126
1065,106,5,6919765106703546280,True,False,False,True,False,True,False,True,73.27579375487899,8.080808080808081,0.039111111424020156,43.6,0.0,0.009339713800418398
1066,106,6,16634841949164052783,True,False,False,True,False,True,False,True,41.027053743011145,13.131313131313131,0.2629202531389845,42.0,0.47619047619047616,-0.0012697804479608254
1067,106,7,10112543063531935373,True,False,False,True,False,True,False,True,57.23358084609601,15.151515151515152,0.12354062679263601,43.6,12.844036697247706,-0.018547867493604236
1068,106,8,7067801233183709570,True,False,False,True,False,True,False,True,70.54796285742326,10.1010101010101,0.17165359090432544,43.2,0.46296296296296297,-0.022502188189775892
1069,106,9,5426762396441588367,True,False,False,True,False,True,False,True,66.52149455194666,11.11111111111111,0.2503464749153896,45.4,0.44052863436123346,0.017009235396766992
1070,107,0,8614072972949386662,True,False,False,True,False,True,False,False,43.015630932332996,20.2020202020202,0.027714493817717303,42.8,0.0,0.004492632904497923
1071,107,1,17446840717399034935,True,False,False,True,False,True,False,False,71.40088837264045,8.080808080808081,0.02173269485708422,41.0,0.4878048780487805,-0.04088225893999376
1072,107,2,18269654359767971798,True,False,False,True,False,True,False,False,71.30966001700807,11.11111111111111,0.11345846525456718,41.0,0.0,-0.03531480973290252
1073,107,3,10519109185294515348,True,False,False,True,False,True,False,False,66.76984953385502,11.11111111111111,0.020000000000000004,43.4,1.3824884792626728,-0.005879014410332947
1074,107,4,5628004629288097377,True,False,False,True,False,True,False,False,64.90488042077143,8.080808080808081,0.01999999999999999,41.2,0.4854368932038835,0.003705101065548989
1075,107,5,5488773330968620172,True,False,False,True,False,True,False,False,70.74085440069088,9.090909090909092,0.06916018777189781,43.4,0.0,-0.029408818879303127
1076,107,6,6503825900116247178,True,False,False,True,False,True,False,False,70.48312661284795,14.141414141414142,0.01999999999999999,42.4,0.0,-0.002242361278080748
1077,107,7,4158579573326914252,True,False,False,True,False,True,False,False,64.24376646040734,13.131313131313131,0.17576979801711476,51.4,0.38910505836575876,-0.0019217083191054218
1078,107,8,4481784077280212266,True,False,False,True,False,True,False,False,66.72323772053296,8.080808080808081,0.15878391393933636,46.2,0.0,-0.0348828502833286
1079,107,9,5264611593812532277,True,False,False,True,False,True,False,False,46.39384022505901,15.151515151515152,0.019999999999999997,43.0,0.0,0.007663975402660603
1080,108,0,7152391241313113620,True,False,False,True,False,False,True,True,69.67411698566917,11.11111111111111,0.10104960951607289,55.0,0.0,0.001986316603635887
1081,108,1,6882317896926833494,True,False,False,True,False,False,True,True,62.705744069348015,15.151515151515152,0.17775877788662242,58.0,0.3448275862068966,0.01011730548195408
1082,108,2,1591321970155454983,True,False,False,True,False,False,True,True,71.79046709061083,6.0606060606060606,0.11951404692136203,52.8,0.3787878787878788,0.03732415418845357
1083,108,3,12222898746497224442,True,False,False,True,False,False,True,True,75.07172476655907,10.1010101010101,0.020000000000000004,54.0,0.0,0.040567527779348564
1084,108,4,10154697580298762997,True,False,False,True,False,False,True,True,63.445459436572925,5.05050505050505,0.08633997305191898,54.2,0.36900369003690037,0.006213077037772157
1085,108,5,808738666618512209,True,False,False,True,False,False,True,True,74.41232743418762,3.0303030303030303,0.020000000000000004,57.0,0.0,-0.010022453426574913
1086,108,6,11442410771790737971,True,False,False,True,False,False,True,True,53.209573536691465,15.151515151515152,0.16870947590074525,54.4,2.2058823529411766,0.00020944940657927159
1087,108,7,8481112986804426608,True,False,False,True,False,False,True,True,59.6701835145062,13.131313131313131,0.11787282303855186,56.2,26.690391459074732,0.0035001579424646786
1088,108,8,13554986131348518390,True,False,False,True,False,False,True,True,40.97109519759213,20.2020202020202,0.17887206921939408,55.0,0.0,-0.025328206859639033
1089,108,9,11027692039446986523,True,False,False,True,False,False,True,True,71.39166535947949,5.05050505050505,0.03968256980182733,55.4,0.0,-0.0025053914999160656
1090,109,0,16653774546684466013,True,False,False,True,False,False,True,False,65.28485516641496,11.11111111111111,0.05648469191791622,52.8,0.7575757575757576,-0.026341056668679325
1091,109,1,8158640258803051882,True,False,False,True,False,False,True,False,68.11124095836624,2.0202020202020203,0.28304584852891995,52.4,0.3816793893129771,-0.012145319687791454
1092,109,2,14335070277911706296,True,False,False,True,False,False,True,False,74.67370172494121,5.05050505050505,0.030449302687848265,56.0,0.0,-0.009654135853067732
1093,109,3,7442269797123237629,True,False,False,True,False,False,True,False,51.1818721624038,16.161616161616163,0.07021744567583203,55.6,39.92805755395683,0.0068348820754646
1094,109,4,15878125947908765499,True,False,False,True,False,False,True,False,65.55157920796643,11.11111111111111,0.020000000000000004,55.0,0.0,-0.01631951675144293
1095,109,5,8381488279291083262,True,False,False,True,False,False,True,False,70.86181587322646,10.1010101010101,0.051320202739985,51.8,0.3861003861003861,-0.019091636317014604
1096,109,6,8137068947058566086,True,False,False,True,False,False,True,False,69.73464119585164,10.1010101010101,0.020000000000000004,52.6,0.38022813688212925,-0.001728762166927881
1097,109,7,16899498850129259926,True,False,False,True,False,False,True,False,73.72283350997014,8.080808080808081,0.020000000000000004,55.0,0.0,0.02559254134867009
1098,109,8,4428954899542242740,True,False,False,True,False,False,True,False,68.97642798162818,6.0606060606060606,0.020000000000000018,54.4,0.36764705882352944,-0.007434032196888063
1099,109,9,4237832201678927458,True,False,False,True,False,False,True,False,47.64021422774282,8.080808080808081,0.09568692930389242,53.8,0.0,0.022704954706793287
1100,110,0,6474764001399613666,True,False,False,True,False,False,False,True,74.45994353238342,9.090909090909092,0.020000000000000004,54.2,0.0,0.014141288498617259
1101,110,1,1096432510152956112,True,False,False,True,False,False,False,True,71.33207532180676,7.070707070707071,0.19816494736204754,54.4,0.0,0.008834133992516953
1102,110,2,10513441981924590510,True,False,False,True,False,False,False,True,75.26206021298218,9.090909090909092,0.038910904487765796,49.6,0.0,0.007338499700167701
1103,110,3,17145993923797088711,True,False,False,True,False,False,False,True,47.43277254295751,14.141414141414142,0.045397307651572585,57.4,0.0,0.00297486431691018
1104,110,4,14844692281514782923,True,False,False,True,False,False,False,True,71.36029265029674,10.1010101010101,0.020000000000000004,55.8,0.0,-0.03325614981989948
1105,110,5,14897288224032347208,True,False,False,True,False,False,False,True,58.91486722578541,12.121212121212121,0.10940786769511009,54.8,1.094890510948905,-0.02018740482313197
1106,110,6,5390082499020947898,True,False,False,True,False,False,False,True,74.23274599633116,10.1010101010101,0.17131982712666452,54.4,0.0,-0.0024949957035802946
1107,110,7,15875880530509769335,True,False,False,True,False,False,False,True,66.98402494379417,13.131313131313131,0.020000000000000018,53.8,0.7434944237918215,-0.035058669858944694
1108,110,8,998141469759347326,True,False,False,True,False,False,False,True,69.4994434523665,9.090909090909092,0.15857947132242095,53.2,0.0,-0.004027503021094042
1109,110,9,5459524952193465028,True,False,False,True,False,False,False,True,72.37090767429106,8.080808080808081,0.2207878211175002,55.4,0.0,-0.0055944919986688525
1110,111,0,921682299037911652,True,False,False,True,False,False,False,False,33.2448108115461,19.19191919191919,0.019999999999999997,57.0,0.0,0.015384047162352935
1111,111,1,9557419561326767085,True,False,False,True,False,False,False,False,57.83277972764663,8.080808080808081,0.04292361438786374,56.8,0.352112676056338,-0.05790948464990865
1112,111,2,5689886146216581461,True,False,False,True,False,False,False,False,55.36663491484528,14.141414141414142,0.16994393510537167,52.6,0.0,-0.007266955193518205
1113,111,3,8344581608869164529,True,False,False,True,False,False,False,False,75.84671307898935,5.05050505050505,0.02,54.0,0.0,0.011343269349860876
1114,111,4,17531924148894586967,True,False,False,True,False,False,False,False,68.02586894232888,12.121212121212121,0.019999999999999997,53.8,0.0,0.010242031764233037
1115,111,5,9709414712021801895,True,False,False,True,False,False,False,False,71.12883045641524,10.1010101010101,0.108569719266974,54.2,0.0,0.005658915447074466
1116,111,6,11816055517425020732,True,False,False,True,False,False,False,False,53.44168422192755,11.11111111111111,0.11860302051479236,57.4,0.6968641114982579,0.02743409551382439
1117,111,7,14077256573233881317,True,False,False,True,False,False,False,False,45.10296882443744,8.080808080808081,0.15398264506083117,53.8,0.0,0.052585240474691444
1118,111,8,6738239375813448772,True,False,False,True,False,False,False,False,74.72817373539067,6.0606060606060606,0.020000000000000018,58.2,0.0,0.011387322485883693
1119,111,9,255953524398923705,True,False,False,True,False,False,False,False,72.80585869292166,6.0606060606060606,0.06014716225646971,55.6,0.0,-0.010723680258058333
1120,112,0,3422861852556596355,True,False,False,False,True,True,True,True,4.84376404635269,53.535353535353536,0.020000000000000004,40.8,55.88235294117647,0.026343278787170257
1121,112,1,910391047937521035,True,False,False,False,True,True,True,True,4.6340518982034675,57.57575757575758,0.02,43.8,49.31506849315068,0.00209106476492398
1122,112,2,4262736251621274948,True,False,False,False,True,True,True,True,5.610179413946128,46.464646464646464,0.020000000000000004,41.8,44.97607655502392,0.02482523465402652
1123,112,3,2941886756402153853,True,False,False,False,True,True,True,True,5.710865187223856,51.515151515151516,0.019999999999999997,47.0,48.93617021276596,0.00893434958615397
1124,112,4,13711218037133537898,True,False,False,False,True,True,True,True,4.574451897645583,47.474747474747474,0.02,39.8,49.246231155778894,0.011728092809848779
1125,112,5,1794357369179382493,True,False,False,False,True,True,True,True,5.105200576229951,48.484848484848484,0.02,43.8,53.42465753424658,-0.00014341024298363393
1126,112,6,12036975391101917967,True,False,False,False,True,True,True,True,5.799531788827778,58.58585858585859,0.02,42.6,57.74647887323944,-0.002714216534355687
1127,112,7,11042912231440034122,True,False,False,False,True,True,True,True,5.198526038104344,46.464646464646464,0.02,40.8,48.529411764705884,-0.0025695600566639546
1128,112,8,1167149266921633458,True,False,False,False,True,True,True,True,4.838302755167268,44.44444444444444,0.019999999999999997,42.2,45.497630331753555,0.018693685368924032
1129,112,9,6509598590230453917,True,False,False,False,True,True,True,True,5.3371975397106315,49.494949494949495,0.02,41.0,53.65853658536585,-0.004008103987543493
1130,113,0,17534564974452143750,True,False,False,False,True,True,True,False,5.355905962605965,51.515151515151516,0.019999999999999997,44.0,48.18181818181818,0.013318719088515018
1131,113,1,225734843570304625,True,False,False,False,True,True,True,False,5.464885934921687,42.42424242424242,0.019999999999999997,40.0,49.5,-0.025376270146054477
1132,113,2,4606476350730923345,True,False,False,False,True,True,True,False,5.27107549736292,54.54545454545455,0.020000000000000004,45.8,49.78165938864629,0.02693127612229456
1133,113,3,5345096251894404708,True,False,False,False,True,True,True,False,5.580784716673913,60.60606060606061,0.020000000000000004,44.4,51.351351351351354,0.03271906776876825
1134,113,4,9157231766699256124,True,False,False,False,True,True,True,False,5.715707741308002,52.525252525252526,0.020000000000000004,44.8,47.32142857142857,-0.047020808753689566
1135,113,5,5943620124656413593,True,False,False,False,True,True,True,False,5.195416687684397,59.5959595959596,0.020000000000000004,38.0,52.63157894736842,0.025797900484019597
1136,113,6,4054988120712656192,True,False,False,False,True,True,True,False,5.355914449462894,48.484848484848484,0.02,47.6,48.739495798319325,-0.005949292899200388
1137,113,7,13457623475248668697,True,False,False,False,True,True,True,False,5.87616719429369,54.54545454545455,0.02,43.2,56.94444444444444,0.00591877346356582
1138,113,8,7571213005085220281,True,False,False,False,True,True,True,False,5.081344660949218,60.60606060606061,0.02,42.2,48.81516587677725,-0.014647427819096018
1139,113,9,12488468710447237449,True,False,False,False,True,True,True,False,5.593669993184777,55.55555555555556,0.02,43.0,51.627906976744185,-0.01796097654623682
1140,114,0,2865242114690220651,True,False,False,False,True,True,False,True,4.936557749537977,53.535353535353536,0.02,46.2,45.887445887445885,-0.0023944479381269907
1141,114,1,1723838509744736486,True,False,False,False,True,True,False,True,5.845298921700858,61.61616161616162,0.019999999999999997,40.4,49.00990099009901,-0.01681240290292933
1142,114,2,11135677063183258227,True,False,False,False,True,True,False,True,5.622469567600961,55.55555555555556,0.019999999999999997,44.4,54.95495495495496,-0.022733712091963825
1143,114,3,7959375220950269152,True,False,False,False,True,True,False,True,5.183973314820272,51.515151515151516,0.02,44.8,42.410714285714285,-0.009168629810919314
1144,114,4,10713961035210194420,True,False,False,False,True,True,False,True,5.558672545913603,48.484848484848484,0.02,41.0,52.19512195121951,-0.0038497943170977536
1145,114,5,5416805017650942051,True,False,False,False,True,True,False,True,5.205931470597552,48.484848484848484,0.020000000000000004,42.6,49.29577464788732,-0.0054963094285566776
1146,114,6,11557910872646064068,True,False,False,False,True,True,False,True,5.004148847846102,50.505050505050505,0.020000000000000004,45.8,47.161572052401745,-0.021728388098761337
1147,114,7,10011752687268492126,True,False,False,False,True,True,False,True,5.844167256405891,58.58585858585859,0.02,41.6,46.15384615384615,-0.001423956896814888
1148,114,8,8312777320306893844,True,False,False,False,True,True,False,True,5.940181582290174,39.39393939393939,0.020000000000000004,44.4,52.7027027027027,-0.039599046154578356
1149,114,9,9601361547943302827,True,False,False,False,True,True,False,True,5.378849672717458,60.60606060606061,0.02,40.8,48.529411764705884,-0.0023418079506217415
1150,115,0,13642619104150279557,True,False,False,False,True,True,False,False,5.217738495127952,54.54545454545455,0.020000000000000004,39.4,53.807106598984774,-0.03919233988465298
1151,115,1,12597641471501164307,True,False,False,False,True,True,False,False,5.25875495692745,47.474747474747474,0.019999999999999997,42.2,53.08056872037915,0.029904175358173222
1152,115,2,14935909855572855545,True,False,False,False,True,True,False,False,5.051722679188341,57.57575757575758,0.02,42.4,46.22641509433962,-0.005584040592162555
1153,115,3,4789067754418838642,True,False,False,False,True,True,False,False,4.471812738915437,51.515151515151516,0.020000000000000004,41.4,49.27536231884058,0.026042761289921543
1154,115,4,7264291913148265589,True,False,False,False,True,True,False,False,5.155444206728103,54.54545454545455,0.02,40.2,50.24875621890547,0.010309060609302768
1155,115,5,15337237886178127766,True,False,False,False,True,True,False,False,5.5701157713029525,45.45454545454545,0.02,42.4,50.0,0.008258022935576795
1156,115,6,13510741122299295836,True,False,False,False,True,True,False,False,5.3851977530503525,47.474747474747474,0.019999999999999997,44.2,56.10859728506787,-0.02539982580035917
1157,115,7,11825045225780153168,True,False,False,False,True,True,False,False,5.05324095300943,51.515151515151516,0.02,43.0,46.51162790697674,0.000527164062250119
1158,115,8,14165353820343143425,True,False,False,False,True,True,False,False,5.398794912148746,52.525252525252526,0.020000000000000004,44.4,45.4954954954955,-0.0462391210376769
1159,115,9,15019422057771192383,True,False,False,False,True,True,False,False,4.750393649026471,57.57575757575758,0.020000000000000004,43.0,47.906976744186046,-0.05187919780058006
1160,116,0,15213669822737762336,True,False,False,False,True,False,True,True,5.227294299762096,52.525252525252526,0.020000000000000004,57.2,51.3986013986014,0.011255370972055626
1161,116,1,15776762759677370206,True,False,False,False,True,False,True,True,4.799641800361187,38.38383838383838,0.020000000000000004,59.0,53.559322033898304,0.016734742053768382
1162,116,2,8120255795629141131,True,False,False,False,True,False,True,True,4.548850781935023,60.60606060606061,0.02,51.0,50.98039215686274,-0.0009922673232910955
1163,116,3,17898940523491144214,True,False,False,False,True,False,True,True,4.352956202419269,54.54545454545455,0.02,52.8,50.0,-0.0012364758815597372
1164,116,4,11008366130632033432,True,False,False,False,True,False,True,True,5.042877788442989,56.56565656565657,0.020000000000000004,55.6,43.884892086330936,-0.01746566344448218
1165,116,5,3525202132590281257,True,False,False,False,True,False,True,True,3.9669348226412753,49.494949494949495,0.020000000000000004,58.0,51.03448275862069,0.019555681793040073
1166,116,6,15657203108283619083,True,False,False,False,True,False,True,True,4.974873577687007,52.525252525252526,0.020000000000000004,55.0,50.90909090909091,0.04882307857708952
1167,116,7,15535844467697375468,True,False,False,False,True,False,True,True,5.843222351572576,47.474747474747474,0.02,52.4,45.80152671755725,-0.004411886642835441
1168,116,8,6074913409023044263,True,False,False,False,True,False,True,True,5.033215498697862,47.474747474747474,0.02,58.2,49.14089347079038,0.008955171993861026
1169,116,9,11575773740944225668,True,False,False,False,True,False,True,True,5.011600280690545,51.515151515151516,0.019999999999999997,56.4,47.163120567375884,0.05832989178268404
1170,117,0,7974665929617543502,True,False,False,False,True,False,True,False,4.30739299378422,58.58585858585859,0.020000000000000004,55.6,50.719424460431654,-0.013757474557374963
1171,117,1,11836172289684529092,True,False,False,False,True,False,True,False,4.5046091809102276,51.515151515151516,0.019999999999999997,55.4,47.292418772563174,0.01165297741796412
1172,117,2,4548415344759204754,True,False,False,False,True,False,True,False,4.865621053390524,60.60606060606061,0.019999999999999997,52.0,47.69230769230769,0.003616414949086016
1173,117,3,9212346541225144723,True,False,False,False,True,False,True,False,4.873545040263046,56.56565656565657,0.020000000000000004,51.8,51.737451737451735,-0.042876275136545045
1174,117,4,13055235572267628488,True,False,False,False,True,False,True,False,5.15793669946122,55.55555555555556,0.020000000000000004,54.8,49.27007299270073,0.033971036586998966
1175,117,5,12469878835042851326,True,False,False,False,True,False,True,False,4.32753249764659,48.484848484848484,0.02,58.2,46.391752577319586,-0.0013531636972188119
1176,117,6,4189107208705362608,True,False,False,False,True,False,True,False,4.724394356309897,56.56565656565657,0.02,55.8,49.46236559139785,-0.001361477479288289
1177,117,7,13971466243815584377,True,False,False,False,True,False,True,False,4.949478286590956,56.56565656565657,0.020000000000000004,55.0,54.18181818181818,-0.02112515708270269
1178,117,8,14908023662807500475,True,False,False,False,True,False,True,False,5.1181387319408564,57.57575757575758,0.020000000000000004,57.6,52.77777777777778,0.04133839490682021
1179,117,9,3732289935480895273,True,False,False,False,True,False,True,False,5.225170294945197,55.55555555555556,0.019999999999999997,53.6,45.8955223880597,0.020211804449741803
1180,118,0,14195501671479334939,True,False,False,False,True,False,False,True,4.726037076666185,52.525252525252526,0.020000000000000004,55.8,43.727598566308245,0.04188541123713007
1181,118,1,14735239561860092834,True,False,False,False,True,False,False,True,4.57178618676361,54.54545454545455,0.02,58.0,52.41379310344828,0.010459118002221967
1182,118,2,5485809994800934933,True,False,False,False,True,False,False,True,4.805223088694278,61.61616161616162,0.019999999999999997,55.2,53.6231884057971,-0.01957645260917812
1183,118,3,13529158929004667402,True,False,False,False,True,False,False,True,4.855608213073442,54.54545454545455,0.02,52.6,49.049429657794676,0.0008730440110342164
1184,118,4,11922653435124722607,True,False,False,False,True,False,False,True,4.6409253788901115,48.484848484848484,0.02,59.0,45.42372881355932,0.01080556325904523
1185,118,5,13800130710218651090,True,False,False,False,True,False,False,True,5.317518101786489,56.56565656565657,0.02,57.2,52.7972027972028,0.00047440386174543383
1186,118,6,15267346315078117468,True,False,False,False,True,False,False,True,5.722011865969199,54.54545454545455,0.02,53.0,60.0,0.003505880593320126
1187,118,7,16006362731184361225,True,False,False,False,True,False,False,True,4.382143832725716,55.55555555555556,0.020000000000000004,58.4,49.657534246575345,0.02080614254404998
1188,118,8,9893252129217710145,True,False,False,False,True,False,False,True,4.3828119784432555,45.45454545454545,0.019999999999999997,55.6,46.76258992805755,-0.018639971443115744
1189,118,9,18336910961268427287,True,False,False,False,True,False,False,True,4.798519122822452,49.494949494949495,0.019999999999999997,53.2,45.86466165413534,0.02527026679032383
1190,119,0,5590373761760658346,True,False,False,False,True,False,False,False,5.2347616348118375,60.60606060606061,0.019999999999999997,53.0,47.54716981132076,0.010098501971567194
1191,119,1,10886074177548151755,True,False,False,False,True,False,False,False,5.407181159252868,54.54545454545455,0.020000000000000004,52.6,53.2319391634981,0.029794957904146418
1192,119,2,7801563593736669605,True,False,False,False,True,False,False,False,5.025751926039914,53.535353535353536,0.019999999999999997,55.8,53.763440860215056,-0.01341544268524615
1193,119,3,9150619952249438070,True,False,False,False,True,False,False,False,4.666697381493901,56.56565656565657,0.020000000000000004,56.6,52.65017667844523,-0.03213389849998469
1194,119,4,449949511859931646,True,False,False,False,True,False,False,False,4.467521543764434,50.505050505050505,0.020000000000000004,57.2,53.84615384615385,0.01878968977508319
1195,119,5,10004127258766807328,True,False,False,False,True,False,False,False,5.019028585609117,60.60606060606061,0.020000000000000004,56.4,53.90070921985816,0.010620270052458004
1196,119,6,290026059786634237,True,False,False,False,True,False,False,False,5.213680295159752,50.505050505050505,0.02,57.2,53.14685314685315,-0.0031363038328145066
1197,119,7,6497942797473606345,True,False,False,False,True,False,False,False,5.010965388833849,53.535353535353536,0.02,54.2,48.33948339483395,0.00766577887993376
1198,119,8,10294504925355177253,True,False,False,False,True,False,False,False,4.913726153609592,52.525252525252526,0.02,55.8,51.25448028673835,0.0030613869610593655
1199,119,9,3968799166339584643,True,False,False,False,True,False,False,False,4.981926994737635,49.494949494949495,0.020000000000000004,54.8,54.37956204379562,-0.01649741532262896
1200,120,0,4782183669428743234,True,False,False,False,False,True,True,True,5.07647284124755,51.515151515151516,0.020000000000000004,41.6,45.67307692307692,0.028848011922221382
1201,120,1,6613881594837563798,True,False,False,False,False,True,True,True,5.59838279526635,48.484848484848484,0.020000000000000004,43.6,51.8348623853211,0.030373215390853203
1202,120,2,10336401946163768475,True,False,False,False,False,True,True,True,6.3119415722162975,48.484848484848484,0.02,40.2,49.75124378109453,-0.007265600393064053
1203,120,3,5798811295582934348,True,False,False,False,False,True,True,True,5.4322879595667635,57.57575757575758,0.019999999999999997,39.8,47.23618090452261,0.012172661017335695
1204,120,4,16373045804644831098,True,False,False,False,False,True,True,True,5.6737423300002225,58.58585858585859,0.020000000000000004,44.6,52.46636771300449,0.02554542346004561
1205,120,5,11202016018786992799,True,False,False,False,False,True,True,True,5.816754513528106,52.525252525252526,0.020000000000000004,43.6,53.211009174311926,0.02395250874784985
1206,120,6,17594600204698852587,True,False,False,False,False,True,True,True,5.244206826564732,56.56565656565657,0.02,46.0,50.43478260869565,-0.009814516560398822
1207,120,7,4367973670407982077,True,False,False,False,False,True,True,True,4.614829307528747,55.55555555555556,0.019999999999999997,44.6,49.775784753363226,0.014113377114330927
1208,120,8,1688865139959580779,True,False,False,False,False,True,True,True,4.815175602819927,45.45454545454545,0.02,43.6,50.45871559633027,0.007581242405288638
1209,120,9,4579008801077033800,True,False,False,False,False,True,True,True,5.993964411503969,45.45454545454545,0.019999999999999997,44.8,51.785714285714285,-0.03009557990518663
1210,121,0,17994339485838048476,True,False,False,False,False,True,True,False,5.2868730063617715,47.474747474747474,0.019999999999999997,41.2,47.0873786407767,-0.015065262003208716
1211,121,1,16556262880897820264,True,False,False,False,False,True,True,False,5.129409949363886,58.58585858585859,0.020000000000000004,41.0,48.292682926829265,-0.02703501321982548
1212,121,2,2659046285724989713,True,False,False,False,False,True,True,False,4.981480106245403,59.5959595959596,0.020000000000000004,43.4,50.69124423963134,0.01961295169373527
1213,121,3,9122987063550618143,True,False,False,False,False,True,True,False,5.009565303395408,52.525252525252526,0.02,41.2,54.36893203883495,0.009739641916620197
1214,121,4,9974923448742122026,True,False,False,False,False,True,True,False,4.839949677572722,42.42424242424242,0.02,40.4,55.445544554455445,0.0033371967582630077
1215,121,5,18183651670947197955,True,False,False,False,False,True,True,False,5.271216587173629,52.525252525252526,0.020000000000000004,45.2,48.230088495575224,-0.02685320119287354
1216,121,6,6520160074156883343,True,False,False,False,False,True,True,False,4.784445492727118,53.535353535353536,0.02,43.8,51.598173515981735,0.006962970857932012
1217,121,7,3747811098263869300,True,False,False,False,False,True,True,False,5.554909076547144,56.56565656565657,0.019999999999999997,44.4,50.9009009009009,0.01615572330540773
1218,121,8,9731234228417386361,True,False,False,False,False,True,True,False,5.077544528902532,58.58585858585859,0.020000000000000004,41.4,47.34299516908212,0.026883702548373
1219,121,9,4557242723252471901,True,False,False,False,False,True,True,False,6.248733407577762,46.464646464646464,0.020000000000000004,43.2,55.55555555555556,0.039706453325963745
1220,122,0,3970972273631493990,True,False,False,False,False,True,False,True,4.969547229849086,45.45454545454545,0.020000000000000004,43.4,52.07373271889401,-0.015908823184233728
1221,122,1,13875287059749514241,True,False,False,False,False,True,False,True,4.933759189767966,41.41414141414141,0.019999999999999997,42.0,49.04761904761905,-0.02593758146641378
1222,122,2,13724226898938155259,True,False,False,False,False,True,False,True,5.613834414941635,45.45454545454545,0.020000000000000004,47.2,49.152542372881356,-0.02236116090081685
1223,122,3,6899582857652527499,True,False,False,False,False,True,False,True,5.703422631698305,53.535353535353536,0.020000000000000004,43.8,48.401826484018265,0.033392373655712654
1224,122,4,17050345789218480051,True,False,False,False,False,True,False,True,6.4896605167817585,49.494949494949495,0.02,47.4,48.10126582278481,-0.010692403568434093
1225,122,5,5507499560041030789,True,False,False,False,False,True,False,True,5.4712081347841925,50.505050505050505,0.019999999999999997,43.4,45.16129032258065,0.011148398453825951
1226,122,6,14274198163475565945,True,False,False,False,False,True,False,True,5.623907125622387,54.54545454545455,0.019999999999999997,44.6,50.224215246636774,-0.028050402282337322
1227,122,7,8393618001469150510,True,False,False,False,False,True,False,True,5.408680622264377,47.474747474747474,0.02,40.4,50.495049504950494,-0.0012369187794677046
1228,122,8,8662838902802878522,True,False,False,False,False,True,False,True,5.7399539722621284,48.484848484848484,0.02,42.6,48.35680751173709,0.004493272059571737
1229,122,9,15822978680656832011,True,False,False,False,False,True,False,True,4.773319291619596,51.515151515151516,0.020000000000000004,42.8,58.87850467289719,0.029908065505530695
1230,123,0,16317411655708684767,True,False,False,False,False,True,False,False,4.534639730363475,61.61616161616162,0.020000000000000004,46.6,43.776824034334766,-0.01220817326959879
1231,123,1,12681106321151308010,True,False,False,False,False,True,False,False,5.453159813839322,41.41414141414141,0.020000000000000004,43.6,55.04587155963303,-0.03683493951601697
1232,123,2,9843325804893215668,True,False,False,False,False,True,False,False,5.158607578974454,53.535353535353536,0.02,41.8,52.63157894736842,-0.007949587627590973
1233,123,3,8351257759448554012,True,False,False,False,False,True,False,False,4.992200161398487,54.54545454545455,0.02,41.0,51.707317073170735,0.00994338415915814
1234,123,4,10893067274013151295,True,False,False,False,False,True,False,False,5.449223785852929,50.505050505050505,0.020000000000000004,41.2,48.05825242718446,0.039378019624498446
1235,123,5,2042640398244726687,True,False,False,False,False,True,False,False,4.922625749068103,47.474747474747474,0.020000000000000004,42.6,51.64319248826291,0.022919026136771024
1236,123,6,3071438893412319002,True,False,False,False,False,True,False,False,5.318035233477571,51.515151515151516,0.02,39.6,48.98989898989899,0.009146955984231262
1237,123,7,11839584987593808069,True,False,False,False,False,True,False,False,5.311760516531847,62.62626262626262,0.020000000000000004,46.2,48.917748917748916,-0.04399874923365107
1238,123,8,1460894727475262979,True,False,False,False,False,True,False,False,5.468289392980914,48.484848484848484,0.019999999999999997,43.4,51.1520737327189,0.02247350598760388
1239,123,9,16805743059217120662,True,False,False,False,False,True,False,False,5.562016150166521,53.535353535353536,0.020000000000000004,39.8,57.78894472361809,-0.048975452544321466
1240,124,0,18420209656774126120,True,False,False,False,False,False,True,True,4.053518940595399,58.58585858585859,0.019999999999999997,54.0,48.888888888888886,-0.016538873392857555
1241,124,1,7351242859776313318,True,False,False,False,False,False,True,True,4.583360544956699,44.44444444444444,0.02,55.0,54.18181818181818,0.006888386162599323
1242,124,2,11469961510082202016,True,False,False,False,False,False,True,True,4.882651942937166,56.56565656565657,0.020000000000000004,54.2,55.71955719557196,-0.012865210341114158
1243,124,3,7857114427170643944,True,False,False,False,False,False,True,True,4.253363859327574,54.54545454545455,0.02,56.4,53.191489361702125,0.012702241441224135
1244,124,4,23464851792134691,True,False,False,False,False,False,True,True,5.068040610587415,52.525252525252526,0.019999999999999997,55.2,57.971014492753625,0.020457446636572327
1245,124,5,15282025408040238367,True,False,False,False,False,False,True,True,4.704825843438904,41.41414141414141,0.020000000000000004,57.0,45.26315789473684,0.029018689489592586
1246,124,6,10956943615924494595,True,False,False,False,False,False,True,True,4.552671700956837,44.44444444444444,0.020000000000000004,55.8,49.10394265232975,0.023276243014310954
1247,124,7,10049262601872930779,True,False,False,False,False,False,True,True,5.3641357306943425,57.57575757575758,0.02,54.8,50.0,-0.018200869429788123
1248,124,8,1560326423995647506,True,False,False,False,False,False,True,True,5.070320576615382,57.57575757575758,0.020000000000000004,54.2,52.02952029520295,-0.02650879720711694
1249,124,9,5159752123206126268,True,False,False,False,False,False,True,True,4.455820505443319,57.57575757575758,0.02,54.2,45.75645756457565,-0.016005905747554422
1250,125,0,828755493903746929,True,False,False,False,False,False,True,False,4.591483891220482,50.505050505050505,0.020000000000000004,58.4,53.082191780821915,0.03458899099379413
1251,125,1,11571011631315874037,True,False,False,False,False,False,True,False,5.116040829001249,47.474747474747474,0.019999999999999997,54.4,57.35294117647059,0.02440458995946198
1252,125,2,17664783260841118611,True,False,False,False,False,False,True,False,5.788795064711585,56.56565656565657,0.019999999999999997,53.2,53.7593984962406,-0.012747128265458887
1253,125,3,14804403166773289503,True,False,False,False,False,False,True,False,4.760006446252014,57.57575757575758,0.02,51.4,49.416342412451364,0.0032898399821225657
1254,125,4,8275115693608394322,True,False,False,False,False,False,True,False,4.635701800955163,54.54545454545455,0.020000000000000004,56.2,53.02491103202847,-0.021513202191062154
1255,125,5,3308570659513634223,True,False,False,False,False,False,True,False,4.62305201682379,52.525252525252526,0.019999999999999997,55.8,51.61290322580645,-0.0164595142112169
1256,125,6,14956075970206397065,True,False,False,False,False,False,True,False,5.543985241723776,42.42424242424242,0.020000000000000004,56.6,46.996466431095406,-0.027358734417439266
1257,125,7,15228067326639546514,True,False,False,False,False,False,True,False,4.9694942360053815,51.515151515151516,0.020000000000000004,53.0,52.45283018867924,-0.018800552647579613
1258,125,8,11014214781061664291,True,False,False,False,False,False,True,False,5.45192673708095,57.57575757575758,0.02,53.2,57.89473684210526,0.009649872594799224
1259,125,9,13461006710930694153,True,False,False,False,False,False,True,False,5.103068423200423,49.494949494949495,0.02,54.4,50.73529411764706,-0.0014844717844993349
1260,126,0,8025851599855801573,True,False,False,False,False,False,False,True,5.2678920988126485,47.474747474747474,0.020000000000000004,54.2,50.18450184501845,0.0446832602479603
1261,126,1,14144633442881504336,True,False,False,False,False,False,False,True,4.733910511288056,52.525252525252526,0.019999999999999997,57.6,44.09722222222222,0.007693126187001731
1262,126,2,2465105871044979254,True,False,False,False,False,False,False,True,4.775751620480511,43.43434343434343,0.020000000000000004,53.6,52.61194029850746,0.03755162869471083
1263,126,3,1065407589412187078,True,False,False,False,False,False,False,True,5.316136560977417,55.55555555555556,0.019999999999999997,53.6,44.40298507462686,0.013821567297267396
1264,126,4,10141326124206451874,True,False,False,False,False,False,False,True,4.63351874463617,58.58585858585859,0.02,54.8,48.54014598540146,0.007106224282662606
1265,126,5,9965882882746449208,True,False,False,False,False,False,False,True,4.544041589968378,46.464646464646464,0.019999999999999997,57.4,55.749128919860624,0.026254589672794156
1266,126,6,5831851141854478853,True,False,False,False,False,False,False,True,5.024387210673923,53.535353535353536,0.02,53.4,44.56928838951311,0.004385691858877678
1267,126,7,2607231668479600364,True,False,False,False,False,False,False,True,4.592388274912026,59.5959595959596,0.02,52.0,53.46153846153846,0.00614230175339012
1268,126,8,6004775148735921508,True,False,False,False,False,False,False,True,4.391498783226436,58.58585858585859,0.020000000000000004,50.6,51.77865612648221,0.0086881244193151
1269,126,9,4300414555290807896,True,False,False,False,False,False,False,True,4.974743680050184,53.535353535353536,0.02,55.2,52.17391304347826,0.0030802159173783906
1270,127,0,806384003387049407,True,False,False,False,False,False,False,False,4.846763894529857,59.5959595959596,0.02,59.2,55.74324324324324,0.003760337049086573
1271,127,1,3081915592038626906,True,False,False,False,False,False,False,False,4.9292106575675465,48.484848484848484,0.019999999999999997,55.4,52.707581227436826,0.018197696188490018
1272,127,2,16204526203867165264,True,False,False,False,False,False,False,False,4.7547063306383475,57.57575757575758,0.020000000000000004,53.8,49.44237918215613,0.03534307723549743
1273,127,3,9845137683172953741,True,False,False,False,False,False,False,False,5.788679577591719,42.42424242424242,0.019999999999999997,54.2,45.38745387453874,-0.008219112686993909
1274,127,4,18136050888903082139,True,False,False,False,False,False,False,False,5.528288353628751,50.505050505050505,0.020000000000000004,53.0,45.660377358490564,-0.03624652453695885
1275,127,5,17531135286819553859,True,False,False,False,False,False,False,False,5.1626712441440645,48.484848484848484,0.020000000000000004,55.6,48.56115107913669,-0.03924704083298592
1276,127,6,13352500214339708257,True,False,False,False,False,False,False,False,5.255140293490176,52.525252525252526,0.020000000000000004,58.0,55.172413793103445,-0.019836586895727315
1277,127,7,6890664617605981087,True,False,False,False,False,False,False,False,5.0042197563572,55.55555555555556,0.019999999999999997,55.4,46.20938628158845,0.019709343297755894
1278,127,8,5415591034565001211,True,False,False,False,False,False,False,False,5.4086525848007225,54.54545454545455,0.020000000000000004,57.0,54.03508771929825,0.011114595344648188
1279,127,9,16262501697975356643,True,False,False,False,False,False,False,False,5.279570208484444,49.494949494949495,0.020000000000000004,53.6,49.62686567164179,-0.01865965570077228
1280,128,0,12547065253938029549,False,True,True,True,True,True,True,True,4.667979005562046,46.464646464646464,0.019999999999999997,45.2,0.0,-0.00662783305578474
1281,128,1,13765122920813216945,False,True,True,True,True,True,True,True,3.7594020645408874,49.494949494949495,0.020000000000000004,43.8,0.0,0.043120081987439024
1282,128,2,14202711970193129326,False,True,True,True,True,True,True,True,5.029317660124211,22.22222222222222,0.019999999999999997,42.2,0.0,-0.011190561568602696
1283,128,3,6913247449766104718,False,True,True,True,True,True,True,True,5.528365188994456,25.252525252525253,0.020000000000000004,43.2,0.0,0.024783030196074304
1284,128,4,9672880018457484049,False,True,True,True,True,True,True,True,4.167451485352717,29.292929292929294,0.019999999999999997,47.6,0.0,-0.002049488517837387
1285,128,5,7603733751566508871,False,True,True,True,True,True,True,True,5.672565997615911,38.38383838383838,0.020000000000000004,47.0,0.0,0.045232837188412686
1286,128,6,15110648640497215327,False,True,True,True,True,True,True,True,9.300001296401325,6.0606060606060606,0.026691791179516106,45.4,0.0,-0.026828214631832797
1287,128,7,13805344226592660932,False,True,True,True,True,True,True,True,6.436428960255852,35.35353535353536,0.02,44.2,0.0,0.009397284186990018
1288,128,8,13953049244909444582,False,True,True,True,True,True,True,True,7.165455420567948,14.141414141414142,0.020000000000000004,37.4,0.0,0.013933188533617857
1289,128,9,2917166299770337135,False,True,True,True,True,True,True,True,23.222912436973292,0.0,0.03350263008073321,45.6,0.0,0.03255652427558602
1290,129,0,1606249482679121724,False,True,True,True,True,True,True,False,4.255462110124579,38.38383838383838,0.019999999999999997,41.4,0.0,0.013768989213841882
1291,129,1,14532057504783985801,False,True,True,True,True,True,True,False,3.897584302555464,42.42424242424242,0.02,46.2,0.0,0.012107328798631387
1292,129,2,7083179104145260356,False,True,True,True,True,True,True,False,8.877157552892918,4.040404040404041,0.023893582892911762,49.0,0.0,0.03410270442789515
1293,129,3,6296161531127020293,False,True,True,True,True,True,True,False,7.119213318730715,10.1010101010101,0.02,45.6,0.0,0.00025404465157627534
1294,129,4,12188519237615220334,False,True,True,True,True,True,True,False,9.282093356057734,2.0202020202020203,0.03279406469786191,42.2,0.0,-0.02246639000988904
1295,129,5,13435455660504652501,False,True,True,True,True,True,True,False,9.942192322680729,10.1010101010101,0.020000000000000004,45.2,0.0,-0.005481185451568584
1296,129,6,9684890345486917758,False,True,True,True,True,True,True,False,11.79930750009295,0.0,0.038526667048313264,41.0,0.0,0.00021482973810692073
1297,129,7,8356637768141431412,False,True,True,True,True,True,True,False,5.103442958700407,28.282828282828284,0.02,44.0,0.0,-0.003508652426364294
1298,129,8,8892761908894994894,False,True,True,True,True,True,True,False,5.458985864609912,30.303030303030305,0.020000000000000004,45.6,0.0,-0.0177587579644508
1299,129,9,10406005599002001896,False,True,True,True,True,True,True,False,14.056803610860047,0.0,0.044499654834575304,44.6,0.0,-0.005293623085197785
1300,130,0,12902810376912375104,False,True,True,True,True,True,False,True,6.586771636588524,21.21212121212121,0.020000000000000004,43.6,0.0,-0.025264160878254917
1301,130,1,12097910235239246946,False,True,True,True,True,True,False,True,19.4771019188926,0.0,0.045934218436994544,44.4,0.0,-0.004615751115947128
1302,130,2,11736974078463826925,False,True,True,True,True,True,False,True,6.060573316908675,19.19191919191919,0.020000000000000004,46.2,0.0,0.02090979671385567
1303,130,3,1805510036773009383,False,True,True,True,True,True,False,True,7.9257421615167125,20.2020202020202,0.020000000000000004,37.2,0.0,0.017715387796186696
1304,130,4,6600944563512240035,False,True,True,True,True,True,False,True,6.540340680800421,27.272727272727273,0.02,44.0,0.0,-0.011668472203969816
1305,130,5,17676556435742922717,False,True,True,True,True,True,False,True,8.086754259606431,12.121212121212121,0.022180240297591403,42.4,0.0,-0.0011579984826934032
1306,130,6,16124246791624230643,False,True,True,True,True,True,False,True,7.802722653854544,10.1010101010101,0.025704642136015414,44.8,0.0,0.009886673554580788
1307,130,7,17286948841266879392,False,True,True,True,True,True,False,True,7.5444571154832465,16.161616161616163,0.020000000000000004,47.2,0.0,0.03628544043966619
1308,130,8,15975505922977594791,False,True,True,True,True,True,False,True,4.179316926981312,43.43434343434343,0.02,47.0,0.0,0.012610541750791088
1309,130,9,2439713880196501201,False,True,True,True,True,True,False,True,12.14377437541055,2.0202020202020203,0.033377858277090555,43.4,0.0,0.031520123257953434
1310,131,0,4099403401077529254,False,True,True,True,True,True,False,False,4.470234636224882,34.343434343434346,0.02,43.8,0.0,-0.005794349901889532
1311,131,1,14117166137309020324,False,True,True,True,True,True,False,False,11.262482907634455,2.0202020202020203,0.028541291025286374,46.0,0.0,0.019300013257120083
1312,131,2,10578268168725355393,False,True,True,True,True,True,False,False,5.367947663125622,32.323232323232325,0.020000000000000004,40.0,0.0,-0.04489394368902867
1313,131,3,17514629957391820257,False,True,True,True,True,True,False,False,17.61761169348171,0.0,0.03758010547767907,43.0,0.0,0.06271459037184486
1314,131,4,9392354476923650637,False,True,True,True,True,True,False,False,6.67941374654798,13.131313131313131,0.02,43.2,0.0,-0.002144741107499837
1315,131,5,17028937340943915453,False,True,True,True,True,True,False,False,12.19900024389863,2.0202020202020203,0.02404105136182646,45.6,0.0,0.034509459276445296
1316,131,6,11133260443703530527,False,True,True,True,True,True,False,False,15.445435884193842,0.0,0.03926500515282764,45.2,0.0,-0.005913855704648138
1317,131,7,12460111605287949491,False,True,True,True,True,True,False,False,8.64285531702067,12.121212121212121,0.02,44.4,0.0,-0.004326799497604991
1318,131,8,11220570077794931456,False,True,True,True,True,True,False,False,4.950691230415495,32.323232323232325,0.019999999999999997,42.8,0.0,-0.01530785963389307
1319,131,9,10084844946817807741,False,True,True,True,True,True,False,False,21.210114717510418,0.0,0.0364749183003729,43.0,0.0,-0.05356086111764083
1320,132,0,10304619415446160298,False,True,True,True,True,False,True,True,6.559705557305937,8.080808080808081,0.03305021057199614,57.2,0.0,0.03907312894081978
1321,132,1,5376059645356537011,False,True,True,True,True,False,True,True,16.886302195702694,0.0,0.04114906681252045,53.6,0.0,-0.01978414257712592
1322,132,2,15425478938163267829,False,True,True,True,True,False,True,True,4.441969041499079,33.333333333333336,0.020000000000000004,55.8,0.0,0.01493001717396901
1323,132,3,15851579635407297938,False,True,True,True,True,False,True,True,6.429208909320522,6.0606060606060606,0.02289924629651252,58.8,0.0,-0.01368311590307941
1324,132,4,15410779122749754712,False,True,True,True,True,False,True,True,9.53544631379623,4.040404040404041,0.02819266678249839,55.8,0.0,0.014301952608838842
1325,132,5,2069856157328749562,False,True,True,True,True,False,True,True,4.913032993390513,26.262626262626263,0.020000000000000004,53.4,0.0,0.019527154635318872
1326,132,6,1917367740694725908,False,True,True,True,True,False,True,True,6.526998739630996,7.070707070707071,0.020000000000000004,55.4,0.0,-0.02677446715832671
1327,132,7,14515117035331558625,False,True,True,True,True,False,True,True,13.17948828228048,0.0,0.040584792313506916,56.6,0.0,0.021815969797613223
1328,132,8,8150324709981688637,False,True,True,True,True,False,True,True,19.408293289757193,0.0,0.037621435841357034,54.0,0.0,-0.02224033890176915
1329,132,9,16654728446172350233,False,True,True,True,True,False,True,True,9.999885141990696,2.0202020202020203,0.03408802585815999,61.4,0.0,-0.008201605881587942
1330,133,0,622177682618999756,False,True,True,True,True,False,True,False,8.054344364228763,9.090909090909092,0.019999999999999997,53.0,0.0,-0.0030916365866935688
1331,133,1,11650076794048006682,False,True,True,True,True,False,True,False,4.186979339837688,36.36363636363637,0.019999999999999997,59.0,0.0,0.01629051659599102
1332,133,2,16664192613611460350,False,True,True,True,True,False,True,False,14.143428185328643,0.0,0.03730534291816972,57.0,0.0,0.03702832928742228
1333,133,3,18204368013745650308,False,True,True,True,True,False,True,False,17.38058465929829,0.0,0.03840574276219556,57.6,0.0,-0.0038597376308049988
1334,133,4,12496388045813046082,False,True,True,True,True,False,True,False,9.232670811767097,4.040404040404041,0.031274630663934294,57.4,0.0,-0.016059262933926764
1335,133,5,5377514518298745245,False,True,True,True,True,False,True,False,26.308136677743462,0.0,0.035383290380843896,55.4,0.0,0.025653406164816622
1336,133,6,11273375501576435926,False,True,True,True,True,False,True,False,3.116804410055274,46.464646464646464,0.02,55.4,0.0,0.0008948198305072392
1337,133,7,8134357623512178716,False,True,True,True,True,False,True,False,11.221375003349943,0.0,0.04163804337938566,54.8,0.0,0.02398839608979867
1338,133,8,9201110041309059846,False,True,True,True,True,False,True,False,3.1339909294013886,38.38383838383838,0.02,58.8,0.0,0.010704260162672109
1339,133,9,15994081054539423606,False,True,True,True,True,False,True,False,8.651227534043972,2.0202020202020203,0.03264261574342283,56.6,0.0,-0.017975886955371074
1340,134,0,9853965299782272067,False,True,True,True,True,False,False,True,14.469897617509403,0.0,0.043084983341228705,58.2,0.0,0.014254006232621602
1341,134,1,677527558258217965,False,True,True,True,True,False,False,True,3.707979021430024,42.42424242424242,0.02,56.4,0.0,-0.011554143194691922
1342,134,2,10803051663615983896,False,True,True,True,True,False,False,True,6.476232301947465,8.080808080808081,0.020440851163167573,54.0,0.0,0.03777621688233233
1343,134,3,12454099399970701287,False,True,True,True,True,False,False,True,6.019236691859881,10.1010101010101,0.02230977661085106,58.4,0.0,-0.018222861470292298
1344,134,4,613727460123040019,False,True,True,True,True,False,False,True,2.96661690641925,41.41414141414141,0.019999999999999997,50.2,0.0,0.011891070868070924
1345,134,5,5882915085729585490,False,True,True,True,True,False,False,True,10.211924943304055,1.0101010101010102,0.03652929296699863,55.8,0.0,0.0015513335191612043
1346,134,6,16894202937198917852,False,True,True,True,True,False,False,True,4.334185405877738,25.252525252525253,0.020000000000000004,54.6,0.0,-0.030411860477940658
1347,134,7,2088760533077239537,False,True,True,True,True,False,False,True,4.614854039607978,37.37373737373738,0.02,54.0,0.0,-0.0024818424659206794
1348,134,8,3118975995916093704,False,True,True,True,True,False,False,True,16.821366169671695,0.0,0.039048181419150244,54.0,0.0,0.025108772521459384
1349,134,9,4912793693750355023,False,True,True,True,True,False,False,True,5.57316702687729,25.252525252525253,0.020000000000000004,54.8,0.0,0.044882268902257834
1350,135,0,12640087281938117129,False,True,True,True,True,False,False,False,9.536768182870228,2.0202020202020203,0.03466986329475426,56.2,0.0,-0.004291971359827655
1351,135,1,7008363159150054639,False,True,True,True,True,False,False,False,18.80710051468299,0.0,0.040539680116410515,53.2,0.0,-0.007321496888844743
1352,135,2,1301693176613307407,False,True,True,True,True,False,False,False,3.5682536149040684,25.252525252525253,0.02,55.4,0.0,-0.010342241445088907
1353,135,3,13669421627129664332,False,True,True,True,True,False,False,False,29.291131344168278,0.0,0.03390080917507714,54.8,0.0,0.056215611224051325
1354,135,4,6045928965722719271,False,True,True,True,True,False,False,False,18.1459163654656,0.0,0.037477010107567765,53.4,0.0,-0.0092018335178101
1355,135,5,4025920730450573277,False,True,True,True,True,False,False,False,6.643907662045819,10.1010101010101,0.02,55.8,0.0,-0.0195518824189218
1356,135,6,16015802458266937690,False,True,True,True,True,False,False,False,4.351473709341358,30.303030303030305,0.019999999999999997,55.2,0.0,0.018200665415355408
1357,135,7,11338402808576915541,False,True,True,True,True,False,False,False,3.1499140589716403,48.484848484848484,0.019999999999999997,55.8,0.0,0.01572597285176149
1358,135,8,10195201188575726354,False,True,True,True,True,False,False,False,7.439553435675143,10.1010101010101,0.020000000000000004,55.0,0.0,0.015515099930007572
1359,135,9,1647697008360703492,False,True,True,True,True,False,False,False,10.820282502606235,2.0202020202020203,0.02704452034338777,55.6,0.0,-0.029543605699053593
1360,136,0,1408985509926937133,False,True,True,True,False,True,True,True,16.55795237568243,0.0,0.03791176982810942,44.2,0.0,-0.0019545437242525893
1361,136,1,6785683548714310969,False,True,True,True,False,True,True,True,9.27915682914579,8.080808080808081,0.02281200264519791,43.4,0.0,-0.012979848381106373
1362,136,2,986571817199366933,False,True,True,True,False,True,True,True,4.428244526845797,47.474747474747474,0.02,45.4,0.0,0.01648337913882594
1363,136,3,8184930381468384220,False,True,True,True,False,True,True,True,16.565854287777693,2.0202020202020203,0.03019329563468376,44.6,0.0,-0.008413130500782467
1364,136,4,17505766261401549696,False,True,True,True,False,True,True,True,5.051607606120427,44.44444444444444,0.020000000000000004,42.4,0.0,0.024263046034333626
1365,136,5,14400195978139277038,False,True,True,True,False,True,True,True,9.326950454763145,8.080808080808081,0.02,41.8,0.0,-0.003065122594577269
1366,136,6,15283760046154533845,False,True,True,True,False,True,True,True,18.078044030371476,0.0,0.03977139125399569,46.2,0.0,0.007629976487249718
1367,136,7,17386226637505178981,False,True,True,True,False,True,True,True,5.282275777943695,33.333333333333336,0.019999999999999997,44.8,0.0,-0.05768836372436221
1368,136,8,57437698890139176,False,True,True,True,False,True,True,True,23.68146601800333,0.0,0.041617329663747316,44.8,0.0,-0.010108400921141101
1369,136,9,16688507111899881201,False,True,True,True,False,True,True,True,10.186616342641194,6.0606060606060606,0.0246323959711278,44.2,0.0,-0.022224629844200143
1370,137,0,10294549954284098133,False,True,True,True,False,True,True,False,12.170815040101258,0.0,0.03169006730456814,45.6,0.0,-0.029830580864458
1371,137,1,13315952393692536832,False,True,True,True,False,True,True,False,10.742826712421834,6.0606060606060606,0.026705496522196663,44.0,0.0,0.025931797179798287
1372,137,2,5986132051923882754,False,True,True,True,False,True,True,False,18.57518796994861,0.0,0.040586479944441325,44.0,0.0,-0.013682196444707372
1373,137,3,8884085180539599824,False,True,True,True,False,True,True,False,16.669477179682655,0.0,0.03706385157842368,43.6,0.0,0.012611105145278426
1374,137,4,18032720943719206491,False,True,True,True,False,True,True,False,10.809964001949446,4.040404040404041,0.026533571397741294,44.0,0.0,0.001831592805718805
1375,137,5,1213808066914140692,False,True,True,True,False,True,True,False,11.78189968879253,3.0303030303030303,0.027788557989683438,43.4,0.0,-0.03055681239248956
1376,137,6,8605779243082932490,False,True,True,True,False,True,True,False,5.397936872277205,37.37373737373738,0.020000000000000004,43.4,0.0,-0.03178782734759405
1377,137,7,4125450706232851399,False,True,True,True,False,True,True,False,11.010990822775595,3.0303030303030303,0.03374031662023376,44.8,0.0,-0.01333701519023527
1378,137,8,15948517626767377441,False,True,True,True,False,True,True,False,28.77491755449957,0.0,0.03351266483643686,41.8,0.0,0.018055348280361483
1379,137,9,10906232801696768259,False,True,True,True,False,True,True,False,12.169529489048564,0.0,0.03614312091631598,44.4,0.0,-0.010107441826313367
1380,138,0,7849142710984248003,False,True,True,True,False,True,False,True,6.008227394445515,18.181818181818183,0.02,42.6,0.0,0.017284137648304748
1381,138,1,10954279782532927927,False,True,True,True,False,True,False,True,8.006653935637583,7.070707070707071,0.019999999999999997,43.0,0.0,-0.016996890238289267
1382,138,2,3213660415046741059,False,True,True,True,False,True,False,True,5.85511881460391,29.292929292929294,0.020000000000000004,43.4,0.0,0.009987971233039726
1383,138,3,10466113514705091685,False,True,True,True,False,True,False,True,21.299503117725852,0.0,0.038643535475941536,43.6,0.0,-0.044916873125827886
1384,138,4,16640092214648601099,False,True,True,True,False,True,False,True,13.112906555028953,2.0202020202020203,0.033523067228468865,43.0,0.0,0.02852905955310424
1385,138,5,1915640818136312233,False,True,True,True,False,True,False,True,5.243388694115196,34.343434343434346,0.020000000000000004,45.6,0.0,-0.0439828935139394
1386,138,6,272341877438763585,False,True,True,True,False,True,False,True,7.408456494559328,14.141414141414142,0.020000000000000004,46.0,0.0,-0.026340815623843133
1387,138,7,5152023941105569412,False,True,True,True,False,True,False,True,3.6435315883313395,43.43434343434343,0.02,37.4,0.0,-0.01195978863413037
1388,138,8,1743014807166193874,False,True,True,True,False,True,False,True,8.318579373808483,5.05050505050505,0.025643691791078727,44.8,0.0,0.012429649787137727
1389,138,9,12860368034999551316,False,True,True,True,False,True,False,True,9.90693632750171,4.040404040404041,0.030766332339671052,45.0,0.0,-0.008880061029080722
1390,139,0,11963064723915780837,False,True,True,True,False,True,False,False,13.567711495820777,0.0,0.03487439147165523,42.0,0.0,-0.012864711671763488
1391,139,1,3048634147800019215,False,True,True,True,False,True,False,False,6.379196815041926,17.171717171717173,0.02,44.8,0.0,0.001812342443746463
1392,139,2,14321673314978876142,False,True,True,True,False,True,False,False,11.419221840597588,2.0202020202020203,0.029248001167667296,47.4,0.0,-0.007567626479756457
1393,139,3,8959600342903269963,False,True,True,True,False,True,False,False,8.075948700968418,6.0606060606060606,0.02147983784343581,41.2,0.0,0.011096352639108305
1394,139,4,13042176490083077255,False,True,True,True,False,True,False,False,9.422084801085763,5.05050505050505,0.02852530028057606,43.8,0.0,0.02316006224163509
1395,139,5,11894399276784663429,False,True,True,True,False,True,False,False,28.588712636129003,0.0,0.036904764934067275,40.0,0.0,-0.027856306475786276
1396,139,6,9191752309943696608,False,True,True,True,False,True,False,False,19.24781647522537,0.0,0.03910600669768951,46.4,0.0,-0.033592642609153324
1397,139,7,5859242301140175867,False,True,True,True,False,True,False,False,8.252222148514575,12.121212121212121,0.020000000000000004,39.6,0.0,-0.042340059510770855
1398,139,8,370008698587324012,False,True,True,True,False,True,False,False,22.98086483336845,0.0,0.03702637390112775,39.4,0.0,-0.007950669085058072
1399,139,9,15800985641398023793,False,True,True,True,False,True,False,False,23.582666702468863,0.0,0.0362100260152378,43.6,0.0,0.006655725268013737
1400,140,0,1712620722748002746,False,True,True,True,False,False,True,True,30.74850410815822,0.0,0.03473264512167978,53.4,0.0,-0.02631852956264381
1401,140,1,8561856669037620185,False,True,True,True,False,False,True,True,3.1885232390056855,46.464646464646464,0.02,52.2,0.0,0.0007698012170081157
1402,140,2,4810198533281145630,False,True,True,True,False,False,True,True,19.66056412303683,0.0,0.041860314770251345,55.4,0.0,-0.01183092798787565
1403,140,3,13500157080453123878,False,True,True,True,False,False,True,True,7.858753666619993,11.11111111111111,0.02321940541234196,56.0,0.0,0.014344546737595621
1404,140,4,2711101060334072400,False,True,True,True,False,False,True,True,7.529205673346286,5.05050505050505,0.020000000000000004,54.4,0.0,-0.024315962883968447
1405,140,5,7128697622394853014,False,True,True,True,False,False,True,True,11.022086090521766,2.0202020202020203,0.0306368037073487,56.6,0.0,0.017481460369818097
1406,140,6,11713094173429385071,False,True,True,True,False,False,True,True,9.181346120956414,4.040404040404041,0.03276308609647953,55.6,0.0,0.015476442126376175
1407,140,7,5382037407275710552,False,True,True,True,False,False,True,True,23.471393857593107,0.0,0.03938900507712846,54.4,0.0,-0.014391854650906925
1408,140,8,8050700970902727796,False,True,True,True,False,False,True,True,6.455489027844411,10.1010101010101,0.02,54.6,0.0,0.0044432002737790875
1409,140,9,8655781915310981627,False,True,True,True,False,False,True,True,10.5212831274869,0.0,0.04090770501825028,54.6,0.0,0.030834713828110424
1410,141,0,17179053661733802584,False,True,True,True,False,False,True,False,17.86409852357443,0.0,0.037418525921792546,52.6,0.0,0.01015927082586068
1411,141,1,11234005188758643684,False,True,True,True,False,False,True,False,10.47912350068098,0.0,0.03915872376156759,54.2,0.0,0.0288549890635687
1412,141,2,12805404135487064082,False,True,True,True,False,False,True,False,5.393215770232656,21.21212121212121,0.02,53.6,0.0,-0.0018741558741018891
1413,141,3,11092677927627045660,False,True,True,True,False,False,True,False,14.40322344593866,0.0,0.03817652450943239,54.4,0.0,0.009199363131198986
1414,141,4,3570726004538537795,False,True,True,True,False,False,True,False,19.30743769045055,0.0,0.03579351074658384,59.4,0.0,0.026229166645970473
1415,141,5,6743441303781785325,False,True,True,True,False,False,True,False,4.256260969880154,30.303030303030305,0.02,51.4,0.0,0.006751286861091998
1416,141,6,2820554793506062989,False,True,True,True,False,False,True,False,5.2307772030230835,19.19191919191919,0.020000000000000004,52.4,0.0,-0.015429857665900755
1417,141,7,7559540253350306913,False,True,True,True,False,False,True,False,11.644904265136898,0.0,0.0368363638770881,57.8,0.0,-0.0024407769057991175
1418,141,8,15724717137714956672,False,True,True,True,False,False,True,False,5.691008632778473,13.131313131313131,0.02,53.2,0.0,0.006782534923184604
1419,141,9,11570220806461074346,False,True,True,True,False,False,True,False,16.779480529081987,1.0101010101010102,0.03608888244290472,56.0,0.0,0.008619369733081219
1420,142,0,13595337197875145953,False,True,True,True,False,False,False,True,3.5674823105978386,45.45454545454545,0.019999999999999997,56.8,0.0,0.02630371161285204
1421,142,1,15188163731828088740,False,True,True,True,False,False,False,True,4.18433918788459,43.43434343434343,0.019999999999999997,53.0,0.0,-0.017985684664833666
1422,142,2,16379914685657950675,False,True,True,True,False,False,False,True,7.542621585125958,4.040404040404041,0.03505076324767196,53.6,0.0,-0.0032322715954265467
1423,142,3,3445549895596586693,False,True,True,True,False,False,False,True,4.395518483930167,33.333333333333336,0.019999999999999997,53.2,0.0,-0.004440284166175518
1424,142,4,4251132375827305489,False,True,True,True,False,False,False,True,6.8030255815108465,10.1010101010101,0.020000000000000004,56.0,0.0,0.022744871549797988
1425,142,5,6007625522552080675,False,True,True,True,False,False,False,True,9.294262151069299,3.0303030303030303,0.027969312535916224,54.4,0.0,-0.05579799159563946
1426,142,6,8249248451408538161,False,True,True,True,False,False,False,True,7.538031288641023,6.0606060606060606,0.022206935718214353,57.4,0.0,-0.0007304845298602365
1427,142,7,8725930899784394538,False,True,True,True,False,False,False,True,4.841828124882453,20.2020202020202,0.020000000000000004,61.2,0.0,0.03090279553846763
1428,142,8,11576533813032903467,False,True,True,True,False,False,False,True,11.505711770072317,0.0,0.03713941259195866,56.2,0.0,-0.0007341131372691665
1429,142,9,15550104370507994276,False,True,True,True,False,False,False,True,19.052071277892498,0.0,0.04108562762730856,53.6,0.0,0.011780008183225018
1430,143,0,353018095160946265,False,True,True,True,False,False,False,False,10.921040626052918,1.0101010101010102,0.03127621853322507,52.2,0.0,-0.035701317310155224
1431,143,1,6950276539357223707,False,True,True,True,False,False,False,False,3.1487487697669123,50.505050505050505,0.020000000000000004,58.4,0.0,0.017101807749717167
1432,143,2,15816547369004131321,False,True,True,True,False,False,False,False,4.530679467619445,26.262626262626263,0.02,56.4,0.0,-0.0012926170881083642
1433,143,3,6342483106599738686,False,True,True,True,False,False,False,False,26.54036630211372,0.0,0.041414797647973345,55.8,0.0,-0.017618345731769458
1434,143,4,5009783183162569921,False,True,True,True,False,False,False,False,25.946766261511616,0.0,0.03529459189999651,58.0,0.0,-0.025562271882771784
1435,143,5,15417613449986403030,False,True,True,True,False,False,False,False,3.5147639462229963,40.4040404040404,0.020000000000000004,57.8,0.0,0.019418291978771693
1436,143,6,1858618801874491607,False,True,True,True,False,False,False,False,12.548312911678966,2.0202020202020203,0.03360189047808867,55.2,0.0,0.006825054289675899
1437,143,7,11591373366895159710,False,True,True,True,False,False,False,False,34.21060789205443,0.0,0.03734046833795727,56.8,0.0,0.022792240652150454
1438,143,8,18243728150808464528,False,True,True,True,False,False,False,False,42.96464774273877,0.0,0.03402856645593656,56.8,0.0,-0.0639532687420636
1439,143,9,17591145470291194473,False,True,True,True,False,False,False,False,12.038024255928221,0.0,0.03779609678931112,55.6,0.0,-0.004344827340234186
1440,144,0,12229226775167199762,False,True,True,False,True,True,True,True,5.634590781173302,32.323232323232325,0.02,45.4,0.0,-0.011841838311492716
1441,144,1,5481013959339604561,False,True,True,False,True,True,True,True,3.985882184996543,46.464646464646464,0.02,44.2,0.0,-0.005522984102150762
1442,144,2,4365886846070155386,False,True,True,False,True,True,True,True,3.557427024094421,60.60606060606061,0.019999999999999997,45.0,0.0,0.014825494514623032
1443,144,3,7839800629119509052,False,True,True,False,True,True,True,True,4.749045139408821,38.38383838383838,0.020000000000000004,48.8,0.0,0.02626911215292726
1444,144,4,13604734424871004316,False,True,True,False,True,True,True,True,3.5840150875743513,51.515151515151516,0.019999999999999997,44.4,0.0,0.013012236363134371
1445,144,5,15078511851385821744,False,True,True,False,True,True,True,True,5.3923563394801395,43.43434343434343,0.02,45.8,0.0,-0.004153396088435255
1446,144,6,17080553532896458375,False,True,True,False,True,True,True,True,5.742432975695181,37.37373737373738,0.020000000000000004,42.8,0.0,0.03182288024839822
1447,144,7,4071210846408557780,False,True,True,False,True,True,True,True,3.65121020315965,43.43434343434343,0.020000000000000004,42.6,0.0,-0.016729478493455845
1448,144,8,6060570028490808379,False,True,True,False,True,True,True,True,4.825372295126957,25.252525252525253,0.020000000000000004,46.0,0.0,0.02796320228487769
1449,144,9,8288745753383734455,False,True,True,False,True,True,True,True,4.246732243305476,42.42424242424242,0.020000000000000004,43.8,0.0,0.026640345260219512
1450,145,0,16322398639552680080,False,True,True,False,True,True,True,False,6.25094809637646,26.262626262626263,0.02,44.0,0.0,0.0026140362912570247
1451,145,1,4764452810216469833,False,True,True,False,True,True,True,False,3.6225166192043763,48.484848484848484,0.020000000000000004,43.2,0.0,-0.01695049817489644
1452,145,2,18290200920559782420,False,True,True,False,True,True,True,False,4.14296646997989,42.42424242424242,0.02,45.2,0.0,-0.0008450839228865477
1453,145,3,11265913125699657207,False,True,True,False,True,True,True,False,4.927453426731562,48.484848484848484,0.02,46.6,0.0,0.011661693542283906
1454,145,4,2528757336635820459,False,True,True,False,True,True,True,False,3.9923207788350124,47.474747474747474,0.019999999999999997,44.0,0.0,-0.023375370409266395
1455,145,5,6388386905330023265,False,True,True,False,True,True,True,False,5.835974264041868,16.161616161616163,0.019999999999999997,43.6,0.0,0.0010945545930972117
1456,145,6,9629520030758981745,False,True,True,False,True,True,True,False,4.9683793643606915,49.494949494949495,0.02,46.6,0.0,0.00943035920681129
1457,145,7,12348404692997729603,False,True,True,False,True,True,True,False,5.447426344127882,40.4040404040404,0.02,42.8,0.0,-0.006159764566804817
1458,145,8,575590579127125011,False,True,True,False,True,True,True,False,4.998275125794672,32.323232323232325,0.020000000000000004,44.4,0.0,0.01767559890511843
1459,145,9,15578235867584205599,False,True,True,False,True,True,True,False,4.220948109607667,47.474747474747474,0.020000000000000004,48.0,0.0,0.04312860561689785
1460,146,0,11236382101419909833,False,True,True,False,True,True,False,True,5.206676711535837,40.4040404040404,0.02,43.6,0.0,0.009558091250915309
1461,146,1,7643130761129722238,False,True,True,False,True,True,False,True,4.34997570874881,51.515151515151516,0.020000000000000004,41.8,0.0,0.016075552193408314
1462,146,2,7658097680970921032,False,True,True,False,True,True,False,True,5.547489460215729,26.262626262626263,0.020000000000000004,44.4,0.0,0.035354467985968634
1463,146,3,5146424408004179115,False,True,True,False,True,True,False,True,4.329326811824968,59.5959595959596,0.02,44.0,0.0,-0.00903214674544257
1464,146,4,15750371678712505236,False,True,True,False,True,True,False,True,4.1415307265366526,42.42424242424242,0.020000000000000004,41.0,0.0,-0.03665523881356327
1465,146,5,4240987215045862077,False,True,True,False,True,True,False,True,5.443873974549554,28.282828282828284,0.019999999999999997,42.6,0.0,0.012388493830878151
1466,146,6,12290752092057143150,False,True,True,False,True,True,False,True,4.408006554410935,46.464646464646464,0.02,44.8,0.0,0.017565712424870435
1467,146,7,16156284963609310977,False,True,True,False,True,True,False,True,4.878905271195422,32.323232323232325,0.02,44.6,0.0,0.00691668474386371
1468,146,8,14618615544501356812,False,True,True,False,True,True,False,True,5.702578061279919,28.282828282828284,0.02,45.8,0.0,0.010539308565030945
1469,146,9,14704654559280435560,False,True,True,False,True,True,False,True,5.7999726324442715,20.2020202020202,0.02,40.0,0.0,0.0029195929908494025
1470,147,0,2288661321428798812,False,True,True,False,True,True,False,False,4.813048230455506,38.38383838383838,0.02,45.2,0.0,-0.0076222323402221894
1471,147,1,10363663576525340233,False,True,True,False,True,True,False,False,4.028342928324281,44.44444444444444,0.020000000000000004,43.8,0.0,0.018257184926593405
1472,147,2,15585455842240488211,False,True,True,False,True,True,False,False,4.278711669001139,49.494949494949495,0.020000000000000004,43.0,0.0,0.004811479817011246
1473,147,3,12187168594127559849,False,True,True,False,True,True,False,False,4.133094002807367,55.55555555555556,0.020000000000000004,44.0,0.0,0.012674039536694761
1474,147,4,12603405656603893172,False,True,True,False,True,True,False,False,3.8358065222394067,52.525252525252526,0.02,41.8,0.0,0.012788079428014328
1475,147,5,15686309852359036751,False,True,True,False,True,True,False,False,4.177574033203665,42.42424242424242,0.020000000000000004,44.8,0.0,0.0317046322134178
1476,147,6,16951524985976200212,False,True,True,False,True,True,False,False,5.747063880810024,24.242424242424242,0.019999999999999997,45.0,0.0,0.020435987632536456
1477,147,7,15309270883396823132,False,True,True,False,True,True,False,False,4.430100679388246,29.292929292929294,0.020000000000000004,46.0,0.0,0.041964632805606826
1478,147,8,7681166032291252607,False,True,True,False,True,True,False,False,3.538544912923646,48.484848484848484,0.02,45.8,0.0,-0.0016174298958814197
1479,147,9,6895173962035610767,False,True,True,False,True,True,False,False,5.859806208240557,18.181818181818183,0.02,44.2,0.0,0.003956491102108592
1480,148,0,11621299371607455572,False,True,True,False,True,False,True,True,5.010701105665329,28.282828282828284,0.020000000000000004,53.6,0.0,-0.04219629544695552
1481,148,1,12731027444453276236,False,True,True,False,True,False,True,True,4.090650216348518,32.323232323232325,0.02,58.4,0.0,-1.3784312157572476e-05
1482,148,2,7073105659971593457,False,True,True,False,True,False,True,True,8.189070405533624,10.1010101010101,0.020000000000000004,57.0,0.0,-0.04262517257171478
1483,148,3,1930279376692252721,False,True,True,False,True,False,True,True,3.5588157355111076,49.494949494949495,0.019999999999999997,58.6,0.0,0.010064686627968795
1484,148,4,11256864612780639717,False,True,True,False,True,False,True,True,3.8634243285722345,34.343434343434346,0.020000000000000004,55.2,0.0,0.02830082160433362
1485,148,5,17693708015835780455,False,True,True,False,True,False,True,True,3.8189448970301156,36.36363636363637,0.020000000000000004,57.2,0.0,-0.038268753905023316
1486,148,6,2185477684455265492,False,True,True,False,True,False,True,True,4.945720360802541,20.2020202020202,0.020000000000000004,55.2,0.0,-0.02207799323466548
1487,148,7,608228344567799644,False,True,True,False,True,False,True,True,3.0330628888721822,56.56565656565657,0.020000000000000004,58.0,0.0,-0.015632883280456086
1488,148,8,9047535489597357106,False,True,True,False,True,False,True,True,4.043255307056159,39.39393939393939,0.020000000000000004,54.4,0.0,0.035246368272828205
1489,148,9,3586768596641586325,False,True,True,False,True,False,True,True,5.960303295392451,20.2020202020202,0.019999999999999997,54.4,0.0,-0.0003514138291990476
1490,149,0,12471681556139498293,False,True,True,False,True,False,True,False,3.0319046878428937,43.43434343434343,0.020000000000000004,51.8,0.0,0.01852128667500212
1491,149,1,10343344659354577486,False,True,True,False,True,False,True,False,4.830097543263565,21.21212121212121,0.02,57.0,0.0,-0.001169639942350845
1492,149,2,12092434260865293548,False,True,True,False,True,False,True,False,12.86520322520761,0.0,0.033351968920864845,57.2,0.0,-0.027317461359914277
1493,149,3,9724494570711496470,False,True,True,False,True,False,True,False,3.5928154503759426,45.45454545454545,0.02,56.0,0.0,0.0026869659624889283
1494,149,4,15503474201403212181,False,True,True,False,True,False,True,False,4.415054622908682,31.31313131313131,0.02,54.2,0.0,0.011683925841140209
1495,149,5,6825779017220642373,False,True,True,False,True,False,True,False,2.8562924695951177,46.464646464646464,0.020000000000000004,56.4,0.0,-0.03449054364686431
1496,149,6,17765412622943656105,False,True,True,False,True,False,True,False,3.609888897062924,31.31313131313131,0.020000000000000004,56.4,0.0,0.035457020930540206
1497,149,7,2416602777195038279,False,True,True,False,True,False,True,False,3.062943019838246,52.525252525252526,0.02,52.6,0.0,0.0036020299655565332
1498,149,8,9428511592445416223,False,True,True,False,True,False,True,False,5.153167644283283,16.161616161616163,0.019999999999999997,58.0,0.0,0.03206174970998893
1499,149,9,6782504355746208999,False,True,True,False,True,False,True,False,5.24215412396018,22.22222222222222,0.02,60.6,0.0,0.002318068007503148
1500,150,0,17447594010588562313,False,True,True,False,True,False,False,True,5.134198077661832,14.141414141414142,0.020000000000000004,58.0,0.0,-0.02002433818206203
1501,150,1,13245969387928545962,False,True,True,False,True,False,False,True,2.749831020537659,49.494949494949495,0.019999999999999997,54.2,0.0,-0.019628193790438956
1502,150,2,3624564151428478330,False,True,True,False,True,False,False,True,5.719627363218506,16.161616161616163,0.020000000000000004,56.4,0.0,0.027133505462823847
1503,150,3,11366575757785230331,False,True,True,False,True,False,False,True,4.771107001990332,22.22222222222222,0.019999999999999997,57.0,0.0,-0.010838057065727099
1504,150,4,5583135273595462961,False,True,True,False,True,False,False,True,8.221260431552908,2.0202020202020203,0.038084053015694765,55.8,0.0,-0.019988747363151402
1505,150,5,11475196971481102165,False,True,True,False,True,False,False,True,3.804428159762906,40.4040404040404,0.02,58.6,0.0,-0.0048037509196687655
1506,150,6,14522418021917135516,False,True,True,False,True,False,False,True,4.399010893366092,20.2020202020202,0.020000000000000004,58.2,0.0,0.03414685751237114
1507,150,7,9479358038800527044,False,True,True,False,True,False,False,True,4.300121897553706,34.343434343434346,0.020000000000000004,53.6,0.0,-0.005627231828510048
1508,150,8,3758143301288629755,False,True,True,False,True,False,False,True,5.752019027966394,16.161616161616163,0.019999999999999997,58.0,0.0,-0.018436764616912647
1509,150,9,15285818384515558246,False,True,True,False,True,False,False,True,2.808546962475184,56.56565656565657,0.020000000000000004,55.4,0.0,-0.031121566509511055
1510,151,0,7269407033986250817,False,True,True,False,True,False,False,False,4.530176234352649,34.343434343434346,0.020000000000000004,57.8,0.0,-0.021237332080376595
1511,151,1,13838373484240668548,False,True,True,False,True,False,False,False,4.132646992690542,31.31313131313131,0.020000000000000004,57.6,0.0,0.03649648439328169
1512,151,2,13638289630253664871,False,True,True,False,True,False,False,False,2.9947901413193727,53.535353535353536,0.020000000000000004,56.6,0.0,0.019297773736533932
1513,151,3,15409675733985217038,False,True,True,False,True,False,False,False,4.433472997417711,18.181818181818183,0.020000000000000004,55.0,0.0,-0.0011386126621557992
1514,151,4,14342340523791269259,False,True,True,False,True,False,False,False,5.293818576632759,11.11111111111111,0.019999999999999997,56.2,0.0,-0.008558773551327989
1515,151,5,10781517993533908065,False,True,True,False,True,False,False,False,3.230279601678185,58.58585858585859,0.02,51.6,0.0,-0.008717613317322596
1516,151,6,13331715399048680844,False,True,True,False,True,False,False,False,4.483456110670074,31.31313131313131,0.020000000000000004,53.4,0.0,-0.027319187348381378
1517,151,7,8535485825892250077,False,True,True,False,True,False,False,False,8.301345114938226,0.0,0.0328224854633234,52.0,0.0,-0.04435477883240127
1518,151,8,14879338494320315091,False,True,True,False,True,False,False,False,5.646449712234344,8.080808080808081,0.020000000000000004,56.0,0.0,0.04073150508054755
1519,151,9,10748484892230297744,False,True,True,False,True,False,False,False,3.3535965523786024,52.525252525252526,0.020000000000000004,59.2,0.0,-0.018673710203633252
1520,152,0,398447837212177470,False,True,True,False,False,True,True,True,3.828411393852938,64.64646464646465,0.02,47.2,0.0,0.0012088784212978478
1521,152,1,13202507850312379728,False,True,True,False,False,True,True,True,5.837869208489764,25.252525252525253,0.020000000000000004,39.0,0.0,0.017645988559924972
1522,152,2,18214148667215723330,False,True,True,False,False,True,True,True,4.2371090411042385,48.484848484848484,0.020000000000000004,44.6,0.0,0.0077321454508078764
1523,152,3,1660993701242095145,False,True,True,False,False,True,True,True,4.646174152139225,34.343434343434346,0.020000000000000004,41.4,0.0,0.01785342038607945
1524,152,4,16737939833164266376,False,True,True,False,False,True,True,True,3.795819650931016,44.44444444444444,0.020000000000000004,40.6,0.0,0.014822639624226612
1525,152,5,8615087910813971392,False,True,True,False,False,True,True,True,8.831768199113633,15.151515151515152,0.019999999999999997,39.8,0.0,-0.022762852323132604
1526,152,6,2889946520095308636,False,True,True,False,False,True,True,True,4.179679506016297,51.515151515151516,0.02,45.0,0.0,-0.00594945759337816
1527,152,7,10444582144450860236,False,True,True,False,False,True,True,True,4.128420534126753,50.505050505050505,0.02,45.6,0.0,-0.005011978128583554
1528,152,8,17256026812478467946,False,True,True,False,False,True,True,True,4.1672074967779436,59.5959595959596,0.020000000000000004,43.8,0.0,0.029396500637111928
1529,152,9,1744513619579699060,False,True,True,False,False,True,True,True,4.331214526443169,54.54545454545455,0.020000000000000004,42.2,0.0,0.036111656935487756
1530,153,0,1441115054083445669,False,True,True,False,False,True,True,False,4.214543017455998,50.505050505050505,0.020000000000000004,42.0,0.0,0.038242829365028035
1531,153,1,5689017309689636458,False,True,True,False,False,True,True,False,4.853820743820777,30.303030303030305,0.019999999999999997,47.4,0.0,-0.023336233228723708
1532,153,2,10371349980029272631,False,True,True,False,False,True,True,False,6.353406680356306,22.22222222222222,0.020000000000000004,42.4,0.0,-0.042247407542798966
1533,153,3,17336408901619060849,False,True,True,False,False,True,True,False,9.129446881861025,8.080808080808081,0.02,45.8,0.0,-0.003114466985295903
1534,153,4,10199409611496568365,False,True,True,False,False,True,True,False,6.3625879868622475,18.181818181818183,0.020000000000000004,41.6,0.0,0.009359031472772669
1535,153,5,4574725237770922904,False,True,True,False,False,True,True,False,4.273311047024094,45.45454545454545,0.019999999999999997,43.8,0.0,-0.04929092046319962
1536,153,6,5594588241302562306,False,True,True,False,False,True,True,False,3.6381547534307273,55.55555555555556,0.02,44.0,0.0,0.00039348597350783045
1537,153,7,5067138609990096717,False,True,True,False,False,True,True,False,5.3928363550595035,31.31313131313131,0.02,42.6,0.0,0.0072257960656153955
1538,153,8,3624337304797362939,False,True,True,False,False,True,True,False,5.4581768498877965,28.282828282828284,0.020000000000000004,39.8,0.0,0.03659803073501422
1539,153,9,3469978883651462359,False,True,True,False,False,True,True,False,8.394700577084036,10.1010101010101,0.020000000000000004,44.2,0.0,0.01613056577760203
1540,154,0,8634586978397255192,False,True,True,False,False,True,False,True,6.473305688606108,28.282828282828284,0.020000000000000004,45.0,0.0,-0.0008996127695250238
1541,154,1,15393648589722070008,False,True,True,False,False,True,False,True,4.497337507950103,40.4040404040404,0.020000000000000004,45.8,0.0,0.03150576529247628
1542,154,2,11409635699216191349,False,True,True,False,False,True,False,True,6.074081502539949,18.181818181818183,0.020000000000000004,43.4,0.0,0.04012492925829677
1543,154,3,2981377928204742284,False,True,True,False,False,True,False,True,4.742850554044228,47.474747474747474,0.020000000000000004,37.8,0.0,-0.03312901938883566
1544,154,4,5551621045958649189,False,True,True,False,False,True,False,True,4.9127797235731645,43.43434343434343,0.020000000000000004,41.2,0.0,-0.017180980246358977
1545,154,5,5258844273089763066,False,True,True,False,False,True,False,True,6.831531105462496,20.2020202020202,0.020000000000000004,39.8,0.0,0.031016943748926388
1546,154,6,12778477123123789079,False,True,True,False,False,True,False,True,3.8865833927026223,50.505050505050505,0.020000000000000004,41.0,0.0,0.006785585501075293
1547,154,7,18042679323138874070,False,True,True,False,False,True,False,True,4.062003847944237,37.37373737373738,0.020000000000000004,42.0,0.0,-0.026533166752545283
1548,154,8,14104400616235283772,False,True,True,False,False,True,False,True,5.349184838293805,36.36363636363637,0.020000000000000004,44.4,0.0,0.007450011135384091
1549,154,9,10644787965178393179,False,True,True,False,False,True,False,True,3.9555811476367135,48.484848484848484,0.019999999999999997,47.0,0.0,0.007128494370007867
1550,155,0,17817179769719528452,False,True,True,False,False,True,False,False,7.627706059853861,8.080808080808081,0.020000000000000004,43.6,0.0,-0.00021521531224541634
1551,155,1,10651996322796869901,False,True,True,False,False,True,False,False,4.5222560746618505,42.42424242424242,0.020000000000000004,42.8,0.0,0.04139120329587264
1552,155,2,16479535115061761476,False,True,True,False,False,True,False,False,4.3395686164356855,38.38383838383838,0.02,48.0,0.0,-0.004771219971139765
1553,155,3,8820025138257702942,False,True,True,False,False,True,False,False,11.27837520971832,0.0,0.035486324924197975,45.4,0.0,-0.04450926310997858
1554,155,4,7398489246489631345,False,True,True,False,False,True,False,False,4.249896112245161,39.39393939393939,0.020000000000000004,42.2,0.0,0.010491045654847682
1555,155,5,8948321494550286581,False,True,True,False,False,True,False,False,6.543095048023647,26.262626262626263,0.019999999999999997,44.6,0.0,-0.009620569280663481
1556,155,6,7446414534715240161,False,True,True,False,False,True,False,False,7.070059839846367,22.22222222222222,0.020000000000000004,42.2,0.0,-0.03585389033164938
1557,155,7,13142273268661137863,False,True,True,False,False,True,False,False,4.361045390646337,45.45454545454545,0.02,41.4,0.0,-0.009671271735873479
1558,155,8,7455698933410180197,False,True,True,False,False,True,False,False,5.965493408950561,22.22222222222222,0.020000000000000004,43.0,0.0,0.012666608541492356
1559,155,9,12050431093525551445,False,True,True,False,False,True,False,False,4.500072456713578,52.525252525252526,0.02,48.4,0.0,0.00145333704200216
1560,156,0,16273823474568008614,False,True,True,False,False,False,True,True,4.015386662240212,32.323232323232325,0.02,54.4,0.0,-0.0008742517945748058
1561,156,1,14119943710092490234,False,True,True,False,False,False,True,True,3.27898504361269,46.464646464646464,0.02,55.2,0.0,0.0033982404191156414
1562,156,2,7907840946329034165,False,True,True,False,False,False,True,True,3.4985865428981073,57.57575757575758,0.019999999999999997,56.2,0.0,0.005886336396808573
1563,156,3,7363932309164032553,False,True,True,False,False,False,True,True,3.392706978789721,44.44444444444444,0.019999999999999997,53.4,0.0,-0.0250787407525944
1564,156,4,16240343096275464416,False,True,True,False,False,False,True,True,3.4262184152389366,57.57575757575758,0.02,56.0,0.0,-0.00699308694759964
1565,156,5,10027110882785419315,False,True,True,False,False,False,True,True,5.698061603667711,16.161616161616163,0.02,54.8,0.0,0.006091516731725413
1566,156,6,16045702850909519532,False,True,True,False,False,False,True,True,3.395525137547953,53.535353535353536,0.020000000000000004,58.8,0.0,0.011106726180974726
1567,156,7,7657793456560553709,False,True,True,False,False,False,True,True,3.0884251049697706,47.474747474747474,0.02,59.4,0.0,-0.004130083361002097
1568,156,8,5620379039370417065,False,True,True,False,False,False,True,True,6.106923693965878,9.090909090909092,0.020000000000000004,57.8,0.0,-0.038940662964682723
1569,156,9,15725890289313091090,False,True,True,False,False,False,True,True,6.232408238948478,12.121212121212121,0.019999999999999997,57.4,0.0,0.009719376426526583
1570,157,0,3151142715575189855,False,True,True,False,False,False,True,False,4.199294817793625,36.36363636363637,0.020000000000000004,54.4,0.0,0.029075044902201478
1571,157,1,1564389164783379479,False,True,True,False,False,False,True,False,3.1649174352651026,46.464646464646464,0.02,51.2,0.0,-0.00396177656191541
1572,157,2,9648650538960900966,False,True,True,False,False,False,True,False,5.616460331890785,20.2020202020202,0.02,50.4,0.0,-0.0034451934626790535
1573,157,3,7257526893853159137,False,True,True,False,False,False,True,False,4.658498072273535,26.262626262626263,0.02,50.4,0.0,0.015390502160022374
1574,157,4,5595102493912864106,False,True,True,False,False,False,True,False,3.3013564792897507,47.474747474747474,0.020000000000000004,52.2,0.0,-0.04088031745943306
1575,157,5,17269823089743354677,False,True,True,False,False,False,True,False,4.283771530750452,26.262626262626263,0.020000000000000004,55.8,0.0,0.04288336248997938
1576,157,6,2258990932846763538,False,True,True,False,False,False,True,False,5.547207079790219,18.181818181818183,0.019999999999999997,55.4,0.0,0.01750077122473676
1577,157,7,15377108649680651725,False,True,True,False,False,False,True,False,5.14492651089455,26.262626262626263,0.02,57.8,0.0,-0.01038667559958393
1578,157,8,7824789975854258532,False,True,True,False,False,False,True,False,3.2331198521335107,51.515151515151516,0.02,55.0,0.0,-0.0017473027401903503
1579,157,9,5393785276780961059,False,True,True,False,False,False,True,False,8.901231491933139,0.0,0.037620205205245505,52.4,0.0,-0.020973174544275597
1580,158,0,15587701596679963993,False,True,True,False,False,False,False,True,3.3707720460786885,49.494949494949495,0.02,56.4,0.0,-0.004569020784687757
1581,158,1,6929804282870504885,False,True,True,False,False,False,False,True,7.54212762910572,2.0202020202020203,0.03186710269964424,55.8,0.0,-0.009059505366022484
1582,158,2,16061603060777901448,False,True,True,False,False,False,False,True,4.077154455805895,45.45454545454545,0.02,52.2,0.0,-0.013278682633507594
1583,158,3,11297276093477735205,False,True,True,False,False,False,False,True,3.5127415056976576,50.505050505050505,0.019999999999999997,52.4,0.0,0.01822882663589072
1584,158,4,2787089041626341401,False,True,True,False,False,False,False,True,5.187409501583578,16.161616161616163,0.019999999999999997,58.4,0.0,0.008091203608588343
1585,158,5,9100059948055426948,False,True,True,False,False,False,False,True,8.779084342426447,4.040404040404041,0.026457771017220084,53.0,0.0,-0.012478907427646745
1586,158,6,9799588608246075069,False,True,True,False,False,False,False,True,3.3936874483696555,41.41414141414141,0.019999999999999997,50.8,0.0,0.018610860332655847
1587,158,7,15195544113438003448,False,True,True,False,False,False,False,True,3.851460601262595,44.44444444444444,0.020000000000000004,53.2,0.0,0.01918395841726167
1588,158,8,7455888994850266977,False,True,True,False,False,False,False,True,3.6706037513919023,44.44444444444444,0.02,55.4,0.0,0.0013233913681248428
1589,158,9,6218590418590983415,False,True,True,False,False,False,False,True,3.9314537377618577,45.45454545454545,0.019999999999999997,53.4,0.0,0.012014227398941403
1590,159,0,17968421554523546707,False,True,True,False,False,False,False,False,5.393361802398274,18.181818181818183,0.020000000000000004,55.8,0.0,-0.028116994466522605
1591,159,1,7165296299560994221,False,True,True,False,False,False,False,False,3.932688160762069,31.31313131313131,0.020000000000000004,54.0,0.0,-0.020212704649531142
1592,159,2,3617406997985495029,False,True,True,False,False,False,False,False,3.104442857280128,52.525252525252526,0.020000000000000004,56.0,0.0,0.030600683200785836
1593,159,3,12260149020871816963,False,True,True,False,False,False,False,False,3.2857957306322714,37.37373737373738,0.019999999999999997,56.4,0.0,0.015477784980471981
1594,159,4,601594090021479162,False,True,True,False,False,False,False,False,3.7965873390715807,47.474747474747474,0.02,57.8,0.0,-0.00953730997830196
1595,159,5,10314524702525044916,False,True,True,False,False,False,False,False,4.4554319402272045,30.303030303030305,0.020000000000000004,58.8,0.0,0.03303693319037614
1596,159,6,2742162037881191428,False,True,True,False,False,False,False,False,7.9922002182784695,12.121212121212121,0.02,56.6,0.0,0.0021056176895982
1597,159,7,15801449992947663084,False,True,True,False,False,False,False,False,3.393103396899657,55.55555555555556,0.020000000000000004,58.8,0.0,-0.007273906925735585
1598,159,8,13237026245764897581,False,True,True,False,False,False,False,False,5.183711137048167,24.242424242424242,0.019999999999999997,57.4,0.0,-0.02672087878150856
1599,159,9,3139263628380109747,False,True,True,False,False,False,False,False,3.2220892932801153,49.494949494949495,0.019999999999999997,55.6,0.0,-0.00699703136457652
1600,160,0,1189043360918629313,False,True,False,True,True,True,True,True,74.91435999145533,0.0,0.04897305701135889,44.8,1.7857142857142858,0.006273436279623372
1601,160,1,13110721082312863579,False,True,False,True,True,True,True,True,57.37264483116955,1.0101010101010102,0.03221086561169969,46.4,2.586206896551724,-0.03926419784005184
1602,160,2,2032692966129191219,False,True,False,True,True,True,True,True,5.11888821672043,36.36363636363637,0.023189333902113248,44.0,4.090909090909091,-0.008884612644034142
1603,160,3,3172926253148714304,False,True,False,True,True,True,True,True,74.53543652734037,0.0,0.06933989370955188,41.6,1.4423076923076923,-0.01972428110519759
1604,160,4,8437536077860517928,False,True,False,True,True,True,True,True,67.83378696335237,3.0303030303030303,0.0393358679587681,48.0,2.9166666666666665,0.02863035575367242
1605,160,5,12436672665460801592,False,True,False,True,True,True,True,True,67.66914073819447,1.0101010101010102,0.03240154782984067,41.0,2.926829268292683,0.02495188012134687
1606,160,6,7719648901944071560,False,True,False,True,True,True,True,True,82.19168550660264,0.0,0.04457632997486459,44.0,0.9090909090909091,-0.016997634682403777
1607,160,7,3617024395914304190,False,True,False,True,True,True,True,True,71.67816340057699,1.0101010101010102,0.03320601781672232,39.4,1.015228426395939,-0.018048001582479888
1608,160,8,6130660142335327119,False,True,False,True,True,True,True,True,70.07139759262088,0.0,0.05759312767522576,45.2,2.6548672566371683,0.016721168085279434
1609,160,9,15790896476761313924,False,True,False,True,True,True,True,True,63.79677668524786,3.0303030303030303,0.03929256432378505,39.8,4.522613065326633,-0.0029213119446513803
1610,161,0,3138934107179066217,False,True,False,True,True,True,True,False,72.76958581780535,2.0202020202020203,0.0779601466153475,44.8,1.7857142857142858,-0.019074746155988122
1611,161,1,12285773633237842362,False,True,False,True,True,True,True,False,72.61084095377362,0.0,0.053387583197698214,45.2,0.0,0.028537813005948143
1612,161,2,244567609499049269,False,True,False,True,True,True,True,False,41.99968644349072,0.0,0.04439965947226196,45.2,5.3097345132743365,0.006988673482962589
1613,161,3,15224946103081705106,False,True,False,True,True,True,True,False,75.3174019336423,0.0,0.0377888223679181,42.8,0.9345794392523364,-0.012818525556101558
1614,161,4,10108463212156290865,False,True,False,True,True,True,True,False,6.788664496449164,27.272727272727273,0.020000000000000004,37.2,6.989247311827957,0.04016534832810258
1615,161,5,16364494054648496970,False,True,False,True,True,True,True,False,69.93081648607404,0.0,0.050074173005051785,39.8,1.5075376884422111,-0.020625866830076597
1616,161,6,3930886690905076402,False,True,False,True,True,True,True,False,63.68563918941156,1.0101010101010102,0.04182736880632943,42.6,6.572769953051643,0.01407288358948897
1617,161,7,5772407578010170404,False,True,False,True,True,True,True,False,34.52891134897795,0.0,0.04342369939338714,44.2,1.8099547511312217,0.0303413205065616
1618,161,8,12276027128470123872,False,True,False,True,True,True,True,False,77.58212369875616,1.0101010101010102,0.03908452560733146,45.2,0.4424778761061947,0.0372524044384986
1619,161,9,13249568057631156816,False,True,False,True,True,True,True,False,69.70501460082562,0.0,0.019999999999999997,43.8,1.36986301369863,-0.00793570777809778
1620,162,0,11944299177518710465,False,True,False,True,True,True,False,True,49.66361726989916,0.0,0.04806373195261375,46.2,7.792207792207792,-0.025878078730009534
1621,162,1,13527661674907115060,False,True,False,True,True,True,False,True,76.74297736004829,0.0,0.03079932763925879,48.4,0.8264462809917356,-0.005550128898510925
1622,162,2,3250202994963226316,False,True,False,True,True,True,False,True,81.67378470149946,0.0,0.10216342949632853,45.6,0.8771929824561403,-0.04173773730554711
1623,162,3,2556156885249472466,False,True,False,True,True,True,False,True,52.77854772331818,3.0303030303030303,0.03595530886336873,38.8,4.639175257731959,0.005368593361626981
1624,162,4,6335095618051404035,False,True,False,True,True,True,False,True,79.24962518430317,0.0,0.020000000000000004,44.6,0.8968609865470852,-0.0049482431285273985
1625,162,5,15700149560947702325,False,True,False,True,True,True,False,True,38.08922255506388,1.0101010101010102,0.036668682879177204,44.8,6.25,-0.00874400298671613
1626,162,6,11242816669235560733,False,True,False,True,True,True,False,True,74.58314146303019,0.0,0.032748928682936815,40.4,1.9801980198019802,-0.006057762581884392
1627,162,7,3363421262370881915,False,True,False,True,True,True,False,True,84.11999654568693,0.0,0.15931901493655973,44.6,0.0,0.03819403338105006
1628,162,8,12674831645407661051,False,True,False,True,True,True,False,True,30.98545126689205,2.0202020202020203,0.09815270610348817,48.6,2.880658436213992,0.00622817579692107
1629,162,9,16298246039821860286,False,True,False,True,True,True,False,True,73.17436402298331,0.0,0.02380035202588674,46.0,1.3043478260869565,-0.04230550000532932
1630,163,0,10551357774592546309,False,True,False,True,True,True,False,False,45.832293007111396,3.0303030303030303,0.044593651745441436,46.0,5.217391304347826,0.01049052907778625
1631,163,1,2453002500872177088,False,True,False,True,True,True,False,False,25.25762942485639,2.0202020202020203,0.034256460377808384,45.2,3.5398230088495577,-0.02066937090472306
1632,163,2,10411582089402304102,False,True,False,True,True,True,False,False,77.15939425375024,0.0,0.03681276479195235,44.2,0.0,0.03288942388617749
1633,163,3,8169219550317296961,False,True,False,True,True,True,False,False,13.455419208418977,2.0202020202020203,0.02724206627272924,42.2,2.3696682464454977,-0.013669845739711632
1634,163,4,17699649416611967253,False,True,False,True,True,True,False,False,52.99409331283943,0.0,0.04237395378506298,45.2,3.0973451327433628,-0.032627428034229834
1635,163,5,4945071352081921171,False,True,False,True,True,True,False,False,82.90787121734652,0.0,0.056258250666133,47.0,0.0,0.017639317302727234
1636,163,6,4441489805086881493,False,True,False,True,True,True,False,False,77.72962254882397,0.0,0.03608522437067674,41.2,0.0,0.010300322136288054
1637,163,7,1095870865476487252,False,True,False,True,True,True,False,False,67.98189969633812,0.0,0.04451244443783329,39.8,1.5075376884422111,-0.03411738089181857
1638,163,8,4536134736500546084,False,True,False,True,True,True,False,False,85.31412591992493,0.0,0.05925995944783778,42.2,0.9478672985781991,0.013701839964148432
1639,163,9,12503026563818709156,False,True,False,True,True,True,False,False,50.89410763906345,1.0101010101010102,0.05290777034210234,43.0,5.116279069767442,0.007446680679837005
1640,164,0,13612073966923029265,False,True,False,True,True,False,True,True,75.19795301858785,1.0101010101010102,0.026932582076984284,52.2,0.7662835249042146,-0.04272889790375141
1641,164,1,13341645907211098943,False,True,False,True,True,False,True,True,71.5251860244298,0.0,0.052681684610815606,55.4,2.1660649819494586,0.021371794117764544
1642,164,2,6302879911868388934,False,True,False,True,True,False,True,True,84.81936551243533,0.0,0.04674053206414553,54.6,0.0,0.025508735198832747
1643,164,3,8158322205924056627,False,True,False,True,True,False,True,True,47.79051107173832,1.0101010101010102,0.02999008884660937,55.2,1.0869565217391304,0.010832410787593798
1644,164,4,4894581334359638385,False,True,False,True,True,False,True,True,70.23881871358644,1.0101010101010102,0.03180493218979629,56.0,0.35714285714285715,-0.010663154314629577
1645,164,5,15952157865387896559,False,True,False,True,True,False,True,True,26.1542769815569,0.0,0.047625213084194325,57.0,2.807017543859649,-0.00040810329280286474
1646,164,6,9078658907013510443,False,True,False,True,True,False,True,True,69.39237727484905,0.0,0.047711013465299566,57.6,2.4305555555555554,0.015014532218130584
1647,164,7,3342965759926187557,False,True,False,True,True,False,True,True,65.81916300425702,2.0202020202020203,0.044332801437873035,50.6,2.766798418972332,0.01771706801066575
1648,164,8,1061273379775230531,False,True,False,True,True,False,True,True,86.10711437139491,0.0,0.1713385908187374,53.4,0.0,-0.036879373835714484
1649,164,9,7395095239005135251,False,True,False,True,True,False,True,True,25.367379313894926,0.0,0.025564026647412617,54.2,2.2140221402214024,0.005848323295887189
1650,165,0,12350685658708291571,False,True,False,True,True,False,True,False,27.13983882737468,2.0202020202020203,0.03521163928210898,55.2,3.260869565217391,-0.016426340267937534
1651,165,1,684719068820625867,False,True,False,True,True,False,True,False,46.6717479231636,4.040404040404041,0.050196863055719354,52.8,3.0303030303030303,0.027769279876130534
1652,165,2,17050579373762325678,False,True,False,True,True,False,True,False,87.66292403243695,0.0,0.16275303494744373,56.6,1.0600706713780919,0.0015217482902852844
1653,165,3,3317326566550685549,False,True,False,True,True,False,True,False,72.74062803674742,0.0,0.03959344896281844,57.4,2.0905923344947737,0.031230259506425228
1654,165,4,12807912513954745802,False,True,False,True,True,False,True,False,85.39645042315064,0.0,0.12153782554419615,53.6,0.0,-0.020841756526006373
1655,165,5,9005802865188167337,False,True,False,True,True,False,True,False,80.89866607546979,0.0,0.1494035376303704,52.0,0.0,0.0419677624004019
1656,165,6,17722734784753953152,False,True,False,True,True,False,True,False,28.268801731700684,3.0303030303030303,0.025705431884596806,54.2,7.011070110701107,0.017597263709212337
1657,165,7,5813191211994366724,False,True,False,True,True,False,True,False,77.22634813406741,0.0,0.030586882999530614,57.0,0.7017543859649122,0.006982958287855253
1658,165,8,2985083414407630073,False,True,False,True,True,False,True,False,69.84981825621483,2.0202020202020203,0.08073265869098091,54.0,1.4814814814814814,-0.0031685052127196672
1659,165,9,14718023304584345681,False,True,False,True,True,False,True,False,78.7943687186368,0.0,0.04688222805668274,56.8,0.352112676056338,0.0473810714180065
1660,166,0,18075880461768665904,False,True,False,True,True,False,False,True,72.52390163486048,0.0,0.04581223495838109,54.6,0.0,0.0022692220358816414
1661,166,1,17875409008043125154,False,True,False,True,True,False,False,True,85.37925088958414,0.0,0.03735248362152172,57.8,0.3460207612456747,0.03833396384672613
1662,166,2,10760745892548367035,False,True,False,True,True,False,False,True,32.90730959389661,0.0,0.0411167010923492,58.0,3.4482758620689653,0.044480378412654724
1663,166,3,17234300272297627926,False,True,False,True,True,False,False,True,74.15660357759124,0.0,0.04660491478397116,57.6,1.0416666666666667,-0.004762178839756448
1664,166,4,7754592484473538401,False,True,False,True,True,False,False,True,68.25175956211734,0.0,0.060794665327892405,55.8,1.7921146953405018,-0.013091484576012476
1665,166,5,6230200338180893206,False,True,False,True,True,False,False,True,67.44480110292997,2.0202020202020203,0.020000000000000004,57.6,1.0416666666666667,-8.626683994870715e-05
1666,166,6,17914943344596738322,False,True,False,True,True,False,False,True,81.80272530765772,0.0,0.1313546348122759,58.4,0.3424657534246575,0.009659682426666087
1667,166,7,4039254874351888579,False,True,False,True,True,False,False,True,75.42766738930214,1.0101010101010102,0.020000000000000004,54.8,1.094890510948905,-0.009510972518518521
1668,166,8,8572538073441647978,False,True,False,True,True,False,False,True,76.20989229735167,0.0,0.03686228567418888,56.0,0.35714285714285715,-0.0006740723342099156
1669,166,9,12992815448555050688,False,True,False,True,True,False,False,True,86.24124126798888,0.0,0.1863705289217466,54.4,1.1029411764705883,0.012686319005050859
1670,167,0,16355056353267152231,False,True,False,True,True,False,False,False,62.479567322026405,0.0,0.05586958774658636,57.0,2.807017543859649,-0.0010699730449563569
1671,167,1,8986141981942677066,False,True,False,True,True,False,False,False,5.549962988891363,20.2020202020202,0.019999999999999997,53.0,3.018867924528302,-0.026849154037719467
1672,167,2,3211967900998903521,False,True,False,True,True,False,False,False,83.2342265447317,0.0,0.03771815468253457,57.8,0.0,-0.0061836820371363056
1673,167,3,13472701326745293273,False,True,False,True,True,False,False,False,66.25549868848798,0.0,0.04782408613238239,56.0,1.4285714285714286,0.009558963807903968
1674,167,4,9569495988275515296,False,True,False,True,True,False,False,False,22.28242515530911,1.0101010101010102,0.04151868241007502,51.8,6.177606177606178,0.018531465656325043
1675,167,5,9472917552548527167,False,True,False,True,True,False,False,False,56.47690725923839,0.0,0.05872597984104814,51.2,6.640625,-0.0006427277259179329
1676,167,6,14641345445831740654,False,True,False,True,True,False,False,False,41.301627389537536,4.040404040404041,0.029674716755497023,52.2,5.363984674329502,0.005292842310433837
1677,167,7,16411027746435817495,False,True,False,True,True,False,False,False,81.0482120604355,0.0,0.044350246670895516,54.8,0.0,-0.012343323069146973
1678,167,8,12227692663358424305,False,True,False,True,True,False,False,False,69.1564039761518,1.0101010101010102,0.05091697039026176,55.8,1.7921146953405018,-0.0012378581804759414
1679,167,9,15149806437717394354,False,True,False,True,True,False,False,False,77.24127289598556,0.0,0.09870199450686892,53.8,0.37174721189591076,0.004252174117959413
1680,168,0,10493901176232289060,False,True,False,True,False,True,True,True,70.85579853611885,0.0,0.043260194513373616,42.2,0.9478672985781991,0.0032625236944010404
1681,168,1,8549131559722768225,False,True,False,True,False,True,True,True,67.02155250126746,1.0101010101010102,0.026748030297519085,43.4,2.7649769585253456,2.945281085331497e-05
1682,168,2,16980811441070792927,False,True,False,True,False,True,True,True,23.757848781987526,2.0202020202020203,0.03262072178896121,43.6,2.293577981651376,0.007236335176601608
1683,168,3,960792837485648996,False,True,False,True,False,True,True,True,39.71846749325252,2.0202020202020203,0.05727132519732969,44.0,3.6363636363636362,-0.03798010824915651
1684,168,4,807962602358079427,False,True,False,True,False,True,True,True,5.760669603718689,30.303030303030305,0.02,45.6,5.2631578947368425,0.0033204792146012477
1685,168,5,2937650099221707921,False,True,False,True,False,True,True,True,41.89167831880439,3.0303030303030303,0.03949156627494137,46.0,3.4782608695652173,0.0014693806228582278
1686,168,6,9290056932186306286,False,True,False,True,False,True,True,True,80.5388277886416,0.0,0.06650487664543225,44.6,0.4484304932735426,-0.0532850064834015
1687,168,7,7762241694149776437,False,True,False,True,False,True,True,True,53.150033038694346,1.0101010101010102,0.034727157794792685,39.6,4.545454545454546,0.007103855090698838
1688,168,8,137118581132347357,False,True,False,True,False,True,True,True,18.011006428793202,10.1010101010101,0.02454560027197217,40.2,6.965174129353234,-0.025974966043458322
1689,168,9,14235962460515960265,False,True,False,True,False,True,True,True,59.85712319927929,0.0,0.055895895721048014,42.2,4.265402843601896,0.0070107746008366435
1690,169,0,8806964355759147473,False,True,False,True,False,True,True,False,74.071710942956,0.0,0.036443801292070886,40.8,0.9803921568627451,-0.022714149855233345
1691,169,1,2301517884958805609,False,True,False,True,False,True,True,False,67.41084135951462,1.0101010101010102,0.0475412656906928,44.0,0.0,-0.027264834762089678
1692,169,2,9999440399182543528,False,True,False,True,False,True,True,False,5.129206805624931,35.35353535353536,0.020000000000000004,43.4,4.608294930875576,0.02912897942055656
1693,169,3,16303019066885662311,False,True,False,True,False,True,True,False,76.53807405257518,1.0101010101010102,0.038738157129006086,44.2,0.9049773755656109,0.017527727721513793
1694,169,4,6419671620878148995,False,True,False,True,False,True,True,False,55.7268042736369,0.0,0.05305827922211202,41.6,5.288461538461538,-0.048363200218952886
1695,169,5,15727154623403666832,False,True,False,True,False,True,True,False,72.50507585174518,0.0,0.03633639402328638,40.2,1.9900497512437811,0.002529075452564161
1696,169,6,2108851444721844545,False,True,False,True,False,True,True,False,73.83319079520561,0.0,0.03275947267265325,43.4,0.9216589861751152,0.010096556564421917
1697,169,7,9382673542882099644,False,True,False,True,False,True,True,False,40.03368169473454,0.0,0.03755526983456114,46.0,5.6521739130434785,0.0006308218108370856
1698,169,8,10082484986618503020,False,True,False,True,False,True,True,False,75.87801003645731,0.0,0.05244484760496194,48.6,1.646090534979424,0.013601898271379163
1699,169,9,3924803492205518193,False,True,False,True,False,True,True,False,39.919770161332224,3.0303030303030303,0.033635590605604254,43.2,3.240740740740741,-0.0056642989853275
1700,170,0,265251263839379639,False,True,False,True,False,True,False,True,62.597739909763206,0.0,0.05687438074913802,40.6,2.4630541871921183,-0.00891699304219637
1701,170,1,344447046729431168,False,True,False,True,False,True,False,True,68.37587102832096,0.0,0.046367720561959175,43.4,2.7649769585253456,-0.03156418721184186
1702,170,2,5062312975775822057,False,True,False,True,False,True,False,True,56.401511227497366,6.0606060606060606,0.03178308639531959,44.4,4.954954954954955,-0.06443874503400765
1703,170,3,9596490096155725530,False,True,False,True,False,True,False,True,47.50804862368793,0.0,0.04491081528841938,46.6,4.721030042918455,-0.01982246429953207
1704,170,4,13675895818481419755,False,True,False,True,False,True,False,True,7.177612867843703,20.2020202020202,0.019999999999999997,39.2,3.5714285714285716,-0.004599325112005065
1705,170,5,15635622360279260328,False,True,False,True,False,True,False,True,52.043615978349365,0.0,0.04411655079507426,42.8,5.140186915887851,-0.011187127111122191
1706,170,6,120856614457555703,False,True,False,True,False,True,False,True,26.48568990897716,2.0202020202020203,0.03982591942180321,41.0,6.829268292682927,0.02124457842331
1707,170,7,12213418327450132783,False,True,False,True,False,True,False,True,32.67348490738173,1.0101010101010102,0.037700722897880665,43.8,5.0228310502283104,-0.04071324529149548
1708,170,8,6644723459235689513,False,True,False,True,False,True,False,True,65.27221498142968,3.0303030303030303,0.04851687611153177,45.0,1.7777777777777777,-0.009010438485351333
1709,170,9,4122312835366569308,False,True,False,True,False,True,False,True,77.97592452991134,0.0,0.03790917180114676,38.4,0.5208333333333334,0.0024851710400920946
1710,171,0,2053584844557882610,False,True,False,True,False,True,False,False,21.245088327912402,1.0101010101010102,0.02,40.0,5.5,0.02481046529868107
1711,171,1,10399179413095364605,False,True,False,True,False,True,False,False,18.008910279876865,2.0202020202020203,0.03415550426716593,39.8,4.0201005025125625,-0.007832134908809098
1712,171,2,10860058320738011644,False,True,False,True,False,True,False,False,5.153128051035342,29.292929292929294,0.020000000000000004,41.8,3.349282296650718,0.022292862024445692
1713,171,3,5910084842619488852,False,True,False,True,False,True,False,False,78.13793199648988,0.0,0.1666311157515451,45.4,0.8810572687224669,0.026184115991401996
1714,171,4,522305847079288761,False,True,False,True,False,True,False,False,50.10936568054992,0.0,0.0631075719726504,43.6,4.587155963302752,-0.015532944109835335
1715,171,5,4192300221798523166,False,True,False,True,False,True,False,False,76.25171741297953,0.0,0.046798643666366165,45.0,0.4444444444444444,0.00830705792877671
1716,171,6,1889080462721408885,False,True,False,True,False,True,False,False,84.21296172498849,0.0,0.07268041201025634,41.2,0.4854368932038835,0.0018734730471647782
1717,171,7,5167620990844685642,False,True,False,True,False,True,False,False,75.25062866262292,0.0,0.05243860280997195,45.2,2.2123893805309733,-0.03468924421391341
1718,171,8,18029485213593882885,False,True,False,True,False,True,False,False,78.96535061878663,0.0,0.05878919862084561,40.8,0.9803921568627451,-0.023995589634038063
1719,171,9,10476437013697266754,False,True,False,True,False,True,False,False,32.50556222610598,6.0606060606060606,0.032433481622622856,42.8,6.542056074766355,0.005364203839832497
1720,172,0,18358242431671099448,False,True,False,True,False,False,True,True,79.76814768462859,0.0,0.0538095409643655,57.8,1.0380622837370241,-0.03431865893440139
1721,172,1,6493503412136640169,False,True,False,True,False,False,True,True,13.777043716197788,8.080808080808081,0.020000000000000004,58.2,2.0618556701030926,-0.015339825064670638
1722,172,2,77942751618934737,False,True,False,True,False,False,True,True,33.28246062204805,3.0303030303030303,0.03299866568102516,55.0,3.6363636363636362,-0.014381653456992417
1723,172,3,16047437758028146030,False,True,False,True,False,False,True,True,36.34090766739248,0.0,0.03842479467811813,55.6,3.597122302158273,0.010765524874477817
1724,172,4,5363259607112278247,False,True,False,True,False,False,True,True,66.30156504019985,0.0,0.049528103848772514,56.4,1.0638297872340425,-0.021381317605668037
1725,172,5,16885833010075719705,False,True,False,True,False,False,True,True,22.946312624189932,0.0,0.048126471689748165,55.0,1.8181818181818181,-0.009679577512014901
1726,172,6,4800651183267950058,False,True,False,True,False,False,True,True,65.76456622435647,0.0,0.04316504452640721,54.2,2.5830258302583027,-0.0022764676662272213
1727,172,7,4701857753894301016,False,True,False,True,False,False,True,True,24.78575677619686,4.040404040404041,0.039233279078385676,52.8,3.0303030303030303,0.027468030572385276
1728,172,8,14279404759810802278,False,True,False,True,False,False,True,True,83.09618460559109,0.0,0.01999999999999999,53.8,1.486988847583643,0.014478278040855554
1729,172,9,14787360622860730125,False,True,False,True,False,False,True,True,73.06004898250647,0.0,0.052443691754195866,57.0,0.7017543859649122,-0.0007469632692877819
1730,173,0,6753140152715788703,False,True,False,True,False,False,True,False,41.260924331802904,0.0,0.0385093855083818,56.8,8.80281690140845,-0.029261153245510804
1731,173,1,2977335619268831850,False,True,False,True,False,False,True,False,68.2488953325289,0.0,0.04576272266923211,51.4,2.7237354085603114,-0.02083026437006604
1732,173,2,9299905817416537570,False,True,False,True,False,False,True,False,8.19998391249403,4.040404040404041,0.030788937558088734,53.6,1.8656716417910448,0.009434815784241352
1733,173,3,2338104501311804539,False,True,False,True,False,False,True,False,11.56705698824634,1.0101010101010102,0.04399307542003725,56.4,2.8368794326241136,-0.0042365292420667765
1734,173,4,5417688361976063814,False,True,False,True,False,False,True,False,78.87183988779132,0.0,0.08899877825206719,57.4,0.6968641114982579,-0.026609949302054153
1735,173,5,5127180921098008411,False,True,False,True,False,False,True,False,82.72702006803105,0.0,0.03493685394531944,52.0,0.7692307692307693,0.008253632063760194
1736,173,6,5777882034507266726,False,True,False,True,False,False,True,False,55.598862027106776,0.0,0.04207952946896069,53.0,4.90566037735849,-0.019518165082589835
1737,173,7,9227899135991592034,False,True,False,True,False,False,True,False,78.2854067673114,0.0,0.07184211132676416,52.0,0.7692307692307693,-0.022769541915441574
1738,173,8,14248224195489578837,False,True,False,True,False,False,True,False,82.59734732411505,0.0,0.056036683607095766,51.8,0.0,0.02165752003183072
1739,173,9,6696806439591710845,False,True,False,True,False,False,True,False,63.2061770655483,0.0,0.05690631700645544,51.4,1.556420233463035,-0.014058802377652686
1740,174,0,9842032748379670299,False,True,False,True,False,False,False,True,77.33529065452295,0.0,0.047289706430013914,55.4,0.7220216606498195,0.002574393822438581
1741,174,1,5620534106697359940,False,True,False,True,False,False,False,True,49.45089405810623,2.0202020202020203,0.0407828668009633,54.6,5.128205128205129,0.03062135398664474
1742,174,2,12710216933169926700,False,True,False,True,False,False,False,True,36.92119920650404,5.05050505050505,0.03878476604751481,55.2,6.521739130434782,0.023974213225897642
1743,174,3,4872277090044030260,False,True,False,True,False,False,False,True,59.48621019593758,2.0202020202020203,0.037618889819993895,57.6,5.208333333333333,0.01568652125632279
1744,174,4,15730325251958040981,False,True,False,True,False,False,False,True,79.71248598274862,0.0,0.03403909636206719,57.2,0.0,0.005980383292877745
1745,174,5,13556521234887879372,False,True,False,True,False,False,False,True,28.52653977487442,0.0,0.04282325752748221,58.6,4.436860068259386,0.009613844970683018
1746,174,6,8217483565752536645,False,True,False,True,False,False,False,True,36.98485653231633,0.0,0.035503892523218,54.8,8.02919708029197,-0.006530613998521233
1747,174,7,269678847818068639,False,True,False,True,False,False,False,True,7.090213153248346,18.181818181818183,0.019999999999999997,54.6,2.5641025641025643,-0.010997546440818214
1748,174,8,7614262887791039267,False,True,False,True,False,False,False,True,66.46271322495683,0.0,0.048966487118254354,60.6,1.9801980198019802,-0.0008688496633700866
1749,174,9,17637076977116990742,False,True,False,True,False,False,False,True,16.410310883027563,3.0303030303030303,0.03340669785238738,52.6,2.2813688212927756,-0.0347789867145076
1750,175,0,15411901544018960073,False,True,False,True,False,False,False,False,68.99012601972781,1.0101010101010102,0.04493378841179659,53.2,1.8796992481203008,0.011505251655137279
1751,175,1,12262573265722137595,False,True,False,True,False,False,False,False,26.59842235544014,2.0202020202020203,0.03305753275691678,55.2,3.260869565217391,0.028876972515012714
1752,175,2,8160570497735209511,False,True,False,True,False,False,False,False,23.913287875686414,3.0303030303030303,0.022503436236019768,59.0,3.389830508474576,-0.0019216525701613511
1753,175,3,9511844121833110982,False,True,False,True,False,False,False,False,54.59846903928526,0.0,0.05610501514413012,54.2,4.428044280442805,-0.007757714617693969
1754,175,4,17426664168820119475,False,True,False,True,False,False,False,False,30.77897097359328,0.0,0.044852829988866375,55.6,3.597122302158273,0.017352542826837045
1755,175,5,10798128622747305776,False,True,False,True,False,False,False,False,85.01485646552315,0.0,0.0707723893747554,56.2,0.7117437722419929,-0.01512718075888586
1756,175,6,15718268967488601889,False,True,False,True,False,False,False,False,77.41279531178226,0.0,0.074559921997,59.2,1.0135135135135136,0.009573630442350243
1757,175,7,12238473146443990270,False,True,False,True,False,False,False,False,52.198031262742596,4.040404040404041,0.03875753064125065,56.8,3.1690140845070425,-0.007170407729929073
1758,175,8,799337291779690534,False,True,False,True,False,False,False,False,80.93427725426018,0.0,0.04244803327462385,56.2,0.0,-0.016107426729330555
1759,175,9,8878727165467741419,False,True,False,True,False,False,False,False,40.283776788709076,9.090909090909092,0.02777535365866611,55.6,4.676258992805756,-0.03004190550267458
1760,176,0,7491630593984635581,False,True,False,False,True,True,True,True,4.740995653186221,50.505050505050505,0.019999999999999997,41.2,25.24271844660194,0.009423783618858992
1761,176,1,4126653417945354039,False,True,False,False,True,True,True,True,6.078641817463255,37.37373737373738,0.020000000000000004,46.6,21.888412017167383,-0.027574555003353575
1762,176,2,4625353545269832134,False,True,False,False,True,True,True,True,5.049677264989544,37.37373737373738,0.02,46.2,24.675324675324674,0.017010753321112283
1763,176,3,14081215614444523782,False,True,False,False,True,True,True,True,4.66407659895716,46.464646464646464,0.02,42.4,21.69811320754717,-0.007838163947878238
1764,176,4,7742925749899074686,False,True,False,False,True,True,True,True,5.3813715287434745,48.484848484848484,0.019999999999999997,42.6,21.5962441314554,-0.012628823065385425
1765,176,5,1618874499079230253,False,True,False,False,True,True,True,True,6.22372441067217,37.37373737373738,0.019999999999999997,44.2,25.79185520361991,0.05037836520959432
1766,176,6,13955809742334698730,False,True,False,False,True,True,True,True,5.1575743424505625,44.44444444444444,0.020000000000000004,41.0,22.926829268292682,-0.015097105625416576
1767,176,7,11257598658373985027,False,True,False,False,True,True,True,True,6.012344168529333,31.31313131313131,0.020000000000000004,42.0,18.571428571428573,0.01335095088657424
1768,176,8,15151774230158447421,False,True,False,False,True,True,True,True,5.283340418011441,46.464646464646464,0.020000000000000004,45.0,24.0,-0.030408240939274054
1769,176,9,5387286472211563832,False,True,False,False,True,True,True,True,4.473886465738895,46.464646464646464,0.019999999999999997,41.6,22.115384615384617,-0.012098540962284774
1770,177,0,1536932397094265887,False,True,False,False,True,True,True,False,7.931525075308728,12.121212121212121,0.0200023705486314,41.2,25.24271844660194,-0.029457781545967114
1771,177,1,8257905081880818064,False,True,False,False,True,True,True,False,5.001878398881335,45.45454545454545,0.02,42.6,30.516431924882628,-0.008328117289512528
1772,177,2,1846698633341136286,False,True,False,False,True,True,True,False,5.1848729729552225,56.56565656565657,0.02,40.6,21.182266009852217,0.013869306569799143
1773,177,3,3134679572652344285,False,True,False,False,True,True,True,False,4.401766426900658,51.515151515151516,0.020000000000000004,46.0,22.608695652173914,0.011591847377275612
1774,177,4,12594762832362347002,False,True,False,False,True,True,True,False,7.243850351816476,22.22222222222222,0.019999999999999997,44.4,25.675675675675677,-0.04659092893234359
1775,177,5,16410290356487226237,False,True,False,False,True,True,True,False,5.990916469197075,34.343434343434346,0.020000000000000004,42.8,21.02803738317757,-0.0049455685810536176
1776,177,6,6684563339181042509,False,True,False,False,True,True,True,False,5.315067407263962,54.54545454545455,0.020000000000000004,49.0,19.183673469387756,-0.017805862711717517
1777,177,7,1226738360378702691,False,True,False,False,True,True,True,False,4.554417177696538,53.535353535353536,0.020000000000000004,40.4,20.297029702970296,-0.011901278376368627
1778,177,8,117790783056378356,False,True,False,False,True,True,True,False,5.965821290499988,37.37373737373738,0.020000000000000004,43.4,27.1889400921659,0.01505281060065395
1779,177,9,4536510786994029886,False,True,False,False,True,True,True,False,4.611309373528482,49.494949494949495,0.019999999999999997,45.0,23.11111111111111,-0.019175761924411693
1780,178,0,12197638309345520334,False,True,False,False,True,True,False,True,5.4741773149462745,40.4040404040404,0.019999999999999997,46.2,25.10822510822511,0.0194043673046612
1781,178,1,17981609185546549009,False,True,False,False,True,True,False,True,4.357948982593019,48.484848484848484,0.020000000000000004,41.8,18.660287081339714,-0.0015965489427983931
1782,178,2,7900787810122621957,False,True,False,False,True,True,False,True,5.234810277861441,44.44444444444444,0.020000000000000004,43.2,20.833333333333332,0.04036980639886206
1783,178,3,11077146077386310411,False,True,False,False,True,True,False,True,5.286138860954364,55.55555555555556,0.020000000000000004,45.4,20.704845814977972,0.013141076299992985
1784,178,4,8024759892512036546,False,True,False,False,True,True,False,True,5.087979830532274,35.35353535353536,0.019999999999999997,42.4,25.471698113207548,-0.029929236476227906
1785,178,5,17530620916015012473,False,True,False,False,True,True,False,True,5.877543193526272,46.464646464646464,0.020000000000000004,47.0,21.70212765957447,0.018126887840451467
1786,178,6,12095010789075343031,False,True,False,False,True,True,False,True,4.620412023634421,46.464646464646464,0.020000000000000004,43.8,26.940639269406393,0.015390648968715346
1787,178,7,10874778183632496746,False,True,False,False,True,True,False,True,5.373483285950104,39.39393939393939,0.019999999999999997,40.2,26.3681592039801,0.015103113344186308
1788,178,8,1603854471237445034,False,True,False,False,True,True,False,True,4.336704602153011,48.484848484848484,0.02,43.2,26.38888888888889,-0.009016052463412916
1789,178,9,10550214130664218484,False,True,False,False,True,True,False,True,5.35802977696887,52.525252525252526,0.02,43.0,26.046511627906977,0.0049369204631862385
1790,179,0,11658243364456981951,False,True,False,False,True,True,False,False,4.605570925905526,50.505050505050505,0.02,44.4,22.07207207207207,0.00117473089326807
1791,179,1,15982082647910786792,False,True,False,False,True,True,False,False,3.9838893907596913,49.494949494949495,0.020000000000000004,44.2,23.076923076923077,0.01269679051587948
1792,179,2,18160807162911224200,False,True,False,False,True,True,False,False,4.65865789759489,41.41414141414141,0.020000000000000004,44.4,25.225225225225227,-0.005825217942987353
1793,179,3,18443760729589990620,False,True,False,False,True,True,False,False,4.411793398324452,44.44444444444444,0.020000000000000004,43.8,26.940639269406393,-0.006228313162935134
1794,179,4,11305516615166724611,False,True,False,False,True,True,False,False,5.023627122578899,53.535353535353536,0.020000000000000004,43.4,22.580645161290324,-0.01461042850633255
1795,179,5,16571539127094595231,False,True,False,False,True,True,False,False,4.800914940714923,56.56565656565657,0.020000000000000004,47.2,23.728813559322035,-0.02595742084526586
1796,179,6,12074791015532824287,False,True,False,False,True,True,False,False,6.120999696220768,30.303030303030305,0.020000000000000004,42.6,26.291079812206572,0.020610105741139095
1797,179,7,16704449708044101684,False,True,False,False,True,True,False,False,4.858439632733617,50.505050505050505,0.02,44.6,22.42152466367713,0.0029263893767551732
1798,179,8,7744154423951428852,False,True,False,False,True,True,False,False,5.5429772750489334,36.36363636363637,0.020000000000000004,42.2,20.379146919431278,-0.05306877247506349
1799,179,9,4598829609151925014,False,True,False,False,True,True,False,False,5.19772615797992,34.343434343434346,0.020000000000000004,43.2,23.14814814814815,-0.021462221317533902
1800,180,0,1807745614182812275,False,True,False,False,True,False,True,True,4.460367987206351,46.464646464646464,0.019999999999999997,55.2,24.27536231884058,0.05094781023776993
1801,180,1,8357360336918277087,False,True,False,False,True,False,True,True,4.353459983052076,47.474747474747474,0.019999999999999997,55.8,22.939068100358423,-0.00629094489448204
1802,180,2,15088910534656493606,False,True,False,False,True,False,True,True,4.5727282447057735,44.44444444444444,0.019999999999999997,57.6,22.569444444444443,-0.028340102699789246
1803,180,3,12776629231071229482,False,True,False,False,True,False,True,True,4.037639771440934,42.42424242424242,0.019999999999999997,53.4,21.348314606741575,0.015377602712599032
1804,180,4,8738100024106924604,False,True,False,False,True,False,True,True,3.939941452325726,52.525252525252526,0.019999999999999997,54.8,25.182481751824817,-0.01501923150919128
1805,180,5,15547414148759901767,False,True,False,False,True,False,True,True,4.4924621150569655,49.494949494949495,0.020000000000000004,53.4,24.344569288389515,0.014851708461358864
1806,180,6,11382181116370119701,False,True,False,False,True,False,True,True,4.31559423535359,40.4040404040404,0.020000000000000004,54.4,25.0,0.016910129599846547
1807,180,7,2399170799245027877,False,True,False,False,True,False,True,True,4.064265129129662,43.43434343434343,0.02,57.0,20.70175438596491,0.008791957476530074
1808,180,8,17515247068526499274,False,True,False,False,True,False,True,True,3.93214468677186,44.44444444444444,0.02,55.0,21.818181818181817,0.002000977976648497
1809,180,9,1152935129453205218,False,True,False,False,True,False,True,True,4.438790773513776,44.44444444444444,0.020000000000000004,52.4,20.99236641221374,-0.027421870306641515
1810,181,0,4295085006188889607,False,True,False,False,True,False,True,False,4.183590619800865,51.515151515151516,0.019999999999999997,55.8,26.523297491039425,0.011691279028106141
1811,181,1,13632860223376743318,False,True,False,False,True,False,True,False,4.177770380799547,53.535353535353536,0.019999999999999997,57.2,29.02097902097902,0.025598304577744153
1812,181,2,14369443644501676270,False,True,False,False,True,False,True,False,3.8501527634503905,45.45454545454545,0.02,52.6,23.193916349809886,-0.016229251056937948
1813,181,3,13592039588082140478,False,True,False,False,True,False,True,False,5.721034867825274,28.282828282828284,0.020000000000000004,55.8,21.863799283154123,-0.00981050716848259
1814,181,4,7201740738099958574,False,True,False,False,True,False,True,False,3.522666119009055,49.494949494949495,0.02,56.0,22.857142857142858,-0.0069793618384497175
1815,181,5,7063882544029792079,False,True,False,False,True,False,True,False,4.005234966366088,40.4040404040404,0.02,57.6,22.916666666666668,0.007877624447982708
1816,181,6,8145331386833587392,False,True,False,False,True,False,True,False,5.622370990970673,32.323232323232325,0.020270489634922315,52.4,25.572519083969464,0.005638086284140151
1817,181,7,3140871730459221142,False,True,False,False,True,False,True,False,4.851216415360352,54.54545454545455,0.02,53.8,17.843866171003718,-0.009940799004043783
1818,181,8,15764959285338379716,False,True,False,False,True,False,True,False,4.071878417180281,42.42424242424242,0.020000000000000004,57.8,27.68166089965398,-0.04413148021616266
1819,181,9,12383543744488145585,False,True,False,False,True,False,True,False,4.128402586102026,46.464646464646464,0.019999999999999997,56.6,24.73498233215548,-0.024971486421793695
1820,182,0,10151196378145646882,False,True,False,False,True,False,False,True,6.998922617924132,28.282828282828284,0.020000000000000004,52.0,27.307692307692307,0.028342736151515995
1821,182,1,9814749813865493141,False,True,False,False,True,False,False,True,4.817075168540598,61.61616161616162,0.020000000000000004,53.0,24.150943396226417,0.014619253544276109
1822,182,2,16483254821470188509,False,True,False,False,True,False,False,True,4.2348597008853455,47.474747474747474,0.020000000000000004,54.0,18.51851851851852,0.032006465936308494
1823,182,3,21099516459456731,False,True,False,False,True,False,False,True,4.674329928380394,44.44444444444444,0.020000000000000004,59.2,27.027027027027028,-0.009397983368199237
1824,182,4,9373451784647965155,False,True,False,False,True,False,False,True,4.265162618263124,55.55555555555556,0.020000000000000004,52.2,22.60536398467433,-0.020990803317552924
1825,182,5,16748626238389808871,False,True,False,False,True,False,False,True,5.733572358635272,22.22222222222222,0.020000000000000004,55.0,26.545454545454547,0.01933558831547748
1826,182,6,16119864958138764539,False,True,False,False,True,False,False,True,4.704314744031233,50.505050505050505,0.02,57.4,27.526132404181183,0.005312615923575457
1827,182,7,9461155905191872212,False,True,False,False,True,False,False,True,6.283254800012809,24.242424242424242,0.020000000000000004,58.4,23.28767123287671,0.024939088042889298
1828,182,8,1427828683911496294,False,True,False,False,True,False,False,True,4.188424182860232,56.56565656565657,0.020000000000000004,55.8,20.43010752688172,0.008498173050092043
1829,182,9,15407917680332352875,False,True,False,False,True,False,False,True,4.109189961742671,54.54545454545455,0.020000000000000004,56.8,24.295774647887324,0.009450009379609058
1830,183,0,14082266490076948570,False,True,False,False,True,False,False,False,5.7654277079896294,30.303030303030305,0.020000000000000004,55.2,23.55072463768116,0.046452733218542125
1831,183,1,12922351736214198789,False,True,False,False,True,False,False,False,3.9068249400256208,38.38383838383838,0.02,56.8,27.464788732394368,-0.006520613296928074
1832,183,2,16858275084101449779,False,True,False,False,True,False,False,False,4.456208152251026,44.44444444444444,0.02,56.0,21.428571428571427,-0.017896666097120865
1833,183,3,4752790788610170173,False,True,False,False,True,False,False,False,5.414079786668054,28.282828282828284,0.020000000000000004,54.2,22.878228782287824,-0.00363002089564615
1834,183,4,6949593546672186228,False,True,False,False,True,False,False,False,4.171473894047336,35.35353535353536,0.020000000000000004,54.6,23.076923076923077,0.020987451235788393
1835,183,5,14303810158232792513,False,True,False,False,True,False,False,False,6.552497043565256,20.2020202020202,0.02,54.2,25.092250922509226,-0.006600076046094279
1836,183,6,10994790181564475303,False,True,False,False,True,False,False,False,5.714970870933414,27.272727272727273,0.020000000000000004,58.4,21.232876712328768,-0.01800114669579503
1837,183,7,182796193059035560,False,True,False,False,True,False,False,False,4.642626078161367,43.43434343434343,0.019999999999999997,53.8,23.42007434944238,0.022630493440964045
1838,183,8,12334787748830663230,False,True,False,False,True,False,False,False,3.6705857910718795,49.494949494949495,0.02,54.6,24.90842490842491,0.003363165618174941
1839,183,9,955407050642652328,False,True,False,False,True,False,False,False,6.061551498735855,31.31313131313131,0.020000000000000004,59.4,26.262626262626263,0.04308091062186751
1840,184,0,11048053344036423192,False,True,False,False,False,True,True,True,5.029393062666674,54.54545454545455,0.020000000000000004,44.2,28.959276018099548,0.005802231454964273
1841,184,1,3963534520304244262,False,True,False,False,False,True,True,True,6.694862675562146,39.39393939393939,0.020000000000000004,44.2,29.86425339366516,-0.01885296961898878
1842,184,2,7322295954493200171,False,True,False,False,False,True,True,True,5.436909843030245,55.55555555555556,0.019999999999999997,46.0,19.130434782608695,-0.019470517707680848
1843,184,3,3952045027973807253,False,True,False,False,False,True,True,True,5.142236401016276,47.474747474747474,0.02,47.2,26.694915254237287,0.005438094898176662
1844,184,4,4999536293922916956,False,True,False,False,False,True,True,True,4.419793414594353,50.505050505050505,0.020000000000000004,42.8,22.897196261682243,-0.027291700443922942
1845,184,5,2309694825843817509,False,True,False,False,False,True,True,True,5.66399971018724,49.494949494949495,0.020000000000000004,42.8,23.364485981308412,0.027190922586781185
1846,184,6,4009354844119908567,False,True,False,False,False,True,True,True,5.0758475578300395,56.56565656565657,0.020000000000000004,46.8,26.495726495726494,-0.03590834526395516
1847,184,7,3785770863114082823,False,True,False,False,False,True,True,True,4.692806061397477,39.39393939393939,0.02,43.6,22.01834862385321,0.010164180867269435
1848,184,8,13523625968086612624,False,True,False,False,False,True,True,True,6.388415269010198,32.323232323232325,0.020000000000000004,45.4,18.502202643171806,-0.012350231219319599
1849,184,9,6701744781749429743,False,True,False,False,False,True,True,True,5.349926736971722,49.494949494949495,0.02,42.2,15.639810426540285,-0.004158723400077356
1850,185,0,14275223370951522675,False,True,False,False,False,True,True,False,4.796836305528204,48.484848484848484,0.020000000000000004,44.8,27.678571428571427,0.013783920170778027
1851,185,1,8357565652880591845,False,True,False,False,False,True,True,False,4.395946058184273,44.44444444444444,0.02,41.2,20.87378640776699,0.006800330371955223
1852,185,2,9491340406847962575,False,True,False,False,False,True,True,False,4.723689445817013,41.41414141414141,0.02,42.4,22.641509433962263,0.0024584266456931115
1853,185,3,8348962126365828709,False,True,False,False,False,True,True,False,4.235151928591585,45.45454545454545,0.02,41.8,22.48803827751196,0.004239265738994176
1854,185,4,2321903244050732574,False,True,False,False,False,True,True,False,4.858594549476698,55.55555555555556,0.02,36.2,22.65193370165746,0.001135752438462291
1855,185,5,387519062310081533,False,True,False,False,False,True,True,False,4.278216636615382,61.61616161616162,0.020000000000000004,42.8,20.093457943925234,0.011632870221021321
1856,185,6,9984368151040862630,False,True,False,False,False,True,True,False,5.308055074454342,40.4040404040404,0.019999999999999997,39.4,19.79695431472081,0.015660279411086636
1857,185,7,17880473327118379583,False,True,False,False,False,True,True,False,4.989284551841511,46.464646464646464,0.02,42.6,20.657276995305164,-0.0022461232811026477
1858,185,8,16737913795550849618,False,True,False,False,False,True,True,False,5.266231142458996,41.41414141414141,0.020000000000000004,45.4,20.26431718061674,-0.016451754011222255
1859,185,9,17901756301771603932,False,True,False,False,False,True,True,False,4.930486264436992,47.474747474747474,0.020000000000000004,42.6,22.065727699530516,-0.017013882134896796
1860,186,0,16270745657776936254,False,True,False,False,False,True,False,True,4.912992097503789,42.42424242424242,0.02,45.2,25.221238938053098,-0.0028496409684142412
1861,186,1,315188853566710631,False,True,False,False,False,True,False,True,4.606965140682537,51.515151515151516,0.02,42.0,29.047619047619047,-0.0042570857904483455
1862,186,2,11766230741988569949,False,True,False,False,False,True,False,True,7.097583808226518,26.262626262626263,0.019999999999999997,38.8,23.195876288659793,0.023835423650100225
1863,186,3,3648976404296458117,False,True,False,False,False,True,False,True,5.971442590825402,41.41414141414141,0.020000000000000004,41.8,22.48803827751196,-0.04007826597480927
1864,186,4,9392624780581075172,False,True,False,False,False,True,False,True,4.680260355852123,57.57575757575758,0.020000000000000004,45.8,26.200873362445414,0.02959868263301964
1865,186,5,4477536841016786953,False,True,False,False,False,True,False,True,5.094407527112814,44.44444444444444,0.020739401937038836,43.2,23.61111111111111,-0.0017259877791298067
1866,186,6,17355698786432912867,False,True,False,False,False,True,False,True,5.040252419368976,42.42424242424242,0.020559087868709525,43.4,21.658986175115206,0.006000930349405286
1867,186,7,13275240187554312350,False,True,False,False,False,True,False,True,5.653688526522692,43.43434343434343,0.02010181737831409,43.0,23.25581395348837,-0.028707065237936747
1868,186,8,18297033503764480818,False,True,False,False,False,True,False,True,5.748036659001043,30.303030303030305,0.019999999999999997,45.4,29.07488986784141,-0.014936758446407336
1869,186,9,10012891992216766219,False,True,False,False,False,True,False,True,4.887047009277128,63.63636363636363,0.019999999999999997,42.4,26.41509433962264,0.01037784204249939
1870,187,0,7698721647513972829,False,True,False,False,False,True,False,False,4.8919069703321485,42.42424242424242,0.02,43.4,23.963133640552996,-0.0005699918853850432
1871,187,1,15551795676817151762,False,True,False,False,False,True,False,False,4.3866006946853915,34.343434343434346,0.02,43.4,22.580645161290324,0.007136073334003823
1872,187,2,7221612293365071789,False,True,False,False,False,True,False,False,5.011542964075828,45.45454545454545,0.02,41.4,28.985507246376812,-0.006712590981597361
1873,187,3,17167657640847262538,False,True,False,False,False,True,False,False,7.5794547324753125,28.282828282828284,0.020000000000000004,44.2,26.244343891402714,0.03006444183799575
1874,187,4,9609249812771643135,False,True,False,False,False,True,False,False,5.000741431789868,55.55555555555556,0.020000000000000004,41.0,24.878048780487806,-0.007255861337395392
1875,187,5,3381618487341664197,False,True,False,False,False,True,False,False,5.99112577532057,45.45454545454545,0.02,44.8,24.553571428571427,-0.00016618845451787934
1876,187,6,7341002265542710441,False,True,False,False,False,True,False,False,4.792864476338424,55.55555555555556,0.020000000000000004,44.8,27.232142857142858,0.013813883644879827
1877,187,7,6763963449113324382,False,True,False,False,False,True,False,False,4.432506915313841,46.464646464646464,0.02,43.8,24.200913242009133,-0.010137603332204473
1878,187,8,460301551524215904,False,True,False,False,False,True,False,False,4.397416291642636,39.39393939393939,0.020000000000000004,40.8,21.07843137254902,-0.028964608403339625
1879,187,9,17157010741924282773,False,True,False,False,False,True,False,False,4.719322209170036,48.484848484848484,0.019999999999999997,44.4,24.324324324324323,-0.009675535518237112
1880,188,0,15806620781057512206,False,True,False,False,False,False,True,True,6.187590068534039,24.242424242424242,0.02,50.8,21.653543307086615,-0.0033528378617710014
1881,188,1,3860556031223412426,False,True,False,False,False,False,True,True,4.465112279590023,38.38383838383838,0.020000000000000004,53.4,28.83895131086142,-0.0007413022261989835
1882,188,2,2334407771080873534,False,True,False,False,False,False,True,True,4.008486010705983,44.44444444444444,0.02,54.4,21.323529411764707,0.002247325894866952
1883,188,3,6577565647049401946,False,True,False,False,False,False,True,True,3.9210077622555444,54.54545454545455,0.02,57.2,19.58041958041958,-0.002096029542526178
1884,188,4,3243269627496098840,False,True,False,False,False,False,True,True,5.30209681820578,36.36363636363637,0.020000000000000004,59.6,26.845637583892618,0.03572895565716864
1885,188,5,73147414890249353,False,True,False,False,False,False,True,True,4.460737390459906,40.4040404040404,0.020365268300742694,54.6,24.90842490842491,-0.04153227403711107
1886,188,6,603466310036771189,False,True,False,False,False,False,True,True,4.8742375399131195,42.42424242424242,0.02,53.0,25.28301886792453,-0.0023485530374746967
1887,188,7,18096763303188404618,False,True,False,False,False,False,True,True,5.723414649644893,38.38383838383838,0.020000000000000004,55.8,21.14695340501792,0.04136622455184993
1888,188,8,11511616156149058800,False,True,False,False,False,False,True,True,4.232157332703129,38.38383838383838,0.020000000000000004,58.6,21.501706484641637,0.013063463687012385
1889,188,9,878649359204864951,False,True,False,False,False,False,True,True,4.51196829308617,38.38383838383838,0.02,51.2,20.3125,-0.005634764686855922
1890,189,0,6066264457324535899,False,True,False,False,False,False,True,False,4.487517441334537,51.515151515151516,0.019999999999999997,51.8,23.55212355212355,0.005928947386960171
1891,189,1,5548500461283028644,False,True,False,False,False,False,True,False,4.352992415887706,45.45454545454545,0.019999999999999997,51.8,25.868725868725868,0.019357653136197493
1892,189,2,12381494610392329550,False,True,False,False,False,False,True,False,6.430773033480429,22.22222222222222,0.019999999999999997,51.8,25.096525096525095,0.05462419226002169
1893,189,3,8445286524801630837,False,True,False,False,False,False,True,False,4.90491067643533,32.323232323232325,0.020000000000000004,56.8,23.591549295774648,0.018975012357482106
1894,189,4,6020979743124200559,False,True,False,False,False,False,True,False,4.605699860150571,44.44444444444444,0.020000000000000004,55.4,20.938628158844764,-0.04981046526708756
1895,189,5,11034963420420023781,False,True,False,False,False,False,True,False,4.177039829875075,54.54545454545455,0.019999999999999997,55.4,33.2129963898917,0.026918215045392806
1896,189,6,507858325572329724,False,True,False,False,False,False,True,False,5.498308637286791,37.37373737373738,0.02005579564608429,61.2,22.22222222222222,0.04407783523998313
1897,189,7,16831526847596398516,False,True,False,False,False,False,True,False,7.650920902779244,10.1010101010101,0.019999999999999997,54.0,21.48148148148148,0.01557512910492693
1898,189,8,6558105725548885972,False,True,False,False,False,False,True,False,4.851422896163988,32.323232323232325,0.020000000000000004,53.2,28.571428571428573,0.018079254870173443
1899,189,9,5242509937995154770,False,True,False,False,False,False,True,False,4.606329737993316,35.35353535353536,0.02,54.2,26.937269372693727,0.011135464153500703
1900,190,0,5899008831404690409,False,True,False,False,False,False,False,True,5.273830213245426,33.333333333333336,0.020000000000000004,54.0,22.962962962962962,0.027349985117380408
1901,190,1,6976284393502194550,False,True,False,False,False,False,False,True,4.938382974679218,33.333333333333336,0.020000000000000004,52.4,26.33587786259542,0.055348702934253015
1902,190,2,3817311146095837251,False,True,False,False,False,False,False,True,4.169782269065202,48.484848484848484,0.019999999999999997,55.0,21.818181818181817,-0.01015305414463973
1903,190,3,5003707106814223452,False,True,False,False,False,False,False,True,6.051274407294813,28.282828282828284,0.020000000000000004,53.6,23.507462686567163,-0.023945818799190603
1904,190,4,13873601475560085832,False,True,False,False,False,False,False,True,4.739062369537441,41.41414141414141,0.020000000000000004,50.8,21.25984251968504,0.019314015498798052
1905,190,5,13269182617462096769,False,True,False,False,False,False,False,True,4.527575990830343,46.464646464646464,0.019999999999999997,57.4,24.041811846689896,0.009135644852106193
1906,190,6,17395168233894834253,False,True,False,False,False,False,False,True,4.4520892571216875,41.41414141414141,0.02,57.4,22.99651567944251,0.013398515335440756
1907,190,7,10670794987267497964,False,True,False,False,False,False,False,True,6.117737207824625,28.282828282828284,0.020000000000000004,55.2,25.0,0.01304730954368421
1908,190,8,16868306806331957512,False,True,False,False,False,False,False,True,4.183049385392639,44.44444444444444,0.019999999999999997,53.8,22.676579925650557,-0.06554076963019459
1909,190,9,1735033885914677651,False,True,False,False,False,False,False,True,4.105701819355,56.56565656565657,0.020000000000000004,54.0,24.074074074074073,-0.04506531276406891
1910,191,0,8116322293754563530,False,True,False,False,False,False,False,False,4.373456089293132,44.44444444444444,0.019999999999999997,56.6,27.915194346289752,-0.011301671258203564
1911,191,1,15633534256711475836,False,True,False,False,False,False,False,False,4.4750553921610985,32.323232323232325,0.02,57.0,23.859649122807017,0.015267317999725584
1912,191,2,5279816011786404879,False,True,False,False,False,False,False,False,3.802279523268918,45.45454545454545,0.020000000000000004,56.8,24.295774647887324,-0.014494719183748494
1913,191,3,15261316124642395193,False,True,False,False,False,False,False,False,4.122593175237799,48.484848484848484,0.020000000000000004,57.6,26.73611111111111,-0.016300874095473965
1914,191,4,6893348572463531885,False,True,False,False,False,False,False,False,4.841483692701531,48.484848484848484,0.02,51.8,28.957528957528957,0.008856628106778628
1915,191,5,13760177613132658289,False,True,False,False,False,False,False,False,5.388219360222941,32.323232323232325,0.020000000000000004,57.6,23.26388888888889,0.02625060287535885
1916,191,6,4502518201833396727,False,True,False,False,False,False,False,False,4.715203872771196,44.44444444444444,0.02,53.2,22.18045112781955,0.005211450590321274
1917,191,7,1737743380248433959,False,True,False,False,False,False,False,False,4.61063376856807,46.464646464646464,0.020000000000000004,57.2,25.524475524475523,0.007959451181007033
1918,191,8,166490406779372355,False,True,False,False,False,False,False,False,4.10413771682039,61.61616161616162,0.02,57.0,25.263157894736842,-0.001440656283044127
1919,191,9,9136396929713343022,False,True,False,False,False,False,False,False,4.242615933427072,46.464646464646464,0.020000000000000004,54.2,21.771217712177123,0.018729113720712537
1920,192,0,7181454465483542658,False,False,True,True,True,True,True,True,14.595565170604582,0.0,0.020000000000000004,45.8,0.0,-0.0064692857038200985
1921,192,1,15002649593436838291,False,False,True,True,True,True,True,True,21.78433829112701,0.0,0.02055481319421041,45.0,0.0,-0.016968327986443953
1922,192,2,11304636276416823374,False,False,True,True,True,True,True,True,20.31633982943344,0.0,0.02088743185088131,37.4,0.0,0.0028543994014942494
1923,192,3,2744960336273523083,False,False,True,True,True,True,True,True,49.415592541379866,0.0,0.028020003363704006,44.8,0.0,0.006708613359490798
1924,192,4,1033738692539017099,False,False,True,True,True,True,True,True,10.248246472041421,2.0202020202020203,0.02119233264523664,44.0,0.0,-0.013320955363653436
1925,192,5,4738622385325048161,False,False,True,True,True,True,True,True,17.940828132008928,2.0202020202020203,0.020000000000000004,47.2,0.0,0.025935957091949444
1926,192,6,9004247129610832295,False,False,True,True,True,True,True,True,83.77101108101674,0.0,0.035186267014353324,41.8,0.0,0.004810099176455499
1927,192,7,17664030509881847186,False,False,True,True,True,True,True,True,15.775113704419278,0.0,0.02020350568295544,44.4,0.0,0.06565075090340855
1928,192,8,5376938432386267330,False,False,True,True,True,True,True,True,40.32351354578088,0.0,0.019999999999999997,40.8,0.0,-0.01490555082628357
1929,192,9,15739083559623657657,False,False,True,True,True,True,True,True,15.499699246533414,0.0,0.019999999999999997,42.6,0.0,0.02620143584970991
1930,193,0,8442534792681063047,False,False,True,True,True,True,True,False,14.51536423103111,0.0,0.022767357555471372,44.2,0.0,0.004935418356606429
1931,193,1,395460710479614745,False,False,True,True,True,True,True,False,15.969862002114983,2.0202020202020203,0.023643485318217722,40.0,0.0,0.026374211372752938
1932,193,2,9807162005739751286,False,False,True,True,True,True,True,False,14.918291458505074,0.0,0.028042807390399334,44.2,0.0,0.025781936489179223
1933,193,3,6046807983100539689,False,False,True,True,True,True,True,False,26.083680193789156,0.0,0.02367457723394319,44.8,0.0,-0.004404678046839342
1934,193,4,1422950287215245599,False,False,True,True,True,True,True,False,69.79662076244139,0.0,0.03744265340627119,43.8,0.45662100456621,0.01050086587234898
1935,193,5,8104213138812503461,False,False,True,True,True,True,True,False,56.70101254298737,0.0,0.03323609890390723,41.0,0.0,0.007109048895765262
1936,193,6,14438211884619889725,False,False,True,True,True,True,True,False,3.872746706142209,55.55555555555556,0.02,41.8,0.0,-0.009171325213579672
1937,193,7,903720323080474181,False,False,True,True,True,True,True,False,7.14471508943983,22.22222222222222,0.02,42.8,0.0,-0.004967397441573684
1938,193,8,8931588909408279708,False,False,True,True,True,True,True,False,85.29319862183554,0.0,0.05514358926184125,40.2,0.0,0.024857496643947003
1939,193,9,9920123987549060695,False,False,True,True,True,True,True,False,18.31858659681612,0.0,0.02677642882060577,42.8,0.0,-0.0016373469931361272
1940,194,0,14642449668986802681,False,False,True,True,True,True,False,True,21.823909371482472,0.0,0.020000000000000004,43.6,0.0,-0.02485107136144351
1941,194,1,17717668748132217145,False,False,True,True,True,True,False,True,59.148828434979315,0.0,0.037025531278834574,44.2,1.3574660633484164,-0.0116864261935145
1942,194,2,8046112230631604580,False,False,True,True,True,True,False,True,65.08889973610226,0.0,0.019999999999999997,42.8,0.0,-0.02856145269516748
1943,194,3,12751918138884134872,False,False,True,True,True,True,False,True,16.12312822003232,0.0,0.027277028751726204,43.2,0.0,0.03758222624740903
1944,194,4,5803041595946253172,False,False,True,True,True,True,False,True,21.369881360225474,0.0,0.020000000000000004,44.2,0.0,-0.03526456197023877
1945,194,5,5349324802506160602,False,False,True,True,True,True,False,True,5.144987345316365,39.39393939393939,0.02,45.4,0.0,0.0007081376374604078
1946,194,6,14168771930981869563,False,False,True,True,True,True,False,True,60.624532801737125,0.0,0.019999999999999997,42.6,1.408450704225352,0.04336057310806842
1947,194,7,5217585374861506490,False,False,True,True,True,True,False,True,45.61782159349147,0.0,0.01999999999999999,46.6,0.0,-0.0791154895975
1948,194,8,11513069767150043704,False,False,True,True,True,True,False,True,5.8279526414315805,22.22222222222222,0.02,39.8,0.0,-0.005049156254619728
1949,194,9,628564311146400200,False,False,True,True,True,True,False,True,9.931966152225044,4.040404040404041,0.019999999999999997,42.0,0.0,-0.00672574819915824
1950,195,0,9815227108058706136,False,False,True,True,True,True,False,False,6.05529501703095,19.19191919191919,0.02,45.8,0.0,0.01031018019788576
1951,195,1,17351091912719851870,False,False,True,True,True,True,False,False,3.9830040740003287,42.42424242424242,0.02,41.0,0.0,0.008679989713265798
1952,195,2,10561610814339873571,False,False,True,True,True,True,False,False,14.729455714766045,0.0,0.02454118182707484,45.6,0.0,-0.002704168338213494
1953,195,3,11881827938473692807,False,False,True,True,True,True,False,False,5.5473094835040095,36.36363636363637,0.020000000000000004,44.0,0.0,-0.02969337768764925
1954,195,4,2195379840658747689,False,False,True,True,True,True,False,False,87.7906810845582,0.0,0.03749421602785362,39.6,0.0,0.01182678324795138
1955,195,5,4084487780325738430,False,False,True,True,True,True,False,False,4.301573000026739,51.515151515151516,0.019999999999999997,41.6,0.0,0.0738611054645028
1956,195,6,8248522218689871671,False,False,True,True,True,True,False,False,15.044005794225438,3.0303030303030303,0.019999999999999997,43.4,0.0,0.03702673001035799
1957,195,7,7441607537073260094,False,False,True,True,True,True,False,False,17.21962452842281,0.0,0.020000000000000004,43.4,0.0,-0.015324825605459058
1958,195,8,4535402956525368384,False,False,True,True,True,True,False,False,40.577840050504335,0.0,0.021251795425275014,45.6,0.0,0.01257953533271759
1959,195,9,8533943659123052812,False,False,True,True,True,True,False,False,12.251078609068939,0.0,0.025899983701286683,45.2,0.0,-0.011156863518652162
1960,196,0,15603706960521139783,False,False,True,True,True,False,True,True,3.6617895665382267,44.44444444444444,0.02,53.6,0.0,-0.0018368251062740653
1961,196,1,9098330423102858300,False,False,True,True,True,False,True,True,3.152902567388412,50.505050505050505,0.020000000000000004,53.0,0.0,0.009165411639391195
1962,196,2,8869691706965958261,False,False,True,True,True,False,True,True,30.881714733922134,0.0,0.025368205314852527,55.0,0.0,-0.012596530638121446
1963,196,3,6825321796009517652,False,False,True,True,True,False,True,True,3.219714347617282,43.43434343434343,0.020000000000000004,57.0,0.0,0.019921895722206075
1964,196,4,11098233760567799753,False,False,True,True,True,False,True,True,3.154739286356496,46.464646464646464,0.020000000000000004,54.4,0.0,-0.0019287692345484535
1965,196,5,9906608204639221489,False,False,True,True,True,False,True,True,83.74090927398349,0.0,0.033096507021900666,55.2,0.0,0.020284983075366966
1966,196,6,1517252063775140373,False,False,True,True,True,False,True,True,5.289921053502642,22.22222222222222,0.02,57.8,0.0,0.0025090666248251433
1967,196,7,2799377609409435855,False,False,True,True,True,False,True,True,31.1325239097063,0.0,0.02,55.2,0.0,-0.005689269600045149
1968,196,8,3326974751539926624,False,False,True,True,True,False,True,True,71.45398280917044,0.0,0.019999999999999997,51.8,0.0,0.010262399937902138
1969,196,9,6675209362276247793,False,False,True,True,True,False,True,True,8.493621822571756,2.0202020202020203,0.026188737371001018,54.6,0.0,-0.02053492646456182
1970,197,0,12620727867703870948,False,False,True,True,True,False,True,False,7.712739850994901,2.0202020202020203,0.020000000000000004,53.6,0.0,0.013057338872928556
1971,197,1,10274447974859460932,False,False,True,True,True,False,True,False,17.92719431463183,0.0,0.025001003164423934,56.2,0.0,0.006560691605454724
1972,197,2,12011045320402775314,False,False,True,True,True,False,True,False,23.28706856996639,0.0,0.028372078831789216,55.2,0.0,0.05944268440562178
1973,197,3,1783198219455160582,False,False,True,True,True,False,True,False,36.21586401566996,0.0,0.020000000000000004,55.6,0.0,-0.012781493086194277
1974,197,4,603084333269235636,False,False,True,True,True,False,True,False,18.58470122192978,0.0,0.03006455875639657,57.2,0.0,0.012798216648693047
1975,197,5,3580889263383120281,False,False,True,True,True,False,True,False,4.206181064040646,34.343434343434346,0.019999999999999997,54.6,0.0,-0.0016080327394148472
1976,197,6,1737308476590681125,False,False,True,True,True,False,True,False,68.37414874641577,0.0,0.020000000000000004,56.0,0.0,0.004679887738573624
1977,197,7,7913526492443717861,False,False,True,True,True,False,True,False,84.93261377131272,0.0,0.020000000000000004,52.4,0.0,-0.019031072322406598
1978,197,8,3176598857030000646,False,False,True,True,True,False,True,False,37.42390129762773,0.0,0.02337645349608558,59.4,0.0,-0.0098620065971694
1979,197,9,13174908643085425504,False,False,True,True,True,False,True,False,23.77166930685035,0.0,0.02601910360987887,57.2,0.0,0.04510976397203112
1980,198,0,9656328694852217506,False,False,True,True,True,False,False,True,12.131727530049691,0.0,0.02576809572891549,57.6,0.0,-0.0034560706212415763
1981,198,1,17923848039959427251,False,False,True,True,True,False,False,True,6.866969588351785,16.161616161616163,0.02,55.2,0.0,-0.009596682256894319
1982,198,2,12478616832271884349,False,False,True,True,True,False,False,True,24.298333203409822,0.0,0.019999999999999997,56.0,0.0,0.027813644234484593
1983,198,3,2635043598369778013,False,False,True,True,True,False,False,True,82.10796360054411,0.0,0.029676814821033667,51.4,0.0,0.011863693833860461
1984,198,4,16544929973520779472,False,False,True,True,True,False,False,True,20.40730593919568,0.0,0.022250024553707157,59.0,0.0,0.009210848218288867
1985,198,5,3862963514828032169,False,False,True,True,True,False,False,True,8.764428011655841,4.040404040404041,0.020000000000000004,56.4,0.0,0.026306351626094432
1986,198,6,2275327204336462876,False,False,True,True,True,False,False,True,3.4225925982855223,38.38383838383838,0.02,54.2,0.0,0.00969727563855288
1987,198,7,852436238340433484,False,False,True,True,True,False,False,True,22.027587854396934,0.0,0.019999999999999997,58.0,0.0,0.02067414511204057
1988,198,8,7380229458543219933,False,False,True,True,True,False,False,True,10.59400923106201,1.0101010101010102,0.025370650054633417,56.2,0.0,-0.0012884139542515452
1989,198,9,15211202755414956567,False,False,True,True,True,False,False,True,32.79042035762822,0.0,0.022686373773133317,56.4,0.0,-0.01181569809977845
1990,199,0,8916597860422998244,False,False,True,True,True,False,False,False,29.884003812694473,0.0,0.021229571895594903,52.2,0.0,-0.00225322410346438
1991,199,1,11018898851734715798,False,False,True,True,True,False,False,False,57.25212248574459,0.0,0.03959570656128315,59.8,0.33444816053511706,0.006061901856329115
1992,199,2,10290514330656057810,False,False,True,True,True,False,False,False,34.247576167745436,0.0,0.022349009553021333,54.4,0.0,-0.000497161229103944
1993,199,3,7538353419063071509,False,False,True,True,True,False,False,False,24.453322185515166,0.0,0.021178827254511312,54.6,0.0,0.012380727521208045
1994,199,4,16053888385211799432,False,False,True,True,True,False,False,False,19.244131327531296,0.0,0.023439459352752774,51.6,0.0,0.02811001710666196
1995,199,5,3541282380069783710,False,False,True,True,True,False,False,False,18.16713564509913,1.0101010101010102,0.02,54.0,0.0,0.00459566754351026
1996,199,6,7983011733239258880,False,False,True,True,True,False,False,False,79.6578830675487,0.0,0.023444352477208066,53.6,0.0,-0.02059354370031406
1997,199,7,11636062111585421053,False,False,True,True,True,False,False,False,16.174301904249184,0.0,0.022370967729955983,57.2,0.0,0.008241842081401603
1998,199,8,2525021730945988624,False,False,True,True,True,False,False,False,20.548283979564843,0.0,0.02608700728195868,54.4,0.0,-0.006340424539145617
1999,199,9,6279597842349648699,False,False,True,True,True,False,False,False,14.868596191111154,0.0,0.020195637689650287,56.2,0.0,-0.002222595616510178
2000,200,0,4539552841969866872,False,False,True,True,False,True,True,True,10.903778117678092,0.0,0.020000000000000004,40.8,0.0,-0.026646764385277508
2001,200,1,5271988659791809215,False,False,True,True,False,True,True,True,4.5683822004825645,40.4040404040404,0.02,44.6,0.0,-0.01041197612519153
2002,200,2,9297542937763679653,False,False,True,True,False,True,True,True,4.8239895845232645,26.262626262626263,0.020000000000000004,47.2,0.0,0.0210871702989293
2003,200,3,18314506284081964586,False,False,True,True,False,True,True,True,4.6591088192698615,39.39393939393939,0.019999999999999997,47.4,0.0,0.012958825981065882
2004,200,4,10782063182656448173,False,False,True,True,False,True,True,True,24.12382387714756,0.0,0.022507537744157778,42.8,0.0,0.005761167975440909
2005,200,5,6975770626539429169,False,False,True,True,False,True,True,True,11.220889209502166,6.0606060606060606,0.020000000000000004,39.8,0.0,0.013277845695892472
2006,200,6,13356574377262394557,False,False,True,True,False,True,True,True,4.95752411928682,36.36363636363637,0.020000000000000004,41.6,0.0,0.005089171211402334
2007,200,7,17548883283674407904,False,False,True,True,False,True,True,True,31.61860412755979,0.0,0.02,42.2,0.0,-0.01641742851517887
2008,200,8,6282309303266568429,False,False,True,True,False,True,True,True,68.890022888656,0.0,0.02022875243608585,42.2,0.0,0.003869410513947087
2009,200,9,9233858265325902407,False,False,True,True,False,True,True,True,45.24439502358524,0.0,0.020000000000000004,42.2,0.0,0.03130242825804803
2010,201,0,4234819754360335807,False,False,True,True,False,True,True,False,4.001791802905496,50.505050505050505,0.02,45.0,0.0,-0.002931845551395951
2011,201,1,9979998480291420732,False,False,True,True,False,True,True,False,78.28709289810631,0.0,0.023118054305370273,48.4,0.0,0.0007572567788569779
2012,201,2,8732247902249004344,False,False,True,True,False,True,True,False,32.24887544352921,0.0,0.020000000000000004,47.8,0.0,0.01712487044215939
2013,201,3,12537199976363838989,False,False,True,True,False,True,True,False,16.16470612144866,0.0,0.02,42.6,0.0,-0.002054854449703942
2014,201,4,14560951810388097585,False,False,True,True,False,True,True,False,5.392824038756957,38.38383838383838,0.020000000000000004,45.6,0.0,-0.02252547019279092
2015,201,5,17812628028990466398,False,False,True,True,False,True,True,False,4.564989894819884,40.4040404040404,0.02,43.2,0.0,0.012531513007480417
2016,201,6,7117712412779552438,False,False,True,True,False,True,True,False,57.1483503650205,0.0,0.03318401015330763,40.2,0.0,-0.05109113504701729
2017,201,7,2504431905900486427,False,False,True,True,False,True,True,False,17.42353251334859,0.0,0.022061541919719322,44.6,0.0,-0.008109071010008009
2018,201,8,18418260496157836299,False,False,True,True,False,True,True,False,19.35583178662377,0.0,0.02280852885780383,38.6,0.0,-0.03165776326837922
2019,201,9,10425669933242474061,False,False,True,True,False,True,True,False,8.922717456659296,2.0202020202020203,0.019999999999999997,44.4,0.0,-0.010217687980859466
2020,202,0,10513786281055613688,False,False,True,True,False,True,False,True,4.862706649864503,42.42424242424242,0.020000000000000004,44.4,0.0,-0.033643455534049155
2021,202,1,6047926648822889281,False,False,True,True,False,True,False,True,14.86637324020883,2.0202020202020203,0.020717631245480157,41.8,0.0,-0.013216903052755583
2022,202,2,10654897939746730310,False,False,True,True,False,True,False,True,17.598096889042314,0.0,0.026112351904087963,40.8,0.0,-0.009432954671308896
2023,202,3,9302656936513133686,False,False,True,True,False,True,False,True,5.94627918521099,22.22222222222222,0.02,45.0,0.0,0.010724593087935594
2024,202,4,5382479114826132325,False,False,True,True,False,True,False,True,14.947045679946063,0.0,0.0341775912075069,43.2,0.0,-0.026609935456216517
2025,202,5,8445215607477835266,False,False,True,True,False,True,False,True,36.25849441111941,0.0,0.02507695925201799,41.0,0.0,0.01140654718517444
2026,202,6,8714628605809493857,False,False,True,True,False,True,False,True,22.93601677278641,1.0101010101010102,0.020000000000000004,40.4,0.0,0.0014411523577107467
2027,202,7,1559294010943459212,False,False,True,True,False,True,False,True,9.314841062491562,12.121212121212121,0.020000000000000004,44.8,0.0,0.02563908772518721
2028,202,8,12951732686566828308,False,False,True,True,False,True,False,True,80.06986184426827,0.0,0.019999999999999997,42.4,0.0,0.02096666330453455
2029,202,9,10904528335648726343,False,False,True,True,False,True,False,True,5.244624370262277,25.252525252525253,0.020000000000000004,42.0,0.0,-0.01244601680989189
2030,203,0,2364013082189012596,False,False,True,True,False,True,False,False,7.31540160177819,20.2020202020202,0.02,40.8,0.0,0.0004911130677403292
2031,203,1,15976818670978041905,False,False,True,True,False,True,False,False,4.626135834800835,41.41414141414141,0.020000000000000004,39.4,0.0,0.028999894010197338
2032,203,2,1924180120383944985,False,False,True,True,False,True,False,False,28.543858759854885,0.0,0.024833610340658795,40.2,0.0,-0.017629597454813965
2033,203,3,11666699805134828200,False,False,True,True,False,True,False,False,6.774986265303486,25.252525252525253,0.02,42.6,0.0,-0.0015610102063737025
2034,203,4,3282440216674544323,False,False,True,True,False,True,False,False,4.13070982303114,41.41414141414141,0.019999999999999997,45.2,0.0,-0.008757301546195842
2035,203,5,7345166098509146536,False,False,True,True,False,True,False,False,30.342304341958034,0.0,0.024017956113087734,42.0,0.0,0.019634544019068372
2036,203,6,13544474029937200424,False,False,True,True,False,True,False,False,9.484098208428357,3.0303030303030303,0.02,41.0,0.0,0.011651732465451505
2037,203,7,12967674643774204185,False,False,True,True,False,True,False,False,27.471295153214292,0.0,0.02109940989526335,42.6,0.0,0.024272010921452404
2038,203,8,15868051711995238017,False,False,True,True,False,True,False,False,12.210878600268488,3.0303030303030303,0.020000000000000004,41.4,0.0,0.009247564572440583
2039,203,9,16412561310838848230,False,False,True,True,False,True,False,False,15.919421555218344,0.0,0.021886286485681923,39.8,0.0,-0.0017579481068871012
2040,204,0,11549413841779625522,False,False,True,True,False,False,True,True,8.13621109299007,3.0303030303030303,0.02,56.6,0.0,0.009518004529255407
2041,204,1,725361677244429290,False,False,True,True,False,False,True,True,19.952536033539513,0.0,0.02654922464391326,54.8,0.0,-0.0360474802389278
2042,204,2,12933378205807411084,False,False,True,True,False,False,True,True,10.713929530138365,2.0202020202020203,0.020000000000000004,55.4,0.0,0.03771252834574317
2043,204,3,15862250756353795827,False,False,True,True,False,False,True,True,20.943195853211538,0.0,0.020866137861631856,50.6,0.0,-3.6316402151221336e-05
2044,204,4,4332518122630378004,False,False,True,True,False,False,True,True,17.155129044439935,0.0,0.02222385915144724,51.6,0.0,-0.009400258781484538
2045,204,5,9170929290681514746,False,False,True,True,False,False,True,True,31.36571674625824,0.0,0.025017101450030506,56.6,0.0,0.003998716696096684
2046,204,6,8027148562628239673,False,False,True,True,False,False,True,True,3.631112898145078,48.484848484848484,0.020000000000000004,56.0,0.0,0.02721245632613034
2047,204,7,8003717751393522454,False,False,True,True,False,False,True,True,8.150770383076349,13.131313131313131,0.019999999999999997,55.6,0.0,-0.023439141450294014
2048,204,8,4290962795371655261,False,False,True,True,False,False,True,True,19.18111034335989,0.0,0.02,53.0,0.0,-0.0007081486634409837
2049,204,9,2559420024511897288,False,False,True,True,False,False,True,True,3.2262442536999827,52.525252525252526,0.020000000000000004,55.8,0.0,0.009519570378297676
2050,205,0,4895471407580454061,False,False,True,True,False,False,True,False,12.890224292076661,0.0,0.028338699784876503,56.2,0.0,0.004144189227600011
2051,205,1,1553920595210372734,False,False,True,True,False,False,True,False,4.341727199470165,40.4040404040404,0.019999999999999997,56.6,0.0,0.006018499932896592
2052,205,2,6881965142883666566,False,False,True,True,False,False,True,False,4.68112731807083,23.232323232323232,0.020000000000000004,55.2,0.0,0.05587932636409898
2053,205,3,10541700100495977323,False,False,True,True,False,False,True,False,83.23466923698437,0.0,0.023479113296783045,55.2,0.0,0.011736550069780126
2054,205,4,15141251483750224688,False,False,True,True,False,False,True,False,34.50567795010965,0.0,0.020000000000000004,57.0,0.0,0.031061943185972954
2055,205,5,10040980837961565115,False,False,True,True,False,False,True,False,18.942620320296623,2.0202020202020203,0.020000000000000004,51.4,0.0,0.017499569614919826
2056,205,6,9813553205734847573,False,False,True,True,False,False,True,False,24.945711428617443,0.0,0.021287194095225444,54.6,0.0,-0.013597435493908737
2057,205,7,14041156819857439237,False,False,True,True,False,False,True,False,3.59921127916853,41.41414141414141,0.019999999999999997,56.0,0.0,-0.024545071779617535
2058,205,8,12589316170535076686,False,False,True,True,False,False,True,False,18.656749053713895,0.0,0.026441010644310925,57.8,0.0,0.014175719373646693
2059,205,9,17542595225856526817,False,False,True,True,False,False,True,False,24.96014939852681,1.0101010101010102,0.027352520483872097,54.8,0.0,0.021122899139577652
2060,206,0,16297296683176256654,False,False,True,True,False,False,False,True,42.16465089124892,0.0,0.0252846675300879,55.2,0.0,0.005407287301073186
2061,206,1,14008544912470864852,False,False,True,True,False,False,False,True,36.26048590079171,0.0,0.02333164574958534,56.4,0.0,0.00933168915190115
2062,206,2,4702201178832333185,False,False,True,True,False,False,False,True,4.0253319817593995,39.39393939393939,0.020000000000000004,52.2,0.0,-0.030046312509366062
2063,206,3,13127103412191134525,False,False,True,True,False,False,False,True,20.48201354617036,0.0,0.0230653738993455,52.4,0.0,-0.033048219964004304
2064,206,4,6226469036880861753,False,False,True,True,False,False,False,True,21.79769371807767,0.0,0.020995733336368155,54.2,0.0,-0.030621622840307314
2065,206,5,4921919743192922691,False,False,True,True,False,False,False,True,86.47268730629483,0.0,0.02427870231428366,53.6,0.0,0.00595511347319033
2066,206,6,5094582495813078436,False,False,True,True,False,False,False,True,74.00560847405652,0.0,0.025069141907187918,53.8,0.0,0.010112515133974521
2067,206,7,9808389013707585997,False,False,True,True,False,False,False,True,38.921779106641175,0.0,0.030451725871829406,52.6,0.0,-0.03032426945858858
2068,206,8,8285094722692642663,False,False,True,True,False,False,False,True,5.823289381753116,18.181818181818183,0.02,53.8,0.0,-0.008809380857153963
2069,206,9,2641822080116843442,False,False,True,True,False,False,False,True,3.7128272444667854,47.474747474747474,0.02,55.8,0.0,-0.01383960309998626
2070,207,0,7406559311668511032,False,False,True,True,False,False,False,False,3.464409890537743,51.515151515151516,0.02,55.0,0.0,-0.010555189194277429
2071,207,1,2985042854005715757,False,False,True,True,False,False,False,False,33.82375805375519,1.0101010101010102,0.021319227182470545,52.4,0.0,0.009052585396891999
2072,207,2,18366682960945267082,False,False,True,True,False,False,False,False,15.936742965928989,1.0101010101010102,0.020000000000000004,54.4,0.0,-0.03576965556605273
2073,207,3,4634614334172530098,False,False,True,True,False,False,False,False,36.284030124878015,0.0,0.02497410950681093,56.8,0.0,0.004543720857356692
2074,207,4,1454689524706917260,False,False,True,True,False,False,False,False,12.894797384262228,0.0,0.031117930130868825,59.2,0.0,0.007722324767415955
2075,207,5,685113497628095866,False,False,True,True,False,False,False,False,13.486134808793535,0.0,0.02094987402999998,60.0,0.0,0.024317039168361077
2076,207,6,3916751830712524922,False,False,True,True,False,False,False,False,3.647697240226579,48.484848484848484,0.020000000000000004,53.6,0.0,0.021443453200202654
2077,207,7,15066889157372527736,False,False,True,True,False,False,False,False,26.849307616600765,0.0,0.025347431382881095,55.8,0.0,-0.004527526269779299
2078,207,8,8049461107819562891,False,False,True,True,False,False,False,False,18.574011668977267,1.0101010101010102,0.020628593657642358,54.2,0.0,0.03205096864788293
2079,207,9,11437082097001399159,False,False,True,True,False,False,False,False,18.021493764490955,0.0,0.023033170704656106,52.8,0.0,-0.024291843105338686
2080,208,0,11410490588102722433,False,False,True,False,True,True,True,True,10.269867334862436,4.040404040404041,0.019999999999999997,40.2,0.0,0.02132517416918335
2081,208,1,3984279088042209392,False,False,True,False,True,True,True,True,5.7943289745833315,28.282828282828284,0.02,42.4,0.0,-0.002630634289927044
2082,208,2,11134218063824773301,False,False,True,False,True,True,True,True,3.89639420151472,53.535353535353536,0.020000000000000004,45.6,0.0,-0.0218712605701138
2083,208,3,16028919083725567584,False,False,True,False,True,True,True,True,7.363318025110467,6.0606060606060606,0.020000000000000004,43.6,0.0,-0.004861997628460765
2084,208,4,7102304858155236835,False,False,True,False,True,True,True,True,5.057042224777984,32.323232323232325,0.02,41.6,0.0,0.0047385038077691405
2085,208,5,3141814088564459617,False,False,True,False,True,True,True,True,4.535563722165011,42.42424242424242,0.020000000000000004,40.6,0.0,0.01419554359209907
2086,208,6,5494395555906181159,False,False,True,False,True,True,True,True,3.5690485794690403,53.535353535353536,0.02,44.2,0.0,-4.582541456340239e-06
2087,208,7,9217097541074043061,False,False,True,False,True,True,True,True,7.671435274397598,14.141414141414142,0.020000000000000004,38.0,0.0,0.0020406713833853924
2088,208,8,10804389345575835614,False,False,True,False,True,True,True,True,4.611819070965878,40.4040404040404,0.019999999999999997,43.0,0.0,-0.021308667422046852
2089,208,9,14073459033705262940,False,False,True,False,True,True,True,True,3.9003906174662286,47.474747474747474,0.019999999999999997,41.4,0.0,-0.014324308629220758
2090,209,0,16338084640663978176,False,False,True,False,True,True,True,False,8.051067394386408,14.141414141414142,0.020000000000000004,39.4,0.0,0.010040174790635455
2091,209,1,7549322720152684486,False,False,True,False,True,True,True,False,4.9004044599721475,42.42424242424242,0.02,46.0,0.0,0.0027061707262908694
2092,209,2,14733149716508545334,False,False,True,False,True,True,True,False,3.4720708709822605,50.505050505050505,0.02,41.2,0.0,-0.0011757600083854172
2093,209,3,12476166352414473069,False,False,True,False,True,True,True,False,4.005019291572167,49.494949494949495,0.02,42.2,0.0,-0.009422618784279004
2094,209,4,13985413640460573253,False,False,True,False,True,True,True,False,7.348860032175566,20.2020202020202,0.020000000000000004,42.4,0.0,-0.044525047587712786
2095,209,5,16071658958731175088,False,False,True,False,True,True,True,False,4.406664104270614,38.38383838383838,0.020000000000000004,43.6,0.0,-0.0209574517405039
2096,209,6,15539166550920004972,False,False,True,False,True,True,True,False,4.111456806005745,49.494949494949495,0.019999999999999997,37.6,0.0,-0.025419907209664822
2097,209,7,6213039098437460905,False,False,True,False,True,True,True,False,5.04341461590023,36.36363636363637,0.02,46.2,0.0,-0.0017312333554636314
2098,209,8,11431659301686084225,False,False,True,False,True,True,True,False,3.7844485348100294,51.515151515151516,0.020000000000000004,44.0,0.0,0.013394671681240405
2099,209,9,4369575843086876900,False,False,True,False,True,True,True,False,4.680705726083301,44.44444444444444,0.019999999999999997,44.4,0.0,-0.013180511405654278
2100,210,0,5512528012564204033,False,False,True,False,True,True,False,True,4.716366853327923,39.39393939393939,0.020000000000000004,47.4,0.0,0.0341536602170486
2101,210,1,17768061559748130472,False,False,True,False,True,True,False,True,7.693378335205775,8.080808080808081,0.020000000000000004,42.4,0.0,0.02838140979563387
2102,210,2,13604234674260836243,False,False,True,False,True,True,False,True,3.875485660981569,51.515151515151516,0.02,42.6,0.0,-0.009123178335151494
2103,210,3,5248146296743989685,False,False,True,False,True,True,False,True,11.306544755790569,0.0,0.02104258170504012,41.4,0.0,0.04326139174937415
2104,210,4,14891184794834627812,False,False,True,False,True,True,False,True,12.814274205595376,0.0,0.02244280077444056,41.2,0.0,-0.015822195908889693
2105,210,5,8362994732102425614,False,False,True,False,True,True,False,True,4.332947009863628,41.41414141414141,0.020000000000000004,45.4,0.0,0.025600549143556722
2106,210,6,16314810730141083544,False,False,True,False,True,True,False,True,5.2266083708095925,33.333333333333336,0.020000000000000004,45.2,0.0,-0.018567977789688456
2107,210,7,2118651039850393816,False,False,True,False,True,True,False,True,3.297428272455943,46.464646464646464,0.020000000000000004,40.2,0.0,0.02681208665924752
2108,210,8,13669555867738211464,False,False,True,False,True,True,False,True,3.89450253837178,50.505050505050505,0.02,43.8,0.0,0.0010226857288950346
2109,210,9,5743646194745041051,False,False,True,False,True,True,False,True,3.9249520039742447,54.54545454545455,0.020000000000000004,43.6,0.0,-0.020648697151391067
2110,211,0,18170968515491365085,False,False,True,False,True,True,False,False,6.4610339270489705,24.242424242424242,0.02,43.4,0.0,0.016939518342467562
2111,211,1,9806861848272959247,False,False,True,False,True,True,False,False,5.699072444589043,29.292929292929294,0.020000000000000004,41.6,0.0,-0.030750712795777735
2112,211,2,13335470494466080976,False,False,True,False,True,True,False,False,6.884220575857233,18.181818181818183,0.020000000000000004,42.0,0.0,0.017190017382636695
2113,211,3,15558429924514456583,False,False,True,False,True,True,False,False,4.012833478660846,54.54545454545455,0.020000000000000004,40.4,0.0,-0.016532662505397592
2114,211,4,7460461665228343146,False,False,True,False,True,True,False,False,4.034761702754016,45.45454545454545,0.02,45.8,0.0,0.004792136971035043
2115,211,5,264263076865844437,False,False,True,False,True,True,False,False,3.6950644224972664,45.45454545454545,0.020000000000000004,44.2,0.0,0.01364716068147168
2116,211,6,15437996919704137031,False,False,True,False,True,True,False,False,3.9768426437097433,39.39393939393939,0.02,42.2,0.0,0.0013711214023171105
2117,211,7,11966291771117312878,False,False,True,False,True,True,False,False,8.754168559475035,8.080808080808081,0.02,43.8,0.0,-0.004024765710521191
2118,211,8,18379287872058547933,False,False,True,False,True,True,False,False,4.106165277252686,44.44444444444444,0.020000000000000004,42.6,0.0,-0.006284240506114456
2119,211,9,17186877063989321661,False,False,True,False,True,True,False,False,4.795220539597639,34.343434343434346,0.020000000000000004,45.8,0.0,0.02254380595024342
2120,212,0,6940114629651947845,False,False,True,False,True,False,True,True,6.288209297515142,18.181818181818183,0.02,56.0,0.0,-0.0037286670523582707
2121,212,1,14396333881033735593,False,False,True,False,True,False,True,True,8.826774260310447,2.0202020202020203,0.020000000000000004,52.8,0.0,-0.008959847501477837
2122,212,2,8741148053814703274,False,False,True,False,True,False,True,True,4.276740684127951,29.292929292929294,0.02,57.2,0.0,-0.007322339775035237
2123,212,3,12583670480421090915,False,False,True,False,True,False,True,True,5.168545087280522,18.181818181818183,0.020000000000000004,57.4,0.0,0.011219290568671873
2124,212,4,17258290057415357060,False,False,True,False,True,False,True,True,9.297685901634958,0.0,0.03262333053475541,54.4,0.0,-0.019671915139321344
2125,212,5,15332540006768113108,False,False,True,False,True,False,True,True,3.0029159117269457,44.44444444444444,0.02,55.0,0.0,0.0015246740958761308
2126,212,6,3330578891628233156,False,False,True,False,True,False,True,True,6.954362700709021,8.080808080808081,0.020000000000000004,56.2,0.0,0.03340895464281478
2127,212,7,15014653123298196392,False,False,True,False,True,False,True,True,4.3950129840058025,24.242424242424242,0.019999999999999997,55.2,0.0,0.0015979057356446014
2128,212,8,9691794576483215979,False,False,True,False,True,False,True,True,5.982803777735813,12.121212121212121,0.019999999999999997,50.6,0.0,-0.006923990146744087
2129,212,9,13401178879772852094,False,False,True,False,True,False,True,True,3.9330090597856238,26.262626262626263,0.020000000000000004,56.2,0.0,-0.014384988570909328
2130,213,0,7059904866384573373,False,False,True,False,True,False,True,False,12.185757220675148,0.0,0.021504651357001005,53.8,0.0,-0.009215042730774906
2131,213,1,11177340913225670650,False,False,True,False,True,False,True,False,6.401928745899633,20.2020202020202,0.02,57.2,0.0,-0.0023269519456115733
2132,213,2,12601513418182968822,False,False,True,False,True,False,True,False,3.8529309676032177,53.535353535353536,0.02,54.0,0.0,0.00656681212192217
2133,213,3,18010593787368727509,False,False,True,False,True,False,True,False,4.368580174672572,32.323232323232325,0.019999999999999997,54.6,0.0,0.013783864822749277
2134,213,4,13664927313871023210,False,False,True,False,True,False,True,False,3.5644589307817807,40.4040404040404,0.020000000000000004,59.0,0.0,0.02572200639419601
2135,213,5,3451176184725608580,False,False,True,False,True,False,True,False,4.8426211208449494,28.282828282828284,0.020000000000000004,55.8,0.0,-0.03167355212408765
2136,213,6,4939650908202818109,False,False,True,False,True,False,True,False,3.6861453413832055,43.43434343434343,0.019999999999999997,54.6,0.0,-0.01598370161946356
2137,213,7,16744627984246961408,False,False,True,False,True,False,True,False,3.8041863601442554,41.41414141414141,0.020000000000000004,53.2,0.0,-0.01235841509498513
2138,213,8,3525874060873288235,False,False,True,False,True,False,True,False,4.300873824805945,24.242424242424242,0.02,56.8,0.0,-0.004737238942368266
2139,213,9,14113970896282411785,False,False,True,False,True,False,True,False,3.8801242600131736,36.36363636363637,0.020000000000000004,59.4,0.0,0.044337932181484734
2140,214,0,16271267043941001092,False,False,True,False,True,False,False,True,3.2216402808945315,42.42424242424242,0.020000000000000004,58.6,0.0,-0.037407882594309126
2141,214,1,4755508239350368067,False,False,True,False,True,False,False,True,6.934369607489238,6.0606060606060606,0.020000000000000004,51.8,0.0,-0.02395482249441313
2142,214,2,4639718361718456916,False,False,True,False,True,False,False,True,3.3753114754407396,33.333333333333336,0.020000000000000004,53.8,0.0,0.020531200381358458
2143,214,3,13392847917035255493,False,False,True,False,True,False,False,True,4.867605805412557,27.272727272727273,0.02,55.2,0.0,0.0033174404107179914
2144,214,4,6531987406504924458,False,False,True,False,True,False,False,True,5.43178427732268,16.161616161616163,0.020000000000000004,55.2,0.0,0.01303050113707786
2145,214,5,2022451010953585113,False,False,True,False,True,False,False,True,4.760539263655033,33.333333333333336,0.02,55.6,0.0,0.004591848463291725
2146,214,6,3849002734999734500,False,False,True,False,True,False,False,True,3.520193742563273,33.333333333333336,0.020000000000000004,52.6,0.0,-0.028266305761667235
2147,214,7,17123872627637842305,False,False,True,False,True,False,False,True,3.5570385836772163,40.4040404040404,0.02,59.6,0.0,-0.006949439464200033
2148,214,8,8206963670588691994,False,False,True,False,True,False,False,True,3.750212855170663,44.44444444444444,0.020000000000000004,53.2,0.0,-0.021224257640304615
2149,214,9,1509500820376987253,False,False,True,False,True,False,False,True,4.1946356428027185,26.262626262626263,0.020000000000000004,55.0,0.0,-0.0328154330411516
2150,215,0,18055418123768236012,False,False,True,False,True,False,False,False,3.2688123317688214,51.515151515151516,0.020000000000000004,56.8,0.0,-0.028387919860425107
2151,215,1,1585362910608157247,False,False,True,False,True,False,False,False,3.2173390353464053,46.464646464646464,0.020000000000000004,54.2,0.0,0.02448445773254462
2152,215,2,15209354446910489882,False,False,True,False,True,False,False,False,5.004654501790655,24.242424242424242,0.020000000000000004,54.4,0.0,-0.0034634294882302913
2153,215,3,512394006038986944,False,False,True,False,True,False,False,False,3.7585679284761695,42.42424242424242,0.02,53.0,0.0,0.014221251112344301
2154,215,4,2063261524499238604,False,False,True,False,True,False,False,False,7.4276629322627095,8.080808080808081,0.020000000000000004,59.2,0.0,-0.0046187193470177785
2155,215,5,6933491753554857315,False,False,True,False,True,False,False,False,3.369049189765178,52.525252525252526,0.020000000000000004,58.8,0.0,-0.020116066348314268
2156,215,6,2871958817710435166,False,False,True,False,True,False,False,False,3.0410132788412487,43.43434343434343,0.02,54.4,0.0,0.0060513096595530445
2157,215,7,4040466236831983882,False,False,True,False,True,False,False,False,4.046350889309189,36.36363636363637,0.020000000000000004,51.8,0.0,-0.018815977642570245
2158,215,8,10855996237068280200,False,False,True,False,True,False,False,False,5.6408420754538575,14.141414141414142,0.020000000000000004,53.6,0.0,0.03143171621428824
2159,215,9,15533816650489384712,False,False,True,False,True,False,False,False,5.81741096422144,15.151515151515152,0.02,56.4,0.0,-0.009729304636182845
2160,216,0,11453225695092766953,False,False,True,False,False,True,True,True,6.937667700578711,16.161616161616163,0.020000000000000004,41.0,0.0,-0.0227741280625107
2161,216,1,6456543745201985620,False,False,True,False,False,True,True,True,5.329147806534024,44.44444444444444,0.019999999999999997,47.8,0.0,-0.018457464610936433
2162,216,2,4119749276039320533,False,False,True,False,False,True,True,True,3.8031677246711695,56.56565656565657,0.020000000000000004,42.2,0.0,0.023064445580557827
2163,216,3,3444232873971654153,False,False,True,False,False,True,True,True,5.961538848564443,20.2020202020202,0.02,40.6,0.0,-0.009665196896442827
2164,216,4,1098943056134168111,False,False,True,False,False,True,True,True,3.832887119927069,59.5959595959596,0.020000000000000004,43.8,0.0,-0.021433838711869654
2165,216,5,3634573040631217707,False,False,True,False,False,True,True,True,4.2602435250989,44.44444444444444,0.020000000000000004,40.6,0.0,0.03271304572747292
2166,216,6,15025955413756029212,False,False,True,False,False,True,True,True,8.695934008164283,8.080808080808081,0.02,45.6,0.0,-0.016123710396496974
2167,216,7,9825411646834016739,False,False,True,False,False,True,True,True,3.922107693281739,44.44444444444444,0.020000000000000004,43.2,0.0,-0.026299495721862715
2168,216,8,16264029771432865535,False,False,True,False,False,True,True,True,7.623975602163779,10.1010101010101,0.019999999999999997,48.4,0.0,0.006488022279615032
2169,216,9,16169891085237587379,False,False,True,False,False,True,True,True,7.004533113008579,16.161616161616163,0.02,45.0,0.0,-0.019645118655481953
2170,217,0,17798629620287001611,False,False,True,False,False,True,True,False,6.1561105354735135,24.242424242424242,0.02,41.6,0.0,0.0010059944898402357
2171,217,1,8816157875261870938,False,False,True,False,False,True,True,False,6.619387319395997,16.161616161616163,0.02,41.4,0.0,0.008559335151365609
2172,217,2,13217991648705520013,False,False,True,False,False,True,True,False,4.76194328019473,42.42424242424242,0.020000000000000004,42.4,0.0,-0.00778790869246305
2173,217,3,10354873872074968394,False,False,True,False,False,True,True,False,4.420146170125813,44.44444444444444,0.02,46.0,0.0,0.0037624874120015766
2174,217,4,2365585752882348281,False,False,True,False,False,True,True,False,3.92270955892423,45.45454545454545,0.019999999999999997,42.8,0.0,0.005097470257747306
2175,217,5,3447943378292091362,False,False,True,False,False,True,True,False,4.193437821760258,50.505050505050505,0.02,43.0,0.0,0.0031558315193601434
2176,217,6,13798757118874478054,False,False,True,False,False,True,True,False,4.537532143800808,42.42424242424242,0.020000000000000004,45.0,0.0,-0.033542982356099385
2177,217,7,13561458586729936482,False,False,True,False,False,True,True,False,5.707948462712861,32.323232323232325,0.020000000000000004,48.4,0.0,0.009366613088081177
2178,217,8,6295351110177666968,False,False,True,False,False,True,True,False,7.3921855585162,10.1010101010101,0.02,45.0,0.0,-0.017394828242403917
2179,217,9,6235283942190502068,False,False,True,False,False,True,True,False,6.204265677081485,38.38383838383838,0.020000000000000004,46.0,0.0,0.024310777345310768
2180,218,0,5345067759677703487,False,False,True,False,False,True,False,True,4.186915275091189,45.45454545454545,0.02,47.0,0.0,0.0007215293884478273
2181,218,1,8128489349957572830,False,False,True,False,False,True,False,True,4.451790037405259,49.494949494949495,0.02,45.8,0.0,0.003147459087780623
2182,218,2,4647107813174516208,False,False,True,False,False,True,False,True,8.757217895651705,8.080808080808081,0.019999999999999997,46.4,0.0,0.029574853328863625
2183,218,3,6993041640436495685,False,False,True,False,False,True,False,True,6.754700038697199,22.22222222222222,0.019999999999999997,46.0,0.0,0.02335063324823537
2184,218,4,17601680712833174428,False,False,True,False,False,True,False,True,6.035886605279728,30.303030303030305,0.020000000000000004,43.2,0.0,0.05496351110807822
2185,218,5,2621264803804524027,False,False,True,False,False,True,False,True,6.242827019956809,28.282828282828284,0.020000000000000004,45.0,0.0,-0.03812324331189671
2186,218,6,8790782769939528224,False,False,True,False,False,True,False,True,4.412243831690287,45.45454545454545,0.02,39.4,0.0,-0.003926931548830457
2187,218,7,9278430468089591606,False,False,True,False,False,True,False,True,5.237720335530921,28.282828282828284,0.019999999999999997,45.0,0.0,0.01764189778087953
2188,218,8,17807352965455947242,False,False,True,False,False,True,False,True,5.881469751066546,15.151515151515152,0.02,44.0,0.0,0.004849000182395191
2189,218,9,16557033499245450757,False,False,True,False,False,True,False,True,3.734276978095902,50.505050505050505,0.019999999999999997,43.8,0.0,0.05992261620525096
2190,219,0,13518660229333988148,False,False,True,False,False,True,False,False,3.703272585167588,52.525252525252526,0.020000000000000004,44.0,0.0,0.043007453678363124
2191,219,1,14842834080206326422,False,False,True,False,False,True,False,False,5.8164316859455445,38.38383838383838,0.02,46.2,0.0,-0.0001479066415149015
2192,219,2,6013544042789763081,False,False,True,False,False,True,False,False,3.969915531272159,44.44444444444444,0.020000000000000004,40.8,0.0,-0.030780940534535596
2193,219,3,8601232476769240208,False,False,True,False,False,True,False,False,4.476615088167294,50.505050505050505,0.020000000000000004,42.4,0.0,0.028040368252903552
2194,219,4,817952437284506323,False,False,True,False,False,True,False,False,7.674680794170796,14.141414141414142,0.020000000000000004,43.8,0.0,-0.025541062901602133
2195,219,5,16504518616060349699,False,False,True,False,False,True,False,False,4.43864752710302,47.474747474747474,0.020000000000000004,42.6,0.0,-0.026306812484413793
2196,219,6,14471589763540345304,False,False,True,False,False,True,False,False,7.4127084094187605,12.121212121212121,0.019999999999999997,40.6,0.0,-0.028170336782758158
2197,219,7,13893135336318318631,False,False,True,False,False,True,False,False,4.071264402528421,45.45454545454545,0.020000000000000004,41.2,0.0,0.021922376890005466
2198,219,8,3681598458334870754,False,False,True,False,False,True,False,False,4.35897095151673,58.58585858585859,0.019999999999999997,43.8,0.0,0.01759485923938981
2199,219,9,4063849844162505717,False,False,True,False,False,True,False,False,3.839597781152164,50.505050505050505,0.019999999999999997,40.6,0.0,-0.02968052777114735
2200,220,0,11747469907869911372,False,False,True,False,False,False,True,True,3.073783133764715,51.515151515151516,0.020000000000000004,56.6,0.0,-0.02153083233302047
2201,220,1,11234120955131491565,False,False,True,False,False,False,True,True,7.37809185884154,8.080808080808081,0.020000000000000004,52.8,0.0,0.05190972019199101
2202,220,2,13857547373432748929,False,False,True,False,False,False,True,True,4.144075943849389,35.35353535353536,0.020000000000000004,56.4,0.0,-0.010855041596731568
2203,220,3,8024044049523762310,False,False,True,False,False,False,True,True,6.844757081329591,10.1010101010101,0.020000000000000004,56.2,0.0,-0.02523109840261483
2204,220,4,10826928632452271584,False,False,True,False,False,False,True,True,5.032323675083211,28.282828282828284,0.020000000000000004,54.8,0.0,-0.007805616522254876
2205,220,5,12758077100714085050,False,False,True,False,False,False,True,True,4.285614797702879,28.282828282828284,0.020000000000000004,57.0,0.0,-0.025150846391176474
2206,220,6,4015665778325594434,False,False,True,False,False,False,True,True,6.8908031795945615,8.080808080808081,0.019999999999999997,55.4,0.0,0.0007318976642460652
2207,220,7,9691958933922012031,False,False,True,False,False,False,True,True,3.8972190611897615,45.45454545454545,0.020000000000000004,52.2,0.0,0.04057060544475449
2208,220,8,5441567522151941100,False,False,True,False,False,False,True,True,4.052493713664148,39.39393939393939,0.020000000000000004,55.0,0.0,-0.011854148146711554
2209,220,9,15551040535626199998,False,False,True,False,False,False,True,True,10.18913209380274,2.0202020202020203,0.02,56.2,0.0,-0.00913737971753088
2210,221,0,12261655275043336475,False,False,True,False,False,False,True,False,3.633819740501798,43.43434343434343,0.020000000000000004,54.2,0.0,-0.04254076766456777
2211,221,1,7116499258623604483,False,False,True,False,False,False,True,False,4.062455403552198,36.36363636363637,0.019999999999999997,57.6,0.0,-0.027128445307314248
2212,221,2,7896647121045933075,False,False,True,False,False,False,True,False,4.001182038345068,27.272727272727273,0.020000000000000004,57.4,0.0,0.04484715716871687
2213,221,3,17888895853528499675,False,False,True,False,False,False,True,False,7.865163464892468,6.0606060606060606,0.020000000000000004,54.6,0.0,0.0004006176052263302
2214,221,4,578382970760866553,False,False,True,False,False,False,True,False,3.97877037509262,46.464646464646464,0.020000000000000004,54.0,0.0,0.009493236947295215
2215,221,5,4607507486927198404,False,False,True,False,False,False,True,False,4.737597415438634,25.252525252525253,0.020000000000000004,54.6,0.0,0.012140999522898913
2216,221,6,12163871515977393052,False,False,True,False,False,False,True,False,3.3707815101547487,42.42424242424242,0.020000000000000004,55.4,0.0,0.010833251406525246
2217,221,7,18435990946756638778,False,False,True,False,False,False,True,False,6.571399131849249,6.0606060606060606,0.020000000000000004,52.4,0.0,0.033828326973588084
2218,221,8,3496404091608322689,False,False,True,False,False,False,True,False,3.626873790738136,32.323232323232325,0.019999999999999997,52.8,0.0,0.026353535395761817
2219,221,9,650643739512301022,False,False,True,False,False,False,True,False,4.957518385759835,20.2020202020202,0.020000000000000004,57.6,0.0,0.02774871287476184
2220,222,0,10377092954714255969,False,False,True,False,False,False,False,True,3.671755040188281,44.44444444444444,0.020000000000000004,57.4,0.0,0.02868277897295121
2221,222,1,12017437718569911613,False,False,True,False,False,False,False,True,3.0997637769033304,40.4040404040404,0.02,52.2,0.0,0.008333938813792628
2222,222,2,18256460817150817841,False,False,True,False,False,False,False,True,3.1903045430402726,44.44444444444444,0.020000000000000004,55.4,0.0,0.03763911779038366
2223,222,3,2189366977131974625,False,False,True,False,False,False,False,True,3.4265952230930092,52.525252525252526,0.020000000000000004,53.4,0.0,0.006867050558820148
2224,222,4,12667818026296643682,False,False,True,False,False,False,False,True,3.2286040863226266,42.42424242424242,0.02,53.4,0.0,-0.001621528099323275
2225,222,5,12409860775187116549,False,False,True,False,False,False,False,True,4.457487037724496,30.303030303030305,0.020000000000000004,57.0,0.0,-0.04411029779792742
2226,222,6,16268327567914604477,False,False,True,False,False,False,False,True,3.691431948816377,49.494949494949495,0.020000000000000004,54.6,0.0,-0.025463832162424566
2227,222,7,10739224674509401685,False,False,True,False,False,False,False,True,5.181503993111118,24.242424242424242,0.02,54.6,0.0,-0.004847987983944228
2228,222,8,3132407991430429549,False,False,True,False,False,False,False,True,2.9730757779711285,47.474747474747474,0.019999999999999997,53.8,0.0,0.014310901173778279
2229,222,9,14863037007913010377,False,False,True,False,False,False,False,True,5.428158877561956,20.2020202020202,0.019999999999999997,56.4,0.0,-0.01633682742209774
2230,223,0,10227146256640849853,False,False,True,False,False,False,False,False,3.655223424027335,44.44444444444444,0.02,56.6,0.0,-0.014245369059287477
2231,223,1,17332649951152601398,False,False,True,False,False,False,False,False,3.348177767083916,52.525252525252526,0.019999999999999997,59.6,0.0,0.02346585372793988
2232,223,2,17544768275544591833,False,False,True,False,False,False,False,False,3.3664163946386805,48.484848484848484,0.02,53.2,0.0,0.011066536672382268
2233,223,3,17182394107069209774,False,False,True,False,False,False,False,False,3.4485600521049666,49.494949494949495,0.020000000000000004,56.0,0.0,0.04427089856020518
2234,223,4,5787101523237642861,False,False,True,False,False,False,False,False,3.0209166629054227,47.474747474747474,0.02,58.4,0.0,0.005548254523171605
2235,223,5,379426973540445665,False,False,True,False,False,False,False,False,3.732343001442877,52.525252525252526,0.02,58.0,0.0,-0.010326937555283631
2236,223,6,13476617528705137473,False,False,True,False,False,False,False,False,4.872821914158489,28.282828282828284,0.019999999999999997,51.2,0.0,-0.012924730622034709
2237,223,7,17026164470000340157,False,False,True,False,False,False,False,False,3.622943402599828,41.41414141414141,0.020000000000000004,57.4,0.0,-0.04221606090202755
2238,223,8,254474708052389051,False,False,True,False,False,False,False,False,3.4097686416717217,48.484848484848484,0.02,55.0,0.0,-0.006608398653483896
2239,223,9,17771267996099643353,False,False,True,False,False,False,False,False,3.7512166988087654,43.43434343434343,0.02,53.8,0.0,-0.0034325829305903123
2240,224,0,17386302112886564152,False,False,False,True,True,True,True,True,93.76435205136367,0.0,0.023828519592540086,39.8,0.0,-0.0029923162511227295
2241,224,1,14435481332820817595,False,False,False,True,True,True,True,True,86.81061514107313,0.0,0.078310731279886,42.0,0.47619047619047616,0.005264718859647276
2242,224,2,12461327409829678297,False,False,False,True,True,True,True,True,84.25792624276937,1.0101010101010102,0.026618971962528243,43.4,0.4608294930875576,0.00228898664589958
2243,224,3,11139455636880546196,False,False,False,True,True,True,True,True,94.19297878170877,0.0,0.1592210814206568,44.8,0.0,0.018684502519619905
2244,224,4,11111857558374854967,False,False,False,True,True,True,True,True,94.05310146631324,0.0,0.12036636075268965,46.0,0.0,-0.024809666836113443
2245,224,5,10778417030709793030,False,False,False,True,True,True,True,True,93.56125322460457,0.0,0.042988893949592925,40.4,0.0,0.017381790748745178
2246,224,6,15204248891456472005,False,False,False,True,True,True,True,True,93.51167766162015,0.0,0.025350175641867364,41.2,0.0,-0.01351400465081191
2247,224,7,15200949209974100416,False,False,False,True,True,True,True,True,78.26918982704001,5.05050505050505,0.02,43.6,0.0,-0.011358536459591125
2248,224,8,5359534791946114383,False,False,False,True,True,True,True,True,91.26905939381922,0.0,0.047890750702210605,40.2,0.4975124378109453,-0.004767265546282454
2249,224,9,5792032626032917367,False,False,False,True,True,True,True,True,88.45034473512948,0.0,0.06461094925390246,46.0,0.0,-0.01582524386688085
2250,225,0,1901718080277852864,False,False,False,True,True,True,True,False,95.2368869750201,0.0,0.09656606025431656,41.2,0.0,-0.03660497362845464
2251,225,1,2948634868438752785,False,False,False,True,True,True,True,False,95.24203425559226,0.0,0.11766023461992128,38.0,0.0,0.024769210024098164
2252,225,2,13995449627193475228,False,False,False,True,True,True,True,False,94.33939382848159,1.0101010101010102,0.07374017509310123,39.4,0.0,-0.005005612261343818
2253,225,3,7511130886978255875,False,False,False,True,True,True,True,False,87.58184696837885,1.0101010101010102,0.023171742476549247,41.2,0.4854368932038835,-0.0028815653889557556
2254,225,4,10591635574852389761,False,False,False,True,True,True,True,False,93.05764095101377,0.0,0.0469251781757936,42.8,0.0,0.011342865362646152
2255,225,5,6108144258738479026,False,False,False,True,True,True,True,False,93.95528180262718,0.0,0.6035251784642957,63.0,0.31746031746031744,-0.010584464810680387
2256,225,6,7324132428649577468,False,False,False,True,True,True,True,False,89.58874989529339,2.0202020202020203,0.07778184123585613,43.0,0.46511627906976744,-0.061807133067361186
2257,225,7,800490950008009345,False,False,False,True,True,True,True,False,86.41936786223276,3.0303030303030303,0.020000000000000004,40.6,0.0,0.015475458978897516
2258,225,8,307524837712023907,False,False,False,True,True,True,True,False,94.85556006041055,0.0,0.02166606678164992,42.4,0.0,-0.011079530469182503
2259,225,9,13316622164970698235,False,False,False,True,True,True,True,False,90.62615683085285,1.0101010101010102,0.3191972685894036,43.4,0.9216589861751152,-0.003824466749649067
2260,226,0,4600363832699379415,False,False,False,True,True,True,False,True,93.96172808442387,1.0101010101010102,0.0719139988448588,46.6,0.0,0.052135906730345384
2261,226,1,15667486501560492501,False,False,False,True,True,True,False,True,78.32043322015785,4.040404040404041,0.0652732426528791,40.2,0.4975124378109453,-0.021971111422090735
2262,226,2,12692283264612353337,False,False,False,True,True,True,False,True,81.8379043327211,1.0101010101010102,0.10963969507778795,40.6,0.49261083743842365,-0.011889618327998725
2263,226,3,8405050092980964072,False,False,False,True,True,True,False,True,94.82374228889135,0.0,0.024028176368979273,46.4,0.0,-0.00248808491299775
2264,226,4,6364530028124900185,False,False,False,True,True,True,False,True,93.29452149650831,0.0,0.021554037666740987,44.4,0.0,-0.007784169899628707
2265,226,5,6948038301861593035,False,False,False,True,True,True,False,True,85.24960410934145,0.0,0.14291858684624414,44.6,0.0,-0.0460188412389218
2266,226,6,12445425004832178894,False,False,False,True,True,True,False,True,91.8675663774981,0.0,0.04546483254730799,40.8,0.49019607843137253,-0.009488966811549886
2267,226,7,2654811554868501038,False,False,False,True,True,True,False,True,96.82564563769101,0.0,0.11869618595996048,46.2,0.0,-0.022291525857461608
2268,226,8,8484071741984440961,False,False,False,True,True,True,False,True,87.2353167202606,0.0,0.02080220895939205,40.0,0.0,-0.0024965013924303516
2269,226,9,2734207951941436014,False,False,False,True,True,True,False,True,89.9117657726586,0.0,0.02724469972366352,43.6,0.0,-0.017079496142440212
2270,227,0,16348758263240324334,False,False,False,True,True,True,False,False,78.51887000822194,4.040404040404041,0.020000000000000004,41.6,0.0,0.019480336950063026
2271,227,1,1223082592596651612,False,False,False,True,True,True,False,False,88.3733996679963,0.0,0.021680273302021474,44.0,0.0,0.013092764442450389
2272,227,2,10168319531444137787,False,False,False,True,True,True,False,False,93.10014344504188,0.0,0.18497652705585652,50.4,0.0,-0.02532830308943967
2273,227,3,9892621456981768657,False,False,False,True,True,True,False,False,88.69682429311985,1.0101010101010102,0.22973746486156846,54.6,0.0,-0.06052777561777221
2274,227,4,17893860008537756361,False,False,False,True,True,True,False,False,68.57419342583667,4.040404040404041,0.3793915298059172,65.6,0.0,-0.014700162083253825
2275,227,5,9055497936993150820,False,False,False,True,True,True,False,False,92.4918850763037,0.0,0.49929302374952733,63.2,0.0,-0.05421925067036038
2276,227,6,12086475291609026110,False,False,False,True,True,True,False,False,94.98524976822209,0.0,0.020000000000000018,44.4,0.45045045045045046,0.03191325248872641
2277,227,7,14490251807230028997,False,False,False,True,True,True,False,False,86.21158343095247,2.0202020202020203,0.02,42.8,0.0,-0.0025617994012829995
2278,227,8,8958378929245326951,False,False,False,True,True,True,False,False,95.0785746668793,0.0,0.16996932338976303,47.8,0.41841004184100417,-0.011604577167076288
2279,227,9,15255531570003423097,False,False,False,True,True,True,False,False,90.5577537252204,0.0,0.07437699422182605,41.8,0.0,0.010661638331593106
2280,228,0,120229387174379245,False,False,False,True,True,False,True,True,81.34577980250853,2.0202020202020203,0.02,57.6,0.0,-0.001831539116595247
2281,228,1,11920001399229531927,False,False,False,True,True,False,True,True,87.3413070144424,0.0,0.14974207271480838,58.6,0.0,0.02351463861584367
2282,228,2,17700551038501417540,False,False,False,True,True,False,True,True,85.8074548489357,1.0101010101010102,0.06351443742223913,51.2,0.0,-0.02341324748755504
2283,228,3,18189494014444489049,False,False,False,True,True,False,True,True,89.5785414259359,0.0,0.020213052754013524,53.6,0.0,0.022690284929570297
2284,228,4,6481051912907475234,False,False,False,True,True,False,True,True,91.56399282766124,1.0101010101010102,0.14384559490410814,47.8,0.41841004184100417,-0.02395032259812939
2285,228,5,578475187032929270,False,False,False,True,True,False,True,True,88.53453450664186,0.0,0.03683791823247906,55.4,0.0,-0.03588348469297095
2286,228,6,2436755193494003723,False,False,False,True,True,False,True,True,90.71131995469986,2.0202020202020203,0.06437396271902822,54.4,0.0,-0.03039574338534349
2287,228,7,1922435774103805545,False,False,False,True,True,False,True,True,88.93695862523728,0.0,0.04986961324538283,58.4,0.3424657534246575,0.023019669601125295
2288,228,8,13055104622775425380,False,False,False,True,True,False,True,True,93.79359040862796,0.0,0.08649753067588561,54.6,0.0,-0.028863911188847083
2289,228,9,9033837904324652941,False,False,False,True,True,False,True,True,86.25285653183913,3.0303030303030303,0.02,54.2,0.0,0.006589116860902987
2290,229,0,14251883846687826500,False,False,False,True,True,False,True,False,94.76089343462932,0.0,0.07680559497367022,53.0,0.0,0.02822712478783802
2291,229,1,17779885188878654850,False,False,False,True,True,False,True,False,76.92606298799484,1.0101010101010102,0.1251393979021581,52.4,0.0,0.021148871570472766
2292,229,2,8619969735044450239,False,False,False,True,True,False,True,False,93.1291824222469,0.0,0.06541388756882033,58.0,0.0,0.0012086229217276557
2293,229,3,15921965227141416479,False,False,False,True,True,False,True,False,95.79338326690886,0.0,0.023416200798914433,56.0,0.0,0.006278600173359692
2294,229,4,2060685780887619667,False,False,False,True,True,False,True,False,87.39314344274682,0.0,0.6564618079867747,68.6,0.0,-0.02763136779304822
2295,229,5,12129952182082775396,False,False,False,True,True,False,True,False,92.01169238921497,1.0101010101010102,0.03520210711681514,56.2,0.35587188612099646,0.01833846559020737
2296,229,6,1572730793848509935,False,False,False,True,True,False,True,False,95.28519794153739,0.0,0.019999999999999997,59.0,0.0,0.02582708509175347
2297,229,7,3522258388715176089,False,False,False,True,True,False,True,False,90.32304839835297,1.0101010101010102,0.019999999999999997,55.6,0.0,-0.0019522133405819866
2298,229,8,11443089501511166863,False,False,False,True,True,False,True,False,90.12131925819152,2.0202020202020203,0.108243637432104,56.4,0.0,-0.0378463325206436
2299,229,9,7025328631835923161,False,False,False,True,True,False,True,False,93.36948326531657,0.0,0.07979260024539958,54.0,0.0,0.014259538720392307
2300,230,0,16058357472240538468,False,False,False,True,True,False,False,True,89.20960419271938,1.0101010101010102,0.21369058403635147,58.0,0.0,-0.023640285240358928
2301,230,1,6151841981984727733,False,False,False,True,True,False,False,True,94.5149622195072,0.0,0.14766034990824678,53.8,0.0,-0.015214794293506296
2302,230,2,11098400992146405766,False,False,False,True,True,False,False,True,85.61980089889883,2.0202020202020203,0.1560267947415372,57.0,0.3508771929824561,-0.009047321854531436
2303,230,3,18093499672225057787,False,False,False,True,True,False,False,True,86.22103586752434,0.0,0.021364751875520695,58.6,0.0,0.003857603802452582
2304,230,4,1630233332668121157,False,False,False,True,True,False,False,True,88.38150878418354,1.0101010101010102,0.12027081454307031,50.8,0.0,-0.04985283701355906
2305,230,5,12257406793342790868,False,False,False,True,True,False,False,True,89.06254231384769,2.0202020202020203,0.19071505406394382,54.8,0.0,-0.04504789783455536
2306,230,6,9679815281621284625,False,False,False,True,True,False,False,True,92.75241678738843,1.0101010101010102,0.20570093085507668,53.0,0.37735849056603776,0.038402770784486194
2307,230,7,3142959393992586455,False,False,False,True,True,False,False,True,95.1926722922625,0.0,0.1916359099066879,55.4,0.36101083032490977,-0.010276893729532506
2308,230,8,3804027715952468149,False,False,False,True,True,False,False,True,90.63562159332136,1.0101010101010102,0.07920683501993908,53.2,0.0,0.010317460072285855
2309,230,9,1642379699954555092,False,False,False,True,True,False,False,True,87.94858929939959,0.0,0.3972654175095815,66.4,0.6024096385542169,0.00455808184612295
2310,231,0,9369415134480280052,False,False,False,True,True,False,False,False,90.7782520931334,1.0101010101010102,0.020000000000000004,50.6,0.0,-0.011761534573316485
2311,231,1,17213280833994297162,False,False,False,True,True,False,False,False,88.84878830196348,0.0,0.1110367171349939,53.8,0.0,-0.019787232063535817
2312,231,2,4601336254470306721,False,False,False,True,True,False,False,False,91.86359796564182,0.0,0.12407439331926746,53.4,0.37453183520599254,0.02578223129255094
2313,231,3,9571529081604233125,False,False,False,True,True,False,False,False,89.30142003275186,1.0101010101010102,0.22014262566687037,55.4,0.36101083032490977,-0.030381629135085103
2314,231,4,3317971116844753040,False,False,False,True,True,False,False,False,92.32530941127267,0.0,0.5201062645961673,64.6,0.0,-0.014929581364195268
2315,231,5,787547243697862089,False,False,False,True,True,False,False,False,92.7115612173732,1.0101010101010102,0.4030094476948003,67.8,0.2949852507374631,0.004036715142623976
2316,231,6,13834413783873862171,False,False,False,True,True,False,False,False,94.55616521947724,0.0,0.01999999999999999,57.0,0.3508771929824561,0.015621368063129113
2317,231,7,4727397748726204159,False,False,False,True,True,False,False,False,90.41120151714098,1.0101010101010102,0.07254969137111421,55.8,0.35842293906810035,-0.03256113608163454
2318,231,8,4491398288410975286,False,False,False,True,True,False,False,False,94.62256501265114,0.0,0.020000000000000018,55.6,0.0,-0.01986441046744951
2319,231,9,5538990662896933369,False,False,False,True,True,False,False,False,94.9093498702571,0.0,0.02072015562609641,53.2,0.0,-0.01602157463720548
2320,232,0,2866264368386291614,False,False,False,True,False,True,True,True,80.83121014790211,0.0,0.02227680974809213,43.2,0.0,-0.014330964913521102
2321,232,1,1208818861278709530,False,False,False,True,False,True,True,True,88.24927096040543,0.0,0.2863749283690854,39.0,0.5128205128205128,0.03833492421301266
2322,232,2,3801300314036875524,False,False,False,True,False,True,True,True,93.21678419481486,0.0,0.13094182373491597,43.2,0.0,-0.007145836029257555
2323,232,3,962458887683562014,False,False,False,True,False,True,True,True,89.55227339573592,0.0,0.11303653703016588,44.6,0.0,-0.01596221360043678
2324,232,4,937927630681391640,False,False,False,True,False,True,True,True,94.49206448866855,0.0,0.1046288887038439,42.6,0.0,0.005937189708358711
2325,232,5,10983420992741114268,False,False,False,True,False,True,True,True,92.56989907876877,0.0,0.020493789478990464,39.6,0.0,-0.024384900058490096
2326,232,6,8413211577135877070,False,False,False,True,False,True,True,True,92.20276383095981,0.0,0.18709519386846457,49.2,0.0,0.030157158958665047
2327,232,7,893590909854917170,False,False,False,True,False,True,True,True,92.1416777303861,1.0101010101010102,0.08886635521000713,41.2,0.0,-0.02232844252477394
2328,232,8,14824590578374910717,False,False,False,True,False,True,True,True,91.03409014161926,1.0101010101010102,0.11289074662145501,43.2,0.0,0.009368641065897014
2329,232,9,11249964161961582670,False,False,False,True,False,True,True,True,75.96151978134303,5.05050505050505,0.16165485722858436,55.4,0.0,0.04228328052744135
2330,233,0,13142658816345492532,False,False,False,True,False,True,True,False,93.72595892706117,1.0101010101010102,0.2312387682234251,53.8,0.0,-0.03506255305271257
2331,233,1,14574927346036851798,False,False,False,True,False,True,True,False,94.86128501634812,0.0,0.20365821422850333,53.0,0.0,-0.012177993145895911
2332,233,2,8382492707115462451,False,False,False,True,False,True,True,False,93.31238139191696,0.0,0.031224642627472293,40.6,0.0,0.017790329974576913
2333,233,3,9990320376253735595,False,False,False,True,False,True,True,False,92.51568777749053,0.0,0.019999999999999997,42.8,0.0,-0.017524713366370976
2334,233,4,5291484076924266377,False,False,False,True,False,True,True,False,75.0915270592918,2.0202020202020203,0.021728332666069796,42.2,0.0,-0.004725660685083952
2335,233,5,5426740998768991593,False,False,False,True,False,True,True,False,94.98221178594471,0.0,0.12323269882769278,44.4,0.0,-0.01518542332564926
2336,233,6,18377417436177977336,False,False,False,True,False,True,True,False,95.56678215104364,0.0,0.5682440495840693,56.6,0.0,-0.010065289019679504
2337,233,7,834474696851211260,False,False,False,True,False,True,True,False,78.99277309397426,4.040404040404041,0.19625285023822922,52.4,0.0,-0.017739256334432067
2338,233,8,17710220117440050564,False,False,False,True,False,True,True,False,94.27931233285571,0.0,0.1347862919718738,54.4,0.36764705882352944,0.013422617814815676
2339,233,9,10676025819047956926,False,False,False,True,False,True,True,False,82.49356628025227,0.0,0.10560763002434828,44.8,0.0,-0.013475061080141305
2340,234,0,9090393100702740831,False,False,False,True,False,True,False,True,88.48767826304174,0.0,0.031161582519281847,45.2,0.0,-0.011896530361345739
2341,234,1,15544246154090905145,False,False,False,True,False,True,False,True,94.33802454843958,0.0,0.02140983900701728,39.8,0.0,-0.020869758877956876
2342,234,2,4617401475892444822,False,False,False,True,False,True,False,True,85.50003129077632,3.0303030303030303,0.04987332659095604,42.2,0.0,-0.0018740022769752592
2343,234,3,8382905493851104075,False,False,False,True,False,True,False,True,94.40337579867187,0.0,0.4075345783411344,55.2,0.0,-0.03092822858405102
2344,234,4,13204952551267006195,False,False,False,True,False,True,False,True,80.82570999350685,3.0303030303030303,0.02,42.8,0.0,0.0052842756698142515
2345,234,5,14181203653478009483,False,False,False,True,False,True,False,True,84.60517361252907,6.0606060606060606,0.020000000000000004,44.0,0.0,0.05168417247953167
2346,234,6,11251389211884051719,False,False,False,True,False,True,False,True,93.16058376738953,1.0101010101010102,0.021906137522223548,42.0,0.0,-0.013984635696638286
2347,234,7,15013036288230423947,False,False,False,True,False,True,False,True,86.43777528201477,2.0202020202020203,0.020000000000000004,42.0,0.0,-0.00731134549299551
2348,234,8,18362920131736894926,False,False,False,True,False,True,False,True,95.6775800734017,0.0,0.033554749494375154,40.8,0.9803921568627451,-0.006155747497872908
2349,234,9,1909497248317119136,False,False,False,True,False,True,False,True,95.32093688422805,0.0,0.03968780219318352,43.0,0.46511627906976744,0.02093607468190249
2350,235,0,7300364594416120151,False,False,False,True,False,True,False,False,91.89558543001215,0.0,0.046987172956673234,46.4,0.43103448275862066,0.011444430625307834
2351,235,1,13443159364045361853,False,False,False,True,False,True,False,False,77.38625588575235,6.0606060606060606,0.06152390662913393,44.8,0.0,0.0340541106293831
2352,235,2,15149718401988948072,False,False,False,True,False,True,False,False,89.15401979540911,2.0202020202020203,0.020000000000000004,46.2,0.0,0.024338532792062727
2353,235,3,2049372314006025433,False,False,False,True,False,True,False,False,91.79410829062435,0.0,0.07366243573185959,40.4,0.0,0.012878956918387292
2354,235,4,6199222428532257601,False,False,False,True,False,True,False,False,86.16062616155762,0.0,0.08037533322176638,47.0,0.425531914893617,-0.00461264205853246
2355,235,5,1705420425316729485,False,False,False,True,False,True,False,False,95.13401011829035,0.0,0.05341201147834909,41.0,0.0,-0.039553420837429
2356,235,6,12785345064478755377,False,False,False,True,False,True,False,False,94.59790497290278,0.0,0.02327469843922788,45.0,0.0,-0.017080772392365214
2357,235,7,1907068112563531617,False,False,False,True,False,True,False,False,92.40699638830085,0.0,0.020000000000000018,43.4,0.0,0.015406858845850363
2358,235,8,3237986144438279265,False,False,False,True,False,True,False,False,95.23159847610945,0.0,0.04454676480797359,42.8,0.0,0.032875620164338204
2359,235,9,3966806297354246876,False,False,False,True,False,True,False,False,86.95152990761058,0.0,0.1274417189686788,44.2,0.45248868778280543,-0.007555331063417622
2360,236,0,17255710167285278216,False,False,False,True,False,False,True,True,82.76165688154234,4.040404040404041,0.020000000000000004,57.0,0.0,0.0005659101540863007
2361,236,1,7626537911473265076,False,False,False,True,False,False,True,True,87.15034588007394,0.0,0.02374389351760066,53.0,0.0,0.015190029765053929
2362,236,2,1322271000310068147,False,False,False,True,False,False,True,True,94.33211140427069,0.0,0.021544001670688446,56.6,0.0,-0.002144267040245178
2363,236,3,8817975001104146613,False,False,False,True,False,False,True,True,94.2084560672503,0.0,0.21683136491544536,55.2,0.36231884057971014,0.036467175981744225
2364,236,4,4071758241274646628,False,False,False,True,False,False,True,True,75.46740214697708,4.040404040404041,0.020000000000000004,53.4,0.0,-0.014941444448329639
2365,236,5,4135369712989353225,False,False,False,True,False,False,True,True,87.91532886535164,1.0101010101010102,0.02,56.6,0.0,0.017117707316357148
2366,236,6,11994809007334166255,False,False,False,True,False,False,True,True,94.19552376307179,0.0,0.05126504369619741,53.6,0.0,-0.006417692557403987
2367,236,7,5799434030207773570,False,False,False,True,False,False,True,True,94.20428274419554,0.0,0.10430084515576624,58.6,0.0,0.0055185044419812585
2368,236,8,6369610810165382414,False,False,False,True,False,False,True,True,85.0343433370574,2.0202020202020203,0.15330860768493182,53.2,0.7518796992481203,0.01336854258015811
2369,236,9,2655919377209446559,False,False,False,True,False,False,True,True,88.94809386244138,2.0202020202020203,0.11366597365226695,53.0,0.0,0.02347846976623446
2370,237,0,10949773360815725616,False,False,False,True,False,False,True,False,92.07774566653336,1.0101010101010102,0.07791203968734237,54.0,0.0,0.017177832438871228
2371,237,1,3869590556861354259,False,False,False,True,False,False,True,False,89.50864287098368,0.0,0.13852206910029624,54.6,0.0,0.021204551261970232
2372,237,2,12766283740874949218,False,False,False,True,False,False,True,False,80.83739916036788,2.0202020202020203,0.05409295242789809,56.8,0.352112676056338,0.030751462252134744
2373,237,3,713202175376652013,False,False,False,True,False,False,True,False,93.7340355975088,0.0,0.21928255249574988,53.8,0.0,0.00808023107862428
2374,237,4,758685328573126946,False,False,False,True,False,False,True,False,93.06790644425332,0.0,0.023526504782925676,54.2,0.0,0.0017132925449752819
2375,237,5,14307593500919616360,False,False,False,True,False,False,True,False,95.57676223256703,0.0,0.6627685870213892,56.8,0.0,-0.021837233121388827
2376,237,6,9951190241851479263,False,False,False,True,False,False,True,False,89.91299053446026,0.0,0.023847563908230902,57.6,0.0,0.0036757643732288382
2377,237,7,17827550895305630727,False,False,False,True,False,False,True,False,94.62430176317022,0.0,0.02428022691546792,55.4,0.0,0.011932693699914523
2378,237,8,3417754209858001289,False,False,False,True,False,False,True,False,86.32004104674148,1.0101010101010102,0.020000000000000004,54.8,0.0,-0.031570097641025675
2379,237,9,11999918433422269322,False,False,False,True,False,False,True,False,88.95242674052439,0.0,0.3148180004576414,55.2,0.0,0.00030411387941713396
2380,238,0,16386605660253236100,False,False,False,True,False,False,False,True,89.5581997225559,1.0101010101010102,0.2484278743901956,45.0,0.0,0.01317661903599595
2381,238,1,17725482993504424643,False,False,False,True,False,False,False,True,93.54412534688291,0.0,0.17985838138102284,58.0,0.0,0.04663978265508187
2382,238,2,8077454465788693270,False,False,False,True,False,False,False,True,93.9310937249174,0.0,0.024856356473828722,53.0,0.0,-0.05101209561707696
2383,238,3,9047392227478502298,False,False,False,True,False,False,False,True,91.86781566819963,0.0,0.0409374490951991,55.2,0.36231884057971014,0.01999195816056124
2384,238,4,5322811449852453993,False,False,False,True,False,False,False,True,93.5552182974642,0.0,0.029400399925210204,53.2,0.37593984962406013,-0.008624798239555649
2385,238,5,7759883534760652776,False,False,False,True,False,False,False,True,92.13222164807708,1.0101010101010102,0.03652638994920746,53.8,0.0,0.027660409195190156
2386,238,6,16450903262094985383,False,False,False,True,False,False,False,True,90.94552202447356,1.0101010101010102,0.10708279486193081,56.6,0.0,0.013846455738573703
2387,238,7,5979492328840638933,False,False,False,True,False,False,False,True,93.04682186521553,0.0,0.13420068481735675,58.0,0.0,0.0009772601658786478
2388,238,8,15789477627759200601,False,False,False,True,False,False,False,True,95.19245120966173,0.0,0.06421730448441088,55.0,0.0,-0.030455585650161574
2389,238,9,11281223876504238963,False,False,False,True,False,False,False,True,91.17448088207725,2.0202020202020203,0.25508962454534556,53.6,0.0,0.015093542860690331
2390,239,0,1888729650196112152,False,False,False,True,False,False,False,False,93.65931484603536,0.0,0.025627881229124315,55.2,0.0,-0.014030010080689718
2391,239,1,12739626684031009861,False,False,False,True,False,False,False,False,80.09428846270333,3.0303030303030303,0.22128044507999153,59.2,0.0,0.03224532489770051
2392,239,2,11065908281903317055,False,False,False,True,False,False,False,False,77.81849777335518,3.0303030303030303,0.043451352436303714,55.0,0.0,0.012552990245367858
2393,239,3,3522549907194108709,False,False,False,True,False,False,False,False,94.47907782205986,0.0,0.022130960770501997,58.4,0.0,-0.0006884337188772608
2394,239,4,1704986038689767065,False,False,False,True,False,False,False,False,94.56956434212765,0.0,0.04582911267972889,53.4,0.0,0.022761055406627137
2395,239,5,11468535358562321550,False,False,False,True,False,False,False,False,91.99352509476347,0.0,0.12393937924369602,52.6,0.0,-0.012559870301204186
2396,239,6,10034211931162229389,False,False,False,True,False,False,False,False,90.26447759953447,0.0,0.027438442779318062,55.2,0.0,-0.024442300766846534
2397,239,7,16930774465020524947,False,False,False,True,False,False,False,False,94.59361712635426,0.0,0.13455657603288698,56.4,0.0,0.001124959869160528
2398,239,8,1942844499678101227,False,False,False,True,False,False,False,False,95.51593404562385,0.0,0.09858544535835839,54.0,0.37037037037037035,0.0025237693541899013
2399,239,9,3073181466011987918,False,False,False,True,False,False,False,False,91.1434641304215,0.0,0.22763204919825986,55.2,0.36231884057971014,-0.0662395292466385
2400,240,0,15439751508964159751,False,False,False,False,True,True,True,True,5.059709619774423,48.484848484848484,0.020000000000000004,43.8,47.945205479452056,0.03655298073965588
2401,240,1,4036436885533318034,False,False,False,False,True,True,True,True,4.406063946645372,52.525252525252526,0.020000000000000004,47.4,50.21097046413502,-0.019214636185879107
2402,240,2,7255075648231587917,False,False,False,False,True,True,True,True,5.057478143521015,51.515151515151516,0.02,39.8,42.71356783919598,-0.004135148415438526
2403,240,3,9402518039166994162,False,False,False,False,True,True,True,True,5.074163029514791,52.525252525252526,0.02,44.6,49.327354260089685,0.0017147282574878086
2404,240,4,6572413563015840387,False,False,False,False,True,True,True,True,5.137349607300317,47.474747474747474,0.019999999999999997,43.4,51.1520737327189,0.06192473138021828
2405,240,5,11004382834650547150,False,False,False,False,True,True,True,True,5.879494056462413,49.494949494949495,0.02,40.2,51.74129353233831,0.00802666145671833
2406,240,6,15141464141993120679,False,False,False,False,True,True,True,True,5.531113136082313,52.525252525252526,0.02,43.0,52.55813953488372,-0.015074609320493326
2407,240,7,3750280462971307984,False,False,False,False,True,True,True,True,5.5711544734864855,44.44444444444444,0.02,42.2,53.55450236966825,-0.017228330886983473
2408,240,8,15744672261759496657,False,False,False,False,True,True,True,True,5.574386680585054,51.515151515151516,0.019999999999999997,39.8,51.75879396984924,-0.02513904139269959
2409,240,9,10527638169517439187,False,False,False,False,True,True,True,True,5.652970845607802,52.525252525252526,0.020000000000000004,44.4,50.0,-0.03633732777993666
2410,241,0,9018496334921304940,False,False,False,False,True,True,True,False,4.972659201300282,45.45454545454545,0.020000000000000004,44.2,50.678733031674206,-0.02622391787517428
2411,241,1,5277679595473530108,False,False,False,False,True,True,True,False,5.410818179707719,49.494949494949495,0.02,43.0,53.95348837209303,0.005405756813790567
2412,241,2,17776474342482123567,False,False,False,False,True,True,True,False,5.621517975473938,45.45454545454545,0.020000000000000004,40.8,45.588235294117645,0.040737790407579785
2413,241,3,3628588239798353391,False,False,False,False,True,True,True,False,5.270484049612046,55.55555555555556,0.019999999999999997,45.8,54.148471615720524,-0.01191005646226242
2414,241,4,9307668246925654783,False,False,False,False,True,True,True,False,5.219509779586766,48.484848484848484,0.020000000000000004,41.2,52.42718446601942,-0.01737368081948825
2415,241,5,13261097640294424850,False,False,False,False,True,True,True,False,5.309445658093009,46.464646464646464,0.02,43.8,42.465753424657535,0.007715656332532538
2416,241,6,695646254616281043,False,False,False,False,True,True,True,False,5.04860658672476,48.484848484848484,0.02,44.8,49.107142857142854,0.015206830327633458
2417,241,7,8068142653058720670,False,False,False,False,True,True,True,False,5.48627589690187,46.464646464646464,0.020000000000000004,42.0,48.57142857142857,0.024146007285835415
2418,241,8,11522757230931695708,False,False,False,False,True,True,True,False,5.876423438763596,44.44444444444444,0.020000000000000004,40.0,46.5,0.03315960808779196
2419,241,9,1545784481077544244,False,False,False,False,True,True,True,False,5.101931959279605,39.39393939393939,0.020000000000000004,39.8,51.256281407035175,-0.016098006060560357
2420,242,0,10222158889098677976,False,False,False,False,True,True,False,True,5.09823208237782,50.505050505050505,0.020000000000000004,43.4,49.30875576036866,-0.023525001228294477
2421,242,1,5950810488603019339,False,False,False,False,True,True,False,True,5.177611144117034,47.474747474747474,0.019999999999999997,44.0,47.72727272727273,-0.01364977053587003
2422,242,2,7766021781368641179,False,False,False,False,True,True,False,True,5.329402895665229,49.494949494949495,0.020000000000000004,42.2,53.08056872037915,-0.011410613065707967
2423,242,3,169405447983290439,False,False,False,False,True,True,False,True,4.632118277583177,59.5959595959596,0.020000000000000004,45.0,46.22222222222222,0.038829031012318084
2424,242,4,2378712839191749235,False,False,False,False,True,True,False,True,5.304413770690449,50.505050505050505,0.020000000000000004,42.6,50.70422535211268,-0.0265197779181971
2425,242,5,2240762717702972573,False,False,False,False,True,True,False,True,4.418633116760171,48.484848484848484,0.02,47.4,51.47679324894515,0.00696338493254518
2426,242,6,13547970112406532041,False,False,False,False,True,True,False,True,5.260904867368768,55.55555555555556,0.02,44.0,54.09090909090909,0.005169824169592745
2427,242,7,2262985462198510491,False,False,False,False,True,True,False,True,5.283375602341559,38.38383838383838,0.020000000000000004,41.6,48.07692307692308,0.02928320973553862
2428,242,8,17286766921844083124,False,False,False,False,True,True,False,True,5.621790346692952,45.45454545454545,0.020000000000000004,40.8,47.549019607843135,0.04086897690850509
2429,242,9,8198850119959583641,False,False,False,False,True,True,False,True,5.131601472684757,40.4040404040404,0.020000000000000004,46.8,48.717948717948715,-0.01726485120483733
2430,243,0,16204782657187781337,False,False,False,False,True,True,False,False,5.201933710026185,56.56565656565657,0.020000000000000004,48.2,52.697095435684645,0.014859551097871834
2431,243,1,12082626816535219042,False,False,False,False,True,True,False,False,4.968865667962389,51.515151515151516,0.02,39.4,45.68527918781726,-0.006737365833200534
2432,243,2,5519170588984027368,False,False,False,False,True,True,False,False,4.975255737589348,54.54545454545455,0.02,46.4,46.55172413793103,0.006775874422596457
2433,243,3,11948454593465850052,False,False,False,False,True,True,False,False,5.372867746241333,50.505050505050505,0.019999999999999997,43.4,49.76958525345622,-0.016642052580916954
2434,243,4,3814322846963431578,False,False,False,False,True,True,False,False,5.0198576011604485,54.54545454545455,0.02,45.0,49.333333333333336,0.0053681073010594825
2435,243,5,1246013552381702271,False,False,False,False,True,True,False,False,4.80868926822912,48.484848484848484,0.02,43.2,51.851851851851855,-0.002114488207664845
2436,243,6,4723569787996328841,False,False,False,False,True,True,False,False,4.947469582094225,42.42424242424242,0.020000000000000004,42.0,46.19047619047619,-0.017994575724358492
2437,243,7,2016141804798707723,False,False,False,False,True,True,False,False,5.869783234273327,51.515151515151516,0.02,45.8,50.21834061135371,0.0030417135500292237
2438,243,8,6826119170318392421,False,False,False,False,True,True,False,False,5.778556462341928,48.484848484848484,0.02,43.4,53.91705069124424,0.005273472426287981
2439,243,9,11642456467727682011,False,False,False,False,True,True,False,False,6.2312969099267015,42.42424242424242,0.019999999999999997,43.8,47.03196347031963,0.02713628254447828
2440,244,0,13459683700678148487,False,False,False,False,True,False,True,True,4.664519357217371,36.36363636363637,0.019999999999999997,54.6,49.81684981684982,0.02327431057526466
2441,244,1,3285935791191086253,False,False,False,False,True,False,True,True,5.112424728240971,47.474747474747474,0.019999999999999997,53.8,53.90334572490706,-0.013218516170173075
2442,244,2,16748451625778508942,False,False,False,False,True,False,True,True,4.877315677822023,47.474747474747474,0.020000000000000004,53.4,46.06741573033708,0.03272543164155461
2443,244,3,9606400889422276901,False,False,False,False,True,False,True,True,4.880649264877086,46.464646464646464,0.020000000000000004,57.4,45.29616724738676,-0.033471680139445736
2444,244,4,13003542828093130568,False,False,False,False,True,False,True,True,4.798658043001206,41.41414141414141,0.020000000000000004,53.2,52.255639097744364,-0.04484324686078617
2445,244,5,1254102343561073892,False,False,False,False,True,False,True,True,4.204679680944932,51.515151515151516,0.02,58.2,54.982817869415804,0.01639916357193816
2446,244,6,5185913065815166237,False,False,False,False,True,False,True,True,4.5064032270518615,46.464646464646464,0.020000000000000004,51.0,51.76470588235294,-0.04182079919367193
2447,244,7,3320747118538279838,False,False,False,False,True,False,True,True,4.562559936517698,54.54545454545455,0.019999999999999997,50.6,54.1501976284585,-0.029861869115781352
2448,244,8,5902775607290615307,False,False,False,False,True,False,True,True,4.321865885815781,46.464646464646464,0.02,55.4,48.375451263537904,-0.014178355965093176
2449,244,9,10644915531255191939,False,False,False,False,True,False,True,True,5.202433350551043,40.4040404040404,0.02,55.6,51.798561151079134,0.009437500408401366
2450,245,0,6480247966582828600,False,False,False,False,True,False,True,False,5.385392812852274,58.58585858585859,0.020000000000000004,56.6,48.0565371024735,0.03777117795272631
2451,245,1,11093431609814658000,False,False,False,False,True,False,True,False,4.5590877755884325,49.494949494949495,0.02,56.0,56.07142857142857,-0.008024357136110893
2452,245,2,14541899353153792530,False,False,False,False,True,False,True,False,4.534765785235914,50.505050505050505,0.02,52.8,49.24242424242424,-0.0007361643464665162
2453,245,3,11412229222909528913,False,False,False,False,True,False,True,False,4.595928215268876,50.505050505050505,0.02,54.4,50.36764705882353,-0.0057235508863807604
2454,245,4,1036139376848990855,False,False,False,False,True,False,True,False,4.919006120695634,52.525252525252526,0.020000000000000004,56.0,47.142857142857146,0.031645827597824895
2455,245,5,15457091714944235202,False,False,False,False,True,False,True,False,5.468054803331752,49.494949494949495,0.020000000000000004,52.2,50.191570881226056,-0.01251892065577276
2456,245,6,11926977241440059901,False,False,False,False,True,False,True,False,4.747985080455723,42.42424242424242,0.02,57.0,50.87719298245614,-0.002061313901556379
2457,245,7,6559595476098354388,False,False,False,False,True,False,True,False,5.169414461225227,54.54545454545455,0.019999999999999997,56.8,50.0,-0.025721997941033373
2458,245,8,11951969329863184866,False,False,False,False,True,False,True,False,4.57361299938164,50.505050505050505,0.02,53.4,52.43445692883895,-0.009944395639756184
2459,245,9,14901302778134828488,False,False,False,False,True,False,True,False,5.160558678462402,50.505050505050505,0.02,51.8,48.262548262548265,0.009276561106580405
2460,246,0,10618988954446884643,False,False,False,False,True,False,False,True,4.421899543130038,50.505050505050505,0.020000000000000004,55.2,53.26086956521739,-0.0322972354402185
2461,246,1,15354940177922302368,False,False,False,False,True,False,False,True,4.911630001667273,51.515151515151516,0.020000000000000004,56.6,49.46996466431096,0.021110919420308124
2462,246,2,14429643556572702713,False,False,False,False,True,False,False,True,4.252958223756568,56.56565656565657,0.020000000000000004,56.8,50.0,0.047761227384050274
2463,246,3,4939822053882404724,False,False,False,False,True,False,False,True,5.229227708193354,47.474747474747474,0.02,55.4,49.09747292418773,0.008091637494452315
2464,246,4,631985301720669709,False,False,False,False,True,False,False,True,4.233765075715119,48.484848484848484,0.02,57.6,50.34722222222222,0.005268900692196115
2465,246,5,15175484013958053064,False,False,False,False,True,False,False,True,4.691129135816934,56.56565656565657,0.019999999999999997,57.0,54.3859649122807,-0.05719762350905527
2466,246,6,9444258414924885155,False,False,False,False,True,False,False,True,4.592465211715816,52.525252525252526,0.019999999999999997,54.2,41.69741697416974,0.010999122092579477
2467,246,7,1147384029602383358,False,False,False,False,True,False,False,True,5.232595742128038,48.484848484848484,0.019999999999999997,55.2,51.81159420289855,-0.031668032769301274
2468,246,8,10355899606509974905,False,False,False,False,True,False,False,True,4.505493326926274,50.505050505050505,0.019999999999999997,57.0,49.12280701754386,0.062181777080690746
2469,246,9,7811166154220498281,False,False,False,False,True,False,False,True,5.540318077976609,49.494949494949495,0.020000000000000004,54.0,51.48148148148148,-0.03909107816480504
2470,247,0,14006224646086712568,False,False,False,False,True,False,False,False,5.04431645141359,58.58585858585859,0.019999999999999997,53.2,44.73684210526316,-0.011913738699176883
2471,247,1,6623866765378940018,False,False,False,False,True,False,False,False,5.174246839355467,52.525252525252526,0.02,53.8,55.39033457249071,-0.003931762080584978
2472,247,2,3701274076710450981,False,False,False,False,True,False,False,False,4.432535412869493,50.505050505050505,0.020000000000000004,56.2,49.11032028469751,0.023376128839633466
2473,247,3,5630812103998500732,False,False,False,False,True,False,False,False,4.430518632624649,51.515151515151516,0.020000000000000004,56.0,48.57142857142857,0.02369909555281853
2474,247,4,16253973788333433759,False,False,False,False,True,False,False,False,4.6936056252147935,49.494949494949495,0.02,53.2,51.8796992481203,-0.013609870947852506
2475,247,5,17791556343996955102,False,False,False,False,True,False,False,False,4.609040406423452,52.525252525252526,0.020000000000000004,54.4,48.89705882352941,-0.026196376975084937
2476,247,6,15518662449260281125,False,False,False,False,True,False,False,False,4.711029083698455,49.494949494949495,0.019999999999999997,53.4,53.18352059925093,0.030081681897682656
2477,247,7,11847066880745010146,False,False,False,False,True,False,False,False,4.702195155326435,52.525252525252526,0.020000000000000004,56.6,47.34982332155477,-0.03413810061138089
2478,247,8,8055255547701638759,False,False,False,False,True,False,False,False,4.6452560832016525,55.55555555555556,0.02,55.8,53.04659498207885,-0.008341863903923876
2479,247,9,15633503157332956125,False,False,False,False,True,False,False,False,4.821532350105972,53.535353535353536,0.019999999999999997,52.6,52.09125475285171,0.028074219995633157
2480,248,0,7833451234589040875,False,False,False,False,False,True,True,True,5.098744460677427,45.45454545454545,0.019999999999999997,45.6,50.43859649122807,0.015414136749987775
2481,248,1,16257825769567766996,False,False,False,False,False,True,True,True,4.7900507350095705,51.515151515151516,0.020000000000000004,42.6,53.521126760563384,0.03534920021038617
2482,248,2,743323432400336769,False,False,False,False,False,True,True,True,5.439367525363951,50.505050505050505,0.02,43.8,55.25114155251141,-0.011322891444706369
2483,248,3,10554258577457573984,False,False,False,False,False,True,True,True,5.383911316059631,46.464646464646464,0.020000000000000004,42.2,49.28909952606635,0.03112877693933389
2484,248,4,10167337702919396999,False,False,False,False,False,True,True,True,5.405289154396803,52.525252525252526,0.020000000000000004,44.6,51.5695067264574,0.012002701653492846
2485,248,5,14186209614693305240,False,False,False,False,False,True,True,True,5.181656244132541,45.45454545454545,0.019999999999999997,40.6,53.69458128078818,0.01695002123102701
2486,248,6,13132787984338983325,False,False,False,False,False,True,True,True,5.5783839691712425,50.505050505050505,0.02,47.2,48.728813559322035,-2.25095755075706e-05
2487,248,7,7330078908662894339,False,False,False,False,False,True,True,True,4.470242930477407,50.505050505050505,0.020000000000000004,42.2,45.97156398104266,0.025685759803357706
2488,248,8,14781999804159760072,False,False,False,False,False,True,True,True,5.527885886720961,49.494949494949495,0.019999999999999997,42.6,53.990610328638496,-0.00891834654763792
2489,248,9,1193278660926448147,False,False,False,False,False,True,True,True,5.290096576496977,52.525252525252526,0.020000000000000004,42.8,55.60747663551402,-0.024578483333288034
2490,249,0,10736064124109821822,False,False,False,False,False,True,True,False,5.1863362412415475,43.43434343434343,0.02,42.2,47.39336492890995,-0.004074846201523145
2491,249,1,5562669013192923200,False,False,False,False,False,True,True,False,4.689402387922492,49.494949494949495,0.020000000000000004,42.6,49.76525821596244,-0.026503459721625863
2492,249,2,3463606398093217768,False,False,False,False,False,True,True,False,5.562883041299415,48.484848484848484,0.020000000000000004,43.6,53.211009174311926,0.02117712945546158
2493,249,3,13574746814977116945,False,False,False,False,False,True,True,False,5.216554764538335,46.464646464646464,0.020000000000000004,40.6,45.8128078817734,-0.049632168382906884
2494,249,4,15815006631284723212,False,False,False,False,False,True,True,False,5.355838814931368,53.535353535353536,0.019999999999999997,41.6,49.51923076923077,0.013577289720423994
2495,249,5,4829183148399091665,False,False,False,False,False,True,True,False,5.309970825209713,47.474747474747474,0.020000000000000004,44.8,50.0,-0.05109100230665395
2496,249,6,6067896027643675184,False,False,False,False,False,True,True,False,6.0273195070744725,48.484848484848484,0.02,41.8,52.15311004784689,-0.001957456978319047
2497,249,7,10961597020371874685,False,False,False,False,False,True,True,False,5.0487515013433475,51.515151515151516,0.020000000000000004,43.6,44.03669724770642,0.008686528324727558
2498,249,8,15858174403357409245,False,False,False,False,False,True,True,False,4.9421956016799085,57.57575757575758,0.020000000000000004,45.4,48.458149779735685,-0.025174511859647114
2499,249,9,1700428738498644508,False,False,False,False,False,True,True,False,5.678428022319387,56.56565656565657,0.020000000000000004,39.8,52.76381909547739,0.044442439992050636
2500,250,0,13783495033188323733,False,False,False,False,False,True,False,True,4.9981960019888865,39.39393939393939,0.020000000000000004,44.4,53.6036036036036,-0.043361076066714306
2501,250,1,11679648684031397148,False,False,False,False,False,True,False,True,5.545755783333979,48.484848484848484,0.02,41.2,52.9126213592233,-0.005289621429586905
2502,250,2,3962972314106064864,False,False,False,False,False,True,False,True,4.909393415851676,58.58585858585859,0.020000000000000004,43.6,47.24770642201835,0.04265378458629445
2503,250,3,3414934922326121526,False,False,False,False,False,True,False,True,5.263153266890343,53.535353535353536,0.020000000000000004,40.4,48.01980198019802,-0.026205602316645673
2504,250,4,7827952977718699739,False,False,False,False,False,True,False,True,5.383393887316422,54.54545454545455,0.02,48.6,49.794238683127574,-0.008352987532849273
2505,250,5,12369573254649773781,False,False,False,False,False,True,False,True,6.004361215037821,44.44444444444444,0.02,44.2,52.036199095022624,0.0006067931940472325
2506,250,6,2150836322354195903,False,False,False,False,False,True,False,True,6.588820033455351,50.505050505050505,0.020000000000000004,43.6,48.62385321100918,0.04879456630932197
2507,250,7,7344434878799955148,False,False,False,False,False,True,False,True,5.533384240609951,52.525252525252526,0.020000000000000004,41.6,54.32692307692308,0.02590097705685842
2508,250,8,4243652185357396339,False,False,False,False,False,True,False,True,4.824378748228768,51.515151515151516,0.020000000000000004,40.8,44.11764705882353,0.0391303446168687
2509,250,9,2243391630817853793,False,False,False,False,False,True,False,True,5.678061537893938,57.57575757575758,0.02,45.8,53.7117903930131,0.016859005941778308
2510,251,0,7750475486745058623,False,False,False,False,False,True,False,False,5.520445081355162,50.505050505050505,0.019999999999999997,43.2,46.2962962962963,0.023785074170156885
2511,251,1,3389895331125032015,False,False,False,False,False,True,False,False,5.30706065616637,48.484848484848484,0.02,40.0,48.0,0.008859354358843234
2512,251,2,8090548843985554089,False,False,False,False,False,True,False,False,6.100716863284151,50.505050505050505,0.02,40.8,47.05882352941177,0.001000395528694147
2513,251,3,4901142766242314926,False,False,False,False,False,True,False,False,5.620330304309968,42.42424242424242,0.020000000000000004,44.0,53.63636363636363,-0.03050843748532173
2514,251,4,9223854418761218433,False,False,False,False,False,True,False,False,5.218303993632567,53.535353535353536,0.020000000000000004,43.2,42.592592592592595,0.028544863057335845
2515,251,5,15112175944811801510,False,False,False,False,False,True,False,False,5.954432084419648,44.44444444444444,0.020000000000000004,45.4,52.42290748898679,0.01717082738446117
2516,251,6,16206604095340302799,False,False,False,False,False,True,False,False,5.046841406154165,60.60606060606061,0.020000000000000004,40.2,44.27860696517413,-0.01888188548059329
2517,251,7,402836457534347213,False,False,False,False,False,True,False,False,5.2584189517079425,54.54545454545455,0.020000000000000004,40.2,44.776119402985074,-0.03382871344771639
2518,251,8,12988203286373309554,False,False,False,False,False,True,False,False,6.254371776763921,49.494949494949495,0.020000000000000004,42.4,44.81132075471698,0.03395783956896499
2519,251,9,9222076514688039204,False,False,False,False,False,True,False,False,5.946592448879137,43.43434343434343,0.019999999999999997,43.8,50.68493150684932,0.015445754554517464
2520,252,0,2474524863527504515,False,False,False,False,False,False,True,True,4.612235791394711,50.505050505050505,0.02,54.8,49.63503649635037,-0.008662899695113881
2521,252,1,16058457571916976866,False,False,False,False,False,False,True,True,4.441643084870391,49.494949494949495,0.020000000000000004,56.2,53.736654804270465,0.02300058354583617
2522,252,2,3394249064030597400,False,False,False,False,False,False,True,True,4.397072660245722,54.54545454545455,0.019999999999999997,54.8,48.90510948905109,0.014855295579962128
2523,252,3,17890032298396243614,False,False,False,False,False,False,True,True,4.463907829668727,57.57575757575758,0.019999999999999997,54.0,50.74074074074074,-0.051630767769364684
2524,252,4,5430674015222660536,False,False,False,False,False,False,True,True,4.830503015078809,55.55555555555556,0.020000000000000004,57.4,54.00696864111498,0.03853746136522812
2525,252,5,14463186686531380318,False,False,False,False,False,False,True,True,5.096480500504661,40.4040404040404,0.02,55.2,52.89855072463768,-0.0008264653859544202
2526,252,6,7179999734179263584,False,False,False,False,False,False,True,True,4.623194665644846,37.37373737373738,0.019999999999999997,55.6,53.9568345323741,0.016868054148010892
2527,252,7,8923686053275231910,False,False,False,False,False,False,True,True,5.175521398539357,50.505050505050505,0.020000000000000004,53.6,50.37313432835821,0.03660640692782361
2528,252,8,6122608772233714414,False,False,False,False,False,False,True,True,5.382725404930182,47.474747474747474,0.020000000000000004,60.8,50.328947368421055,-0.007721915767948115
2529,252,9,2284265873623021815,False,False,False,False,False,False,True,True,5.201297392629974,41.41414141414141,0.019999999999999997,54.8,43.7956204379562,0.05945625757816999
2530,253,0,8759014128357211849,False,False,False,False,False,False,True,False,5.361580768430742,46.464646464646464,0.019999999999999997,54.2,50.92250922509225,-0.014981539272633257
2531,253,1,892724243870937264,False,False,False,False,False,False,True,False,4.315682903964105,46.464646464646464,0.02,59.0,50.16949152542373,-0.003690616516015614
2532,253,2,7898639441381546073,False,False,False,False,False,False,True,False,4.850877713592297,54.54545454545455,0.020000000000000004,53.8,50.185873605947954,0.01568063422403875
2533,253,3,13226776349962723388,False,False,False,False,False,False,True,False,4.70001184571402,49.494949494949495,0.019999999999999997,53.6,49.62686567164179,0.01887139510656027
2534,253,4,2286234665552868406,False,False,False,False,False,False,True,False,4.4668909241279815,49.494949494949495,0.020000000000000004,55.4,51.26353790613718,-0.01578923331891733
2535,253,5,4231158956245435391,False,False,False,False,False,False,True,False,4.400977862609318,49.494949494949495,0.02,54.8,50.0,-0.009686036086744421
2536,253,6,10455763597992922626,False,False,False,False,False,False,True,False,5.550598368943856,48.484848484848484,0.02,52.8,53.40909090909091,-0.0036612469602167945
2537,253,7,6548968700694837015,False,False,False,False,False,False,True,False,4.899865751216951,43.43434343434343,0.019999999999999997,51.8,52.12355212355212,0.00974048367761583
2538,253,8,15869272630001326259,False,False,False,False,False,False,True,False,4.687115365233994,60.60606060606061,0.020000000000000004,53.0,51.320754716981135,0.00483335702767048
2539,253,9,4736721583135122850,False,False,False,False,False,False,True,False,5.165606504137368,45.45454545454545,0.02,54.6,46.15384615384615,0.000483363252511037
2540,254,0,13146794305713901300,False,False,False,False,False,False,False,True,4.34483688542687,42.42424242424242,0.020000000000000004,51.4,44.747081712062254,0.022870324028125884
2541,254,1,5860145656001021618,False,False,False,False,False,False,False,True,4.566590906077742,43.43434343434343,0.02,55.0,52.36363636363637,0.0013379344096727474
2542,254,2,14826039795772009585,False,False,False,False,False,False,False,True,5.072444759297565,45.45454545454545,0.019999999999999997,53.4,52.80898876404494,0.018739818900600204
2543,254,3,14438215437651357760,False,False,False,False,False,False,False,True,4.7098646207220245,53.535353535353536,0.02,55.6,44.60431654676259,0.01030990344468459
2544,254,4,5851904482535701300,False,False,False,False,False,False,False,True,4.589189068969461,45.45454545454545,0.020000000000000004,56.0,47.5,-0.017300630576312568
2545,254,5,17016419935603916635,False,False,False,False,False,False,False,True,4.613844060049231,60.60606060606061,0.019999999999999997,57.6,55.208333333333336,-0.02667234144429208
2546,254,6,4204341427922198859,False,False,False,False,False,False,False,True,4.675202258885072,53.535353535353536,0.02,53.6,51.492537313432834,-0.005225585163164823
2547,254,7,9575203249575198254,False,False,False,False,False,False,False,True,4.102690393362998,40.4040404040404,0.02,57.4,47.038327526132406,0.002642545028989031
2548,254,8,5469533325609951239,False,False,False,False,False,False,False,True,4.390081623391469,57.57575757575758,0.020000000000000004,58.6,49.829351535836174,-0.016299533735891453
2549,254,9,1934880666436750676,False,False,False,False,False,False,False,True,4.7917097402783915,49.494949494949495,0.019999999999999997,57.4,49.47735191637631,0.017761107265910618
2550,255,0,18380152527253735738,False,False,False,False,False,False,False,False,4.773793683478633,46.464646464646464,0.02,54.0,46.666666666666664,0.0014540652326263692
2551,255,1,16944320594198347028,False,False,False,False,False,False,False,False,5.9646598945709,45.45454545454545,0.020000000000000004,56.6,50.88339222614841,0.032581295013611455
2552,255,2,2623107538034230064,False,False,False,False,False,False,False,False,5.366697873776156,46.464646464646464,0.02,56.6,46.64310954063604,0.004752323598820116
2553,255,3,28076499246658907,False,False,False,False,False,False,False,False,4.462538579269722,49.494949494949495,0.019999999999999997,55.6,48.56115107913669,-0.016804749933991375
2554,255,4,18088457509409852597,False,False,False,False,False,False,False,False,4.931488477427375,53.535353535353536,0.02,53.4,52.80898876404494,0.002498590910131019
2555,255,5,18078113013084502930,False,False,False,False,False,False,False,False,4.770119802207174,52.525252525252526,0.019999999999999997,55.6,49.280575539568346,-0.024653056490782446
2556,255,6,3182520150455671955,False,False,False,False,False,False,False,False,5.075499452048333,58.58585858585859,0.02,49.4,48.582995951417004,-0.011811475302053771
2557,255,7,12773387114931134722,False,False,False,False,False,False,False,False,4.711124282370623,54.54545454545455,0.020000000000000004,51.4,51.36186770428016,0.00856375493495132
2558,255,8,6897078197600900687,False,False,False,False,False,False,False,False,5.300056729992093,51.515151515151516,0.019999999999999997,52.6,51.71102661596958,0.053805520449999075
2559,255,9,13174399242235231872,False,False,False,False,False,False,False,False,4.3625439790771505,52.525252525252526,0.019999999999999997,55.6,47.48201438848921,0.00952832067396872
